#{"t_start": 1783310611.237726, "env_id": "None"}
r,l,t,is_success,final_distance,is_out_of_bounds,is_unsafe_low_altitude,altitude,terminal_reason,terminal_stop_command_accepted,terminal_yaw_error,terminal_yaw_penalty,physical_displacement,path_length,max_physical_displacement,min_altitude,motion_command_steps,motion_command_accepted_steps,motion_command_acceptance_rate,mean_action_norm,max_action_norm,mean_xy_action_norm,max_xy_action_norm,last_action_vx,last_action_vy,last_action_vz,last_action_vyaw,reset_method,reset_path,reset_service_attempted,reset_failure_class,reset_position_error,reset_yaw_error,reset_service_status,vertical_safety_penalty,low_altitude_guard_active,bounds_guard_active
10.262772,7,21.215103,True,0.3392010517355276,False,False,1.683937244903232,success,True,0.9115413472115521,9.11541347211552,1.060426114258652,1.0709065263225752,1.060426114258652,1.084522764324793,7,7,1.0,1.793711581496792,1.793711581496792,0.7071067811865477,0.7071067811865476,0.5,0.5,-0.5,1.5707963705062866,simulator_service,service_success,True,,0.0728,1.1512,service_success,0.0,False,True
16.504713,11,27.957813,True,0.29236613980432496,False,False,0.9926704842315783,success,True,0.23970100458947077,2.397010045894708,1.4470039624860018,1.7990049863248403,1.4470039624860018,0.8833821737874484,11,11,1.0,1.7227297042596774,1.793711581496792,0.6711761136273784,0.7071067811865476,0.5,-0.5,0.5,-1.5707963705062866,simulator_service,service_success,True,,0.1166,0.7136,service_success,0.0,False,False
4.015722,40,44.168196,True,0.3445401621438888,False,False,1.71861686163407,success,True,0.9211494628642192,9.211494628642193,3.358093379653337,5.99374720365152,3.7544355988291227,0.9607065897622653,40,40,1.0,1.7316876426074632,1.793711581496792,0.7035078285536791,0.7071067811865476,0.5,0.5,-0.5,1.1486433744430542,velocity,post_controller_hold,False,,0.2061,0.9212,not_attempted,0.0,False,False
0.08031972,54,52.272785,True,0.2664761565796608,False,False,1.4471641180274504,success,True,0.7646611189833222,7.646611189833222,4.440068423948125,9.023832224884536,4.440068423948125,0.9013535998632066,54,54,1.0,1.7879352466084157,1.793711581496792,0.6928760837367032,0.7071067811865476,0.5,-0.5,-0.5,1.5707963705062866,velocity,post_controller_hold,False,,0.1828,1.5591,not_attempted,0.0,False,False
10.192368,30,70.135854,True,0.3850599619686823,False,False,1.9493254273809957,success,True,0.2426576805194137,2.426576805194137,4.004532289058726,4.695728027037931,4.004532289058726,1.3192932396214927,30,30,1.0,1.7937115814967934,1.793711581496792,0.7071067811865475,0.7071067811865476,-0.5,-0.5,0.5,-1.5707963705062866,velocity,post_controller_hold,False,,0.1547,3.0928,not_attempted,0.0,False,False
10.002102,49,78.382763,True,0.2739029829150855,False,False,1.5958907793989523,success,True,0.5515377657043018,5.515377657043018,1.4072256161190986,7.779777865684175,1.7052610761091558,1.1257851288577876,49,49,1.0,1.6573891517824695,1.793711581496792,0.6964051719484198,0.7071067811865476,-0.5,-0.5,-0.5,-1.5707963705062866,velocity,post_controller_hold,False,,0.1924,2.7091,not_attempted,0.0,False,False
10.09276,17,91.234094,True,0.34688222978461236,False,False,1.5788936144964238,success,True,0.8231076773912301,8.231076773912301,1.0875923321453442,3.040473021634688,1.2372484669544368,1.5788936144964238,17,17,1.0,1.7901001333294535,1.793711581496792,0.7071067811865478,0.7071067811865476,0.5,0.5,-0.5,-1.5707963705062866,velocity,post_controller_hold,False,,0.2107,2.7614,not_attempted,0.0,False,False
10.604894,29,102.303044,True,0.3847336529250869,False,False,2.0842149006975466,success,True,0.1223553392465794,1.223553392465794,4.388686611218655,4.816566487437404,4.388686611218655,1.23441842386683,29,29,1.0,1.7839892604040108,1.793711581496792,0.7071067811865475,0.7071067811865476,-0.5,0.5,-0.5,-1.5707963705062866,velocity,post_controller_hold,False,,0.1812,2.1499,not_attempted,0.0,False,True
6.9374056,41,114.759789,True,0.3477670497374093,False,False,1.6784615856176386,success,True,0.5738165166070652,5.738165166070653,4.141415861329101,6.676919704351355,4.315926412689655,1.0519952210071395,41,41,1.0,1.7475569282768244,1.793711581496792,0.7071067811865471,0.7071067811865476,-0.5,-0.5,-0.5,0.6968458890914917,velocity,post_controller_hold,False,,0.1393,1.2882,not_attempted,0.0,False,True
5.7264752,34,132.210913,True,0.3225777930259067,False,False,1.7022620481441884,success,True,0.7607857140017136,7.607857140017136,3.5590430017556476,5.6048908743431385,3.6687744524364487,0.8857673752633,34,34,1.0,1.7241542491925537,1.793711581496792,0.7071067811865472,0.7071067811865476,-0.5,0.5,0.5,-1.5707963705062866,velocity,post_controller_hold,False,,0.1861,0.6537,not_attempted,0.0,False,False
12.641571,23,142.384018,True,0.3583790826145074,False,False,1.5352091147989264,success,True,0.5289193918166224,5.289193918166224,1.1327735439107682,3.6542587327911433,1.1939761719796216,1.0004929113442373,23,23,1.0,1.7569182688746408,1.793711581496792,0.7071067811865478,0.7071067811865476,0.5,-0.5,0.5,1.5707963705062866,velocity,post_controller_hold,False,,0.168,1.6821,not_attempted,0.0,False,False
12.804518,32,156.723767,True,0.3713672873448447,False,False,1.4056178219620732,success,True,0.284179430729023,2.8417943072902303,2.7786966947564666,5.311423293081299,2.8694734968180335,1.2598506431241738,32,32,1.0,1.7403330440907827,1.793711581496792,0.7006924411951103,0.7071067811865476,0.5,-0.5,0.5,1.5707963705062866,velocity,post_controller_hold,False,,0.1591,1.4651,not_attempted,0.0,False,False
3.821869,37,168.501147,True,0.3223108401752767,False,False,1.8182223762750063,success,True,0.544330862816323,5.44330862816323,4.298523128750627,6.162303010689918,4.298523128750627,1.1297338100621284,37,37,1.0,1.7937115814967934,1.793711581496792,0.7071067811865472,0.7071067811865476,0.5,0.5,-0.5,1.5707963705062866,velocity,post_controller_hold,False,,0.159,0.0286,not_attempted,0.0,False,True
7.2124486,33,183.721841,True,0.32963259074325457,False,False,1.9938123723241274,success,True,0.4749101511659596,4.749101511659596,3.5081526270184904,5.486288997585707,3.5081526270184904,1.3288301858650378,33,33,1.0,1.7937115814967934,1.793711581496792,0.7071067811865474,0.7071067811865476,-0.5,-0.5,-0.5,1.5707963705062866,velocity,post_controller_hold,False,,0.1764,1.9934,not_attempted,0.0,False,True
11.511873,29,201.735893,True,0.39544877873986706,False,False,1.2635494085026486,success,True,0.46828448569782355,4.682844856978235,2.1639915467774475,4.272332986027865,2.181255462586747,1.1553270247739706,29,29,1.0,1.7835500783292733,1.793711581496792,0.6959805976898743,0.7071067811865476,-0.5,-0.5,-0.5,1.5707963705062866,velocity,post_controller_hold,False,,0.1772,2.7365,not_attempted,0.0,False,False
9.502206,60,210.60187,True,0.385359160505227,False,False,1.859162250767554,success,True,0.2899396782159917,2.899396782159917,3.418900647310724,9.797163533184696,3.9039183574783256,1.140291981974157,60,60,1.0,1.7661520171149303,1.793711581496792,0.6983922502128564,0.7071067811865476,-0.5,0.5,0.5,1.5707963705062866,velocity,post_controller_hold,False,,0.1569,0.9658,not_attempted,0.0,False,False
9.482099,48,233.51432,True,0.3931193837116413,False,False,1.4188926782098064,success,True,0.14374113009912134,1.4374113009912135,3.415311994903852,7.1394789419172495,3.415311994903852,0.9783200134668945,48,48,1.0,1.774960210080405,1.793711581496792,0.7029610022068028,0.7071067811865476,0.5,-0.5,-0.17208611965179443,-0.6324108839035034,velocity,post_controller_hold,False,,0.1615,0.4143,not_attempted,0.0,False,False
3.7442205,61,245.468,True,0.2694018660826622,False,False,1.510276205934965,success,True,0.46538098582427734,4.653809858242774,3.896886462763939,9.84516446096407,3.896886462763939,0.9244948193878837,61,61,1.0,1.7838774806628328,1.793711581496792,0.7036505414630193,0.7071067811865476,-0.5,-0.5,-0.5,-1.5707963705062866,velocity,post_controller_hold,False,,0.1749,0.5728,not_attempted,0.0,False,False
7.563882,34,259.673885,True,0.3698886454773653,False,False,1.6566612041968174,success,True,0.7756490086494826,7.756490086494826,2.5282088382616053,5.1222477890914835,2.6974450211424683,1.1566141475284537,34,34,1.0,1.7462890295670257,1.793711581496792,0.6956139777178216,0.7071067811865476,0.5,0.5,-0.04981648921966553,-1.5707963705062866,velocity,post_controller_hold,False,,0.1699,0.7477,not_attempted,0.0,False,False
5.979585,45,270.829918,True,0.3272578600290921,False,False,1.8376514117637883,success,True,0.25406289268667265,2.5406289268667264,4.479751107726134,7.977017833242968,4.540122016284286,1.2171434491035376,45,45,1.0,1.7644380125439085,1.793711581496792,0.7007364248008342,0.7071067811865476,0.5,-0.5,-0.5,-1.5707963705062866,velocity,post_controller_hold,False,,0.1526,2.9079,not_attempted,0.0,False,False
12.390197,11,283.986858,True,0.3129745428725125,False,False,1.7623450433058834,success,True,0.6072387467025077,6.072387467025076,1.7915969014554032,2.162998677525909,1.7915969014554032,1.2122575807291627,11,11,1.0,1.7924708977469577,1.793711581496792,0.7071067811865478,0.7071067811865476,-0.5,0.5,0.44858312606811523,-1.5707963705062866,velocity,post_controller_hold,False,,0.1755,2.1745,not_attempted,0.0,False,False
12.06806,28,300.24076,True,0.39804108486617923,False,False,1.4955327305554993,success,True,0.30905643226214935,3.0905643226214936,2.7380772722773035,4.595299946980592,2.821033511887212,0.8380750409115646,28,28,1.0,1.738408067089462,1.793711581496792,0.6990099703407503,0.7071067811865476,-0.5,-0.5,0.5,-0.8892778158187866,velocity,post_controller_hold,False,,0.1247,0.3981,not_attempted,0.0,False,False
5.510947,28,313.599931,True,0.24848417513206658,False,False,1.1347632570047386,success,True,0.8761641466388902,8.761641466388902,3.126996600904683,4.73596692436511,3.126996600904683,1.1347632570047386,28,28,1.0,1.791575328157295,1.793711581496792,0.701052370779854,0.7071067811865476,0.5,-0.5,-0.5,1.5707963705062866,velocity,post_controller_hold,False,,0.1673,0.6736,not_attempted,0.0,False,False
14.448774,19,324.454079,True,0.32226293519660887,False,False,0.920497314468433,success,True,0.29403289768087,2.9403289768086998,2.3566745554247515,3.21955433873827,2.3566745554247515,0.9192949475158447,19,19,1.0,1.7937115814967932,1.793711581496792,0.7071067811865478,0.7071067811865476,0.5,-0.5,0.5,-1.5707963705062866,velocity,post_controller_hold,False,,0.1993,1.7733,not_attempted,0.0,False,False
9.169802,23,336.016697,True,0.37626424037046646,False,False,1.7113302306405842,success,True,0.6672723655580055,6.6727236555800555,2.491462412181732,3.7739150731254005,2.491462412181732,1.1330597446141228,23,23,1.0,1.7925821522505427,1.793711581496792,0.7061684506124466,0.7071067811865476,0.5,0.5,-0.5,1.5707963705062866,velocity,post_controller_hold,False,,0.1911,0.9567,not_attempted,0.0,False,True
10.367174,11,346.429788,True,0.39838880923526415,False,False,1.5093389235866674,success,True,0.8744104196100339,8.744104196100338,1.0341119100177492,1.5407781750961105,1.0341119100177492,1.1868697226889948,11,11,1.0,1.7937115814967926,1.793711581496792,0.7071067811865478,0.7071067811865476,-0.5,-0.5,-0.5,-1.5707963705062866,velocity,post_controller_hold,False,,0.2,0.3189,not_attempted,0.0,False,False
8.157228,34,366.843231,True,0.29797243408579677,False,False,1.089467416614539,success,True,0.3829445303370624,3.829445303370624,3.379937122453006,5.228327519757516,3.379937122453006,1.089467416614539,34,34,1.0,1.7883919803080683,1.793711581496792,0.6970827377947169,0.7071067811865476,0.5,0.5,0.28401803970336914,-1.5707963705062866,velocity,post_controller_hold,False,,0.1783,0.9665,not_attempted,0.0,False,False
6.4726543,45,388.26299,True,0.3540393818310162,False,False,1.599383819685659,success,True,0.8276001611723274,8.276001611723274,1.4686392022029433,6.741558410405593,1.6747583028007615,1.1897979532094347,45,45,1.0,1.7896755850438493,1.793711581496792,0.6955386932170025,0.7071067811865476,0.5,-0.5,0.5,-1.5707963705062866,velocity,post_controller_hold,False,,0.1506,0.7645,not_attempted,0.0,False,False
1.5061698,96,395.970785,True,0.35903954100737023,False,False,1.697843364143595,success,True,0.622433410111004,6.224334101110039,3.1996165720879834,16.516225472301564,3.8972418136516875,0.835312126127679,96,96,1.0,1.7763334753588325,1.793711581496792,0.7000017803856821,0.7071067811865476,0.5,0.5,-0.5,-1.5707963705062866,velocity,post_controller_hold,False,,0.1183,0.0036,not_attempted,0.0,False,False
16.687777,24,412.370062,True,0.38867096591842526,False,False,1.307691677320046,success,True,0.0755074832647216,0.7550748326472161,1.5252299308440063,4.3812454143109,1.5252299308440063,1.2841607467212925,24,24,1.0,1.7512621305461016,1.793711581496792,0.6989731847096975,0.7071067811865476,0.5,-0.5,-0.01839160919189453,-1.5707963705062866,velocity,post_controller_hold,False,,0.1869,2.6884,not_attempted,0.0,False,False
2.371082,32,420.982834,True,0.35186863611711444,False,False,1.7437684441467416,success,True,0.9545351416596273,9.545351416596272,3.5941647355169324,5.596091483265287,3.5941647355169324,1.1876939205644452,32,32,1.0,1.7937115814967934,1.793711581496792,0.7071067811865474,0.7071067811865476,0.5,0.5,-0.5,1.5707963705062866,velocity,post_controller_hold,False,,0.1595,1.542,not_attempted,0.0,False,False
16.472616,13,434.699811,True,0.36110758156107103,False,False,1.2540023368508213,success,True,0.1929219975849313,1.9292199758493132,1.3046277105819695,1.8983305495542946,1.3046277105819695,1.2540023368508213,13,13,1.0,1.702818526198139,1.793711581496792,0.7071067811865478,0.7071067811865476,-0.5,-0.5,0.5,1.5707963705062866,velocity,post_controller_hold,False,,0.1143,2.6418,not_attempted,0.0,True,False
16.851559,18,450.010749,True,0.3366382359823204,False,False,1.7128899120025864,success,True,0.05580227321809568,0.5580227321809568,1.7864039343136442,2.5155532258734463,1.7864039343136442,0.947575626957942,18,18,1.0,1.7901175614895521,1.793711581496792,0.6968029614587419,0.7071067811865476,-0.5,0.5,-0.5,1.5707963705062866,velocity,post_controller_hold,False,,0.1776,2.1531,not_attempted,0.0,False,True
8.622378,43,462.183969,True,0.3768844348329438,False,False,1.4509723834861885,success,True,0.2636415465119389,2.6364154651193887,3.970567089411284,8.047927133256348,4.4254398059010605,1.16899764940561,43,43,1.0,1.7904733552038261,1.793711581496792,0.707106781186547,0.7071067811865476,0.5,-0.5,-0.5,-1.5707963705062866,velocity,post_controller_hold,False,,0.1371,1.6146,not_attempted,0.0,False,False
10.128689,30,481.094946,True,0.39457260006604516,False,False,1.0779911052564453,success,True,0.16418440414953356,1.6418440414953355,4.035255925172763,4.773119660505051,4.035255925172763,1.073190684292416,30,30,1.0,1.7919394046203265,1.793711581496792,0.7021585283843235,0.7071067811865476,0.5,0.5,0.5,1.5707963705062866,velocity,post_controller_hold,False,,0.1637,0.1127,not_attempted,0.0,False,False
11.295128,53,493.627158,True,0.37475555467727384,False,False,1.7070501549440198,success,True,0.3472709531849289,3.472709531849289,1.781796134063618,9.064241126892407,2.1620722712806217,0.9396376066673037,53,53,1.0,1.6896463273902873,1.793711581496792,0.6975716942226583,0.7071067811865476,0.5,-0.5,-0.5,1.5707963705062866,velocity,post_controller_hold,False,,0.1764,0.0913,not_attempted,0.0,False,True
4.655494,45,510.321807,True,0.3708033675730166,False,False,1.8179853129383814,success,True,0.2742032823239538,2.742032823239538,4.741311108116249,7.366275023219717,4.741311108116249,0.8455965394844869,45,45,1.0,1.7534299153823567,1.793711581496792,0.699362416969817,0.7071067811865476,0.5,-0.15807342529296875,0.3846604824066162,1.5707963705062866,velocity,post_controller_hold,False,,0.1523,0.0571,not_attempted,0.0,False,False
8.304152,45,523.530746,True,0.32183965861683345,False,False,1.8604069760610065,success,True,0.3678140860627334,3.6781408606273343,3.700493114947854,7.45792371665932,4.320929324206829,1.0127521635835315,45,45,1.0,1.7773701579609016,1.793711581496792,0.6958487229196877,0.7071067811865476,0.5,-0.5,-0.5,-1.5707963705062866,velocity,post_controller_hold,False,,0.1376,2.6831,not_attempted,0.0,False,False
9.160239,30,534.82183,True,0.3725199693176161,False,False,1.6946542925236878,success,True,0.5116248656933181,5.116248656933181,3.2832103869520113,4.923254006033141,3.556357287614642,1.00557683897752,30,30,1.0,1.6929199782963196,1.793711581496792,0.7002265922614986,0.7071067811865476,-0.5,-0.5,0.5,1.5707963705062866,velocity,post_controller_hold,False,,0.1987,1.7265,not_attempted,0.0,False,False
7.2717247,50,556.24591,True,0.22421176207908633,False,False,1.1766996839153818,success,True,0.054602592284664436,0.5460259228466444,4.395911898522788,7.463120216373631,4.395911898522788,1.0474278102553867,50,50,1.0,1.7923143168381659,1.793711581496792,0.7030493248587776,0.7071067811865476,-0.5,-0.5,-0.5,1.5707963705062866,velocity,post_controller_hold,False,,0.2024,0.2706,not_attempted,0.0,False,False
9.247416,77,568.151816,True,0.3959067456205987,False,False,1.4142681220866171,success,True,0.10433087098838417,1.0433087098838416,2.669510639240188,12.798269598452208,3.2805764357632228,1.187272203184372,77,77,1.0,1.738566655304214,1.793711581496792,0.6945112370048974,0.7071067811865476,0.5,-0.5,0.5,0.8209156394004822,velocity,post_controller_hold,False,,0.1304,0.7132,not_attempted,0.0,False,False
6.162618,43,588.77915,True,0.38377666796582743,False,False,1.2376283176078016,success,True,0.10372221659604354,1.0372221659604355,4.288986419495002,6.502417195315925,4.288986419495002,1.044474041790663,43,43,1.0,1.6809232505023546,1.793711581496792,0.707106781186547,0.7071067811865476,0.5,-0.5,-0.14622962474822998,1.5707963705062866,velocity,post_controller_hold,False,,0.1596,0.6002,not_attempted,0.0,False,False
14.571891,17,603.693758,True,0.3739791405235464,False,False,1.1647541193451245,success,True,0.3048960068686067,3.0489600686860667,1.8430133512418065,2.4575700336008937,1.8430133512418065,1.0532643540220634,17,17,1.0,1.793711581496793,1.793711581496792,0.7071067811865478,0.7071067811865476,-0.5,0.5,0.5,1.5707963705062866,velocity,post_controller_hold,False,,0.1738,1.8469,not_attempted,0.0,False,False
11.7773075,85,614.36492,True,0.24161861817267113,False,False,1.3544715772046594,success,True,0.003134282352771547,0.031342823527715474,1.4495815375521497,13.663802495416105,2.4056466185298198,1.142842229870133,85,85,1.0,1.7868483150969365,1.793711581496792,0.704080342286723,0.7071067811865476,-0.5,-0.5,-0.5,-1.5707963705062866,velocity,post_controller_hold,False,,0.1347,2.1299,not_attempted,0.0,False,False
5.2078543,37,632.09482,True,0.34764101572097356,False,False,1.575108306950869,success,True,0.6969347593512475,6.969347593512475,3.5657868383726123,6.207734708820334,3.5657868383726123,0.7889933003495487,37,37,1.0,1.7350989873812614,1.793711581496792,0.7071067811865472,0.7071067811865476,0.5,0.5,0.5,1.5441874265670776,velocity,post_controller_hold,False,,0.1781,0.417,not_attempted,0.0,False,False
6.168623,34,642.282966,True,0.38260327611839545,False,False,1.464294504234031,success,True,0.7931211958948757,7.931211958948757,2.620771840371684,5.733742707966048,2.8091941281101787,0.9318591941348194,34,34,1.0,1.791379585535114,1.793711581496792,0.701396506404926,0.7071067811865476,-0.5,-0.5,-0.5,-1.5707963705062866,velocity,post_controller_hold,False,,0.1438,2.8499,not_attempted,0.0,False,False
16.641897,11,654.818021,True,0.38612950682882696,False,False,1.6129649811687758,success,True,0.1937141399201095,1.9371413992010948,1.5732172335311594,2.0948681070211777,1.5732172335311594,1.3344517963835512,11,11,1.0,1.7937115814967926,1.793711581496792,0.7071067811865478,0.7071067811865476,-0.5,-0.5,0.5,-1.5707963705062866,velocity,post_controller_hold,False,,0.1709,3.1238,not_attempted,0.0,False,False
10.454271,32,668.499743,True,0.3737585248053274,False,False,1.5554442503036747,success,True,0.15608965788561785,1.5608965788561786,3.784395026817769,5.538931673358222,3.784395026817769,1.428315981203047,32,32,1.0,1.7895830642922081,1.793711581496792,0.7071067811865474,0.7071067811865476,-0.5,-0.5,-0.5,1.5707963705062866,velocity,post_controller_hold,False,,0.1257,0.3867,not_attempted,0.0,False,False
6.3350573,40,679.435397,True,0.30125071166641915,False,False,1.7196614336858798,success,True,0.19821891915807988,1.9821891915807988,4.276400035518975,6.421654222749684,4.276400035518975,1.6357669357085103,40,40,1.0,1.7937115814967934,1.793711581496792,0.7071067811865471,0.7071067811865476,-0.5,0.5,-0.5,1.5707963705062866,velocity,post_controller_hold,False,,0.1792,0.8754,not_attempted,0.0,False,False
12.0056715,29,697.623912,True,0.3544892673180832,False,False,1.5861680541668057,success,True,0.2332444119160957,2.3324441191609573,3.1014614693509386,4.760751276958028,3.1014614693509386,1.0457899004909388,29,29,1.0,1.7188791972579973,1.793711581496792,0.7014097080373721,0.7071067811865476,-0.5,0.5,0.5,1.5707963705062866,velocity,post_controller_hold,False,,0.1253,0.3171,not_attempted,0.0,False,False
12.258381,35,709.853392,True,0.39002111761785435,False,False,1.485092604694017,success,True,0.3776835984139808,3.776835984139808,1.7177835638212007,5.828183448653406,1.986716940814265,1.0589067483666692,35,35,1.0,1.7607785148187654,1.793711581496792,0.7071067811865472,0.7071067811865476,-0.5,-0.5,0.5,1.5707963705062866,velocity,post_controller_hold,False,,0.0966,0.473,not_attempted,0.0,False,False
4.5646176,39,723.038925,True,0.3554829845270214,False,False,1.7256910299549388,success,True,0.430109375949379,4.3010937594937895,4.240855512975298,6.562812701439529,4.240855512975298,1.1269332703334007,39,39,1.0,1.7937115814967934,1.793711581496792,0.7071067811865471,0.7071067811865476,-0.5,-0.5,0.5,-1.5707963705062866,velocity,post_controller_hold,False,,0.1074,1.2872,not_attempted,0.0,False,False
2.1165025,71,748.455772,True,0.29106537050217973,False,False,1.278017849647509,success,True,0.9741445793453715,9.741445793453714,2.2308661060678823,10.711243548011042,2.5373465017162538,1.2061806580784729,71,71,1.0,1.7081438715406572,1.793711581496792,0.6914181031972257,0.7071067811865476,0.35613298416137695,-0.5,0.5,0.16056561470031738,velocity,post_controller_hold,False,,0.1769,2.8018,not_attempted,0.0,True,False
2.1752374,99,759.669356,True,0.16866492314217688,False,False,1.9458213922952776,success,True,0.43577476093591044,4.357747609359104,2.2237857639827374,16.653540925894223,2.973718808033969,0.9155923039097952,99,99,1.0,1.7796905032294439,1.793711581496792,0.7071067811865472,0.7071067811865476,0.5,0.5,-0.5,1.5707963705062866,velocity,post_controller_hold,False,,0.1395,0.7023,not_attempted,0.0,False,False
10.977576,31,776.573824,True,0.29537888869773476,False,False,1.147522075175568,success,True,0.16442967589858914,1.6442967589858914,3.6814214048570557,5.461639673704028,3.6814214048570557,0.8504953062758093,31,31,1.0,1.7937115814967934,1.793711581496792,0.7071067811865474,0.7071067811865476,0.5,-0.5,-0.5,-1.5707963705062866,velocity,post_controller_hold,False,,0.1564,2.0404,not_attempted,0.0,False,False
17.97576,13,787.194719,True,0.2921248785988211,False,False,1.5195157346809598,success,True,0.06428164526832288,0.6428164526832287,1.379022792315528,1.8074929627538376,1.391220582122769,1.2852661533612735,13,13,1.0,1.7937115814967928,1.793711581496792,0.7071067811865478,0.7071067811865476,0.5,-0.5,0.5,-1.5707963705062866,velocity,post_controller_hold,False,,0.121,2.095,not_attempted,0.0,False,False
9.230033,46,798.788841,True,0.3010442787732277,False,False,1.4484147609536078,success,True,0.13419850840058675,1.3419850840058676,2.9055944885306606,7.683489984420824,2.9055944885306606,0.9266687870544356,46,46,1.0,1.7724536931851116,1.793711581496792,0.702161495722587,0.7071067811865476,0.5,0.5,0.5,-1.5707963705062866,velocity,post_controller_hold,False,,0.1025,2.5328,not_attempted,0.0,False,False
11.849858,12,812.205817,True,0.37705882365792914,False,False,1.8167748813577547,success,True,0.7227162646655925,7.227162646655925,1.3678069603016072,1.6701440391050935,1.3744622457479987,1.6465655944614699,12,12,1.0,1.7877930524020058,1.793711581496792,0.7071067811865478,0.7071067811865476,0.5,0.5,0.016029775142669678,1.5707963705062866,velocity,post_controller_hold,False,,0.1397,1.741,not_attempted,0.0,False,False
12.622424,24,822.610771,True,0.12019633287712458,False,False,1.3124024947402897,success,True,0.22234034133797684,2.2234034133797684,2.9308440645168616,4.671407864388432,2.9308440645168616,1.1319166763561317,24,24,1.0,1.792460602019615,1.793711581496792,0.70377117109234,0.7071067811865476,0.37841033935546875,-0.5,-0.5,1.5707963705062866,velocity,post_controller_hold,False,,0.1922,1.3972,not_attempted,0.0,False,False
6.7772546,30,835.924979,True,0.291845380437514,False,False,1.7094298295837806,success,True,0.9626422970099521,9.62642297009952,2.001179412427645,4.939411722051142,2.505720962046548,1.3094196456111573,30,30,1.0,1.6933689159887,1.793711581496792,0.6963354635529714,0.7071067811865476,0.3458709716796875,0.5,0.5,1.5707963705062866,velocity,post_controller_hold,False,,0.1722,1.9912,not_attempted,0.0,False,False
1.5429963,111,864.134837,True,0.3913900602779759,False,False,1.107437053442144,success,True,0.6973653790475709,6.9736537904757085,1.5149258601032138,16.968591956281497,2.1679989358687504,1.0547581439931997,111,111,1.0,1.7243008776171491,1.793711581496792,0.6949034575762467,0.7071067811865476,-0.5,-0.5,0.5,-1.5707963705062866,velocity,post_controller_hold,False,,0.1237,2.7052,not_attempted,0.0,True,False
-3.5710464,91,878.24301,True,0.3269797225160497,False,False,1.1375750374192637,success,True,0.8319629771724677,8.319629771724678,3.3104306351438244,14.248286789035657,4.171672700947488,1.1375750374192637,91,91,1.0,1.7686806940407416,1.793711581496792,0.7009565944981214,0.7071067811865476,-0.5,0.5,0.5,-1.5707963705062866,velocity,post_controller_hold,False,,0.1675,1.744,not_attempted,0.0,True,False
9.084518,32,892.452037,True,0.31765309243475853,False,False,1.6678911534142198,success,True,0.40382743067913446,4.038274306791345,4.219805020475432,5.418820247676919,4.219805020475432,1.0305724202998408,32,32,1.0,1.6938370420311653,1.793711581496792,0.7071067811865474,0.7071067811865476,-0.5,-0.5,0.5,1.5707963705062866,velocity,post_controller_hold,False,,0.1191,3.0004,not_attempted,0.0,False,False
1.9941416,42,905.359983,True,0.38910800346639934,False,False,1.8339220814761574,success,True,0.8190753064347606,8.190753064347605,3.9668786102660833,6.874772119745001,4.198507547964107,0.9298542739363062,42,42,1.0,1.7114153010931843,1.793711581496792,0.6924590920521917,0.7071067811865476,-0.5,-0.5,0.5,1.5707963705062866,velocity,post_controller_hold,False,,0.1128,1.2142,not_attempted,0.0,False,False
12.12321,30,916.468165,True,0.38402520136718626,False,False,1.8220203749850545,success,True,0.05920867295035408,0.5920867295035408,3.2905572787174355,5.104829988014035,3.2905572787174355,1.152257660916437,30,30,1.0,1.7937115814967934,1.793711581496792,0.7071067811865475,0.7071067811865476,0.5,0.5,0.5,1.5707963705062866,velocity,post_controller_hold,False,,0.1267,1.1935,not_attempted,0.0,False,False
4.986274,34,934.29,True,0.32669534782213244,False,False,1.1510581026117788,success,True,0.6483630257910494,6.4836302579104945,3.3748282765498088,5.233381773701399,3.3748282765498088,1.0504933335173219,34,34,1.0,1.7937115814967934,1.793711581496792,0.7071067811865472,0.7071067811865476,-0.5,0.5,-0.5,1.5707963705062866,velocity,post_controller_hold,False,,0.1714,0.8669,not_attempted,0.0,False,False
13.075809,52,949.3792,True,0.34794822413776344,False,False,1.280612107233078,success,True,0.06074531462562031,0.6074531462562031,2.225268366423198,8.935873522408325,2.683979420951126,0.9098008640939123,52,52,1.0,1.7853499816154714,1.793711581496792,0.7071067811865469,0.7071067811865476,-0.5,-0.5,-0.5,-1.5707963705062866,velocity,post_controller_hold,False,,0.1363,3.0635,not_attempted,0.0,False,False
8.884643,31,967.898722,True,0.3526686858596478,False,False,1.304352353820537,success,True,0.740025034860841,7.40025034860841,1.7072299064071281,4.386332917425628,1.7072299064071281,1.2366171341166163,31,31,1.0,1.770883339459927,1.793711581496792,0.6952931302650416,0.7071067811865476,0.5,-0.5,0.5,1.5707963705062866,velocity,post_controller_hold,False,,0.1017,2.435,not_attempted,0.0,False,False
11.430001,39,976.306748,True,0.15959144452579346,False,False,1.5558021037551508,success,True,0.5303109028473928,5.303109028473928,1.1936015269025801,6.613220239834049,1.8801422503339382,0.9024088053594139,39,39,1.0,1.7647579745605855,1.793711581496792,0.6921970136516439,0.7071067811865476,0.5,0.5,0.5,1.5707963705062866,velocity,post_controller_hold,False,,0.1232,1.8896,not_attempted,0.0,False,False
14.929174,8,988.911836,True,0.35534480178197436,False,False,1.996877830852223,success,True,0.4337065018522027,4.337065018522027,1.2079804539097336,1.5254622785259428,1.2079804539097336,1.922373619544846,8,8,1.0,1.6868041296323744,1.793711581496792,0.7071067811865477,0.7071067811865476,0.5,0.5,-0.5,-0.361513614654541,velocity,post_controller_hold,False,,0.1235,0.3439,not_attempted,0.0,False,False
3.1469731,47,1017.524765,True,0.31099184605004315,False,False,1.1861685362003211,success,True,0.49169271724937536,4.916927172493754,4.726119604426807,7.141944426912343,4.821384176521656,0.8716277813844334,47,47,1.0,1.735074461960199,1.793711581496792,0.6990449447273204,0.7071067811865476,-0.5,0.5,0.5,-1.5707963705062866,velocity,post_controller_hold,False,,0.1953,1.5273,not_attempted,0.0,True,False
-0.19553247,54,1017.524849,True,0.35728498158828437,False,False,1.1478486881154462,success,True,0.8946335698260901,8.946335698260901,4.996304652265472,8.706451606253857,5.487152495857843,1.1478486881154462,54,54,1.0,1.7662602206855256,1.793711581496792,0.690688477790191,0.7071067811865476,0.5,-0.5,0.5,-1.5707963705062866,velocity,post_controller_hold,False,,0.1956,0.9895,not_attempted,0.0,True,False
13.140837,27,1031.14291,True,0.31313333885314637,False,False,1.549989487957976,success,True,0.23550925819569524,2.3550925819569524,2.892023639127027,4.3976199015063075,2.892023639127027,1.1549597704342085,27,27,1.0,1.727813879312126,1.793711581496792,0.7071067811865476,0.7071067811865476,0.5,-0.5,-0.5,-1.5707963705062866,velocity,post_controller_hold,False,,0.1465,1.6787,not_attempted,0.0,False,False
7.8169465,30,1047.560898,True,0.3240771342136203,False,False,1.667237138504598,success,True,0.3777529085232777,3.7775290852327768,4.1588326622270255,4.772337184000768,4.1588326622270255,0.8712861567545221,30,30,1.0,1.7765600877408871,1.793711581496792,0.7071067811865475,0.7071067811865476,-0.5,0.5,-0.18003393709659576,-1.0506452322006226,velocity,post_controller_hold,False,,0.1405,2.0115,not_attempted,0.0,False,False
18.776165,8,1061.981309,True,0.34430001354212436,False,False,1.2517117649360068,success,True,0.03879893907958367,0.3879893907958367,1.146144861548126,1.1558777101274726,1.146144861548126,1.2517117649360068,8,8,1.0,1.793711581496792,1.793711581496792,0.7071067811865477,0.7071067811865476,-0.5,-0.5,0.5,-1.5707963705062866,velocity,post_controller_hold,False,,0.117,2.3502,not_attempted,0.0,False,False
-0.12559757,78,1073.646867,True,0.3912607205817473,False,False,2.123579055660521,success,True,0.7004017909532558,7.004017909532559,3.909221111569335,13.012982152651734,5.086095237326897,0.8872305140188327,78,78,1.0,1.7591148089039472,1.793711581496792,0.7008508192637942,0.7071067811865476,0.5,0.5,-0.5,1.5707963705062866,velocity,post_controller_hold,False,,0.1756,1.692,not_attempted,0.0,False,True
5.6310534,36,1087.598833,True,0.2720179896929363,False,False,1.3969883784905663,success,True,0.44738664354763574,4.473866435476357,4.613349795076387,6.034981967101832,4.613349795076387,1.1035799224680265,36,36,1.0,1.7438027667242408,1.793711581496792,0.7008613987746434,0.7071067811865476,0.5,0.5,0.5,-1.5707963705062866,velocity,post_controller_hold,False,,0.1414,1.0953,not_attempted,0.0,True,False
12.697574,15,1098.216148,True,0.34203898714381903,False,False,1.339859537949159,success,True,0.5941405874933224,5.941405874933224,1.0759322073789925,2.1441867071489296,1.1869438413289197,1.1313420433455077,15,15,1.0,1.7896188551923242,1.793711581496792,0.6954649190493367,0.7071067811865476,-0.1831221580505371,0.5,0.5,-1.5707963705062866,velocity,post_controller_hold,False,,0.0608,2.8223,not_attempted,0.0,False,False
1.1103338,45,1111.272215,True,0.3920804771959242,False,False,1.024480737561645,success,True,0.4319889946545549,4.319889946545549,5.333342487885212,7.881743265509813,5.4522342652569185,0.7972773605359671,45,45,1.0,1.7937115814967937,1.793711581496792,0.707106781186547,0.7071067811865476,0.5,-0.5,0.5,1.5707963705062866,velocity,post_controller_hold,False,,0.1425,2.9255,not_attempted,0.0,True,False
9.100155,14,1128.13391,True,0.2823724587548074,False,False,1.0376293589170906,success,True,0.9166697237209789,9.166697237209789,1.675984983828133,2.337862183402168,1.675984983828133,0.8785715065485772,14,14,1.0,1.7937115814967928,1.793711581496792,0.7071067811865478,0.7071067811865476,0.5,-0.5,0.5,1.5707963705062866,velocity,post_controller_hold,False,,0.2171,0.7783,not_attempted,0.0,True,False
6.8446126,35,1143.385931,True,0.38246686826871196,False,False,1.4765227319783674,success,True,0.4996039910794367,4.996039910794367,3.560886451978458,5.854247746596405,3.639130657249354,0.7935369647044719,35,35,1.0,1.663196379698116,1.793711581496792,0.6958594137940778,0.7071067811865476,-0.5,0.5,-0.5,1.5707963705062866,velocity,post_controller_hold,False,,0.143,1.0464,not_attempted,0.0,False,False
7.3624597,29,1159.151926,True,0.3099506966737447,False,False,1.4159362502371808,success,True,0.4642999104768725,4.642999104768725,3.6542738269964032,5.396672772064291,3.6542738269964032,1.2832288880834544,29,29,1.0,1.7912635743295136,1.793711581496792,0.7071067811865475,0.7071067811865476,0.5,0.5,-0.5,1.5707963705062866,velocity,post_controller_hold,False,,0.141,0.7005,not_attempted,0.0,False,False
9.772087,20,1172.509884,True,0.3716408058432516,False,False,1.7407403803862729,success,True,0.6418188862307346,6.418188862307346,3.06344199654508,3.566298100685111,3.06344199654508,0.9483774408955051,20,20,1.0,1.7937115814967932,1.793711581496792,0.7071067811865478,0.7071067811865476,0.5,0.5,0.5,-1.5707963705062866,velocity,post_controller_hold,False,,0.083,0.1177,not_attempted,0.0,False,False
10.569699,25,1185.665849,True,0.35985352217608135,False,False,1.2007366546679517,success,True,0.4172767820022222,4.172767820022222,2.467028919451173,4.158218497974871,2.467028919451173,0.9211280355797397,25,25,1.0,1.7911131820414152,1.793711581496792,0.700146977924697,0.7071067811865476,0.5,0.5,-0.5,1.5707963705062866,velocity,post_controller_hold,False,,0.2344,2.7223,not_attempted,0.0,False,False
14.396513,26,1198.828751,True,0.3516724897656701,False,False,1.5126523645010104,success,True,0.28145050846405667,2.8145050846405666,1.8547391058734695,4.311956952986254,2.223382002198361,1.120876108816104,26,26,1.0,1.7667063611838738,1.793711581496792,0.6885637259366107,0.7071067811865476,0.5,-0.5,0.5,1.5707963705062866,velocity,post_controller_hold,False,,0.2204,2.2667,not_attempted,0.0,False,False
11.103237,34,1215.38676,True,0.39874290515482314,False,False,1.7447543377656294,success,True,0.3904013070462995,3.904013070462995,2.244978226136967,5.584109823754664,2.3244998113121507,0.9486434750661953,34,34,1.0,1.7704880319929739,1.793711581496792,0.7071067811865472,0.7071067811865476,0.5,-0.5,0.5,1.5707963705062866,velocity,post_controller_hold,False,,0.0959,2.4187,not_attempted,0.0,False,False
5.000705,48,1230.350989,True,0.18004245204802594,False,False,1.7043736764616122,success,True,0.8288193673104217,8.288193673104217,2.971724580960355,7.69697232284091,4.024384974010228,1.1459531863009522,48,48,1.0,1.7896117834314527,1.793711581496792,0.6955266555138366,0.7071067811865476,-0.5,-0.5,-0.5,-1.5707963705062866,velocity,post_controller_hold,False,,0.1246,2.6919,not_attempted,0.0,False,False
10.658835,47,1241.905758,True,0.3518888383637484,False,False,1.5577784004462676,success,True,0.30488911964927035,3.0488911964927032,2.5518546419116124,7.660845720415505,3.3163855786887595,0.8631567170659226,47,47,1.0,1.6889613860124757,1.793711581496792,0.7027672937946811,0.7071067811865476,0.5,0.5,-0.5,1.5707963705062866,velocity,post_controller_hold,False,,0.1587,2.4994,not_attempted,0.0,False,False
-2.4136956,50,1267.666705,True,0.2726816887119453,False,False,1.3911584853061376,success,True,0.9036959842087315,9.036959842087315,4.579078345572159,7.992170876827723,4.579078345572159,0.918832819940112,50,50,1.0,1.7919002893868288,1.793711581496792,0.702127136130459,0.7071067811865476,0.5,0.5,-0.5,1.5707963705062866,velocity,post_controller_hold,False,,0.1569,2.9341,not_attempted,0.0,False,False
11.40386,27,1288.592975,True,0.3980234533116132,False,False,1.8626247502998772,success,True,0.3180431040426185,3.1804310404261846,2.7563361099988755,4.077755379285079,2.7563361099988755,1.0416387513165455,27,27,1.0,1.7916291966999205,1.793711581496792,0.7071067811865476,0.7071067811865476,0.5,-0.5,-0.5,-1.5707963705062866,velocity,post_controller_hold,False,,0.1599,0.3974,not_attempted,0.0,False,False
1.5847039,65,1296.528744,True,0.25590016368025,False,False,1.6080018098605455,success,True,0.7320386290641031,7.320386290641031,3.418723329308754,11.099476975871452,3.418723329308754,0.8107351875079631,65,65,1.0,1.6932055205902117,1.793711581496792,0.7071067811865468,0.7071067811865476,0.5,0.5,-0.5,1.5707963705062866,velocity,post_controller_hold,False,,0.1032,0.477,not_attempted,0.0,False,False
8.832452,44,1316.607886,True,0.37951940468101664,False,False,1.8048500918282542,success,True,0.5019313796944482,5.019313796944482,3.1222489484488816,7.00475909477114,3.8237228428923666,1.0672749955606853,44,44,1.0,1.7679507783838806,1.793711581496792,0.707106781186547,0.7071067811865476,-0.5,0.5,0.5,-1.5707963705062866,velocity,post_controller_hold,False,,0.1589,0.1857,not_attempted,0.0,False,False
3.8843493,59,1330.646848,True,0.37423170118675697,False,False,1.6828049754300833,success,True,0.995978997865252,9.95978997865252,1.9199456263484904,8.718448120042305,2.353216750894033,1.1897467749184638,59,59,1.0,1.7879110119690758,1.793711581496792,0.7017598517209993,0.7071067811865476,0.5,-0.5,-0.5,-1.5707963705062866,velocity,post_controller_hold,False,,0.1343,0.1983,not_attempted,0.0,False,False
4.4187346,28,1344.86983,True,0.35349369057116875,False,False,1.4131826575513655,success,True,0.9357450192536602,9.357450192536602,2.710280886899629,4.369737692588964,2.710280886899629,1.3312617422519843,28,28,1.0,1.601655574689722,1.793711581496792,0.7071067811865476,0.7071067811865476,-0.5,0.5,-0.5,1.5707963705062866,velocity,post_controller_hold,False,,0.0591,1.0728,not_attempted,0.0,False,False
-0.24654952,65,1366.22487,True,0.2916470356909898,False,False,1.2698503564396055,success,True,0.4810969870266921,4.810969870266922,4.625688063046575,11.072092061122236,5.58184761347114,1.209219507472945,65,65,1.0,1.7760546898976823,1.793711581496792,0.696832454532178,0.7071067811865476,0.5,-0.5,-0.5,1.5707963705062866,velocity,post_controller_hold,False,,0.1194,1.2217,not_attempted,0.0,False,False
8.87533,47,1383.486021,True,0.19815346721933425,False,False,1.1620289320686537,success,True,0.048231105483068186,0.4823110548306819,3.843347477510505,7.613794269146118,3.843347477510505,0.8425863852080412,47,47,1.0,1.7763377935754714,1.793711581496792,0.707106781186547,0.7071067811865476,-0.5,0.5,0.5,-1.5707963705062866,velocity,post_controller_hold,False,,0.1585,0.9143,not_attempted,0.0,True,False
9.270903,66,1404.24187,True,0.3128903050981386,False,False,1.933719324669428,success,True,0.12621524853275018,1.2621524853275017,2.6353152623331786,10.475294790537824,3.777709873822878,0.7945924357932957,66,66,1.0,1.7628755942248198,1.793711581496792,0.7018962837094016,0.7071067811865476,0.5,-0.5,-0.5,-1.5707963705062866,velocity,post_controller_hold,False,,0.143,2.3463,not_attempted,0.0,False,True
5.02731,30,1421.366273,True,0.3520323149890575,False,False,1.29986954241546,success,True,0.9689224642046455,9.689224642046455,2.846955929704636,4.527861648661648,2.84846601006897,1.29986954241546,30,30,1.0,1.7937115814967934,1.793711581496792,0.7071067811865475,0.7071067811865476,-0.5,-0.5,0.5,1.5707963705062866,velocity,post_controller_hold,False,,0.1322,0.071,not_attempted,0.0,True,False
4.1621566,81,1435.004814,True,0.2926396479768165,False,False,1.5673495093619625,success,True,0.6406525389075483,6.406525389075482,2.1590344694670085,13.39664852252084,2.821987794487943,0.8578588834693015,81,81,1.0,1.6619932040206395,1.793711581496792,0.6993267909710531,0.7071067811865476,0.5,0.5,-0.5,-1.5707963705062866,velocity,post_controller_hold,False,,0.123,0.8759,not_attempted,0.0,False,False
6.4304514,41,1451.281797,True,0.3790863049925606,False,False,1.8690910426598915,success,True,0.45342975679660313,4.534297567966031,4.007783539699744,6.744382781060434,4.007783539699744,1.4262809212734102,41,41,1.0,1.759838055684152,1.793711581496792,0.7029521749236604,0.7071067811865476,0.5,-0.5,0.5,-1.5707963705062866,velocity,post_controller_hold,False,,0.1435,0.669,not_attempted,0.0,False,False
5.5885825,39,1462.723809,True,0.39346647477909713,False,False,1.657641791433183,success,True,0.6555825628956062,6.555825628956063,4.056314874090698,6.4915551957475195,4.126681853565179,1.3195182135390164,39,39,1.0,1.7361797081787842,1.793711581496792,0.7018816177504095,0.7071067811865476,-0.5,0.5,-0.5,-1.5707963705062866,velocity,post_controller_hold,False,,0.1654,1.3073,not_attempted,0.0,False,False
12.726094,39,1478.306827,True,0.3999747801480791,False,False,1.401060074403126,success,True,0.2368451659041307,2.368451659041307,1.4824063824621627,6.0915748001240635,1.7838761886024788,1.2112730179787985,39,39,1.0,1.787013250492102,1.793711581496792,0.6882055404968418,0.7071067811865476,-0.5,-0.5,-0.5,-1.5707963705062866,velocity,post_controller_hold,False,,0.0963,2.7556,not_attempted,0.0,False,False
5.28867,64,1497.545683,True,0.3743228729757522,False,False,1.5331855131826195,success,True,0.40269581188833303,4.02695811888333,3.5928335572701036,9.805310284962292,4.365465728206358,0.7807083752855335,64,64,1.0,1.7099764347965105,1.793711581496792,0.7022131005315181,0.7071067811865476,-0.5,-0.5,0.5,-1.5707963705062866,velocity,post_controller_hold,False,,0.1265,1.3799,not_attempted,0.0,False,False
11.238148,47,1510.81502,True,0.35987470684972506,False,False,1.5612962381100448,success,True,0.19213104981472395,1.9213104981472395,2.901555942257115,7.532066554311685,2.9689861406109843,0.9576208787908899,47,47,1.0,1.6973719627867758,1.793711581496792,0.707106781186547,0.7071067811865476,-0.5,-0.5,-0.5,-0.704473614692688,velocity,post_controller_hold,False,,0.1798,0.3646,not_attempted,0.0,False,False
14.904448,20,1526.03282,True,0.39235145933119886,False,False,1.4394743054647046,success,True,0.15896410726016505,1.5896410726016506,2.8216826967074664,3.352260429674921,2.8216826967074664,0.9832734893230575,20,20,1.0,1.7937115814967932,1.793711581496792,0.7071067811865478,0.7071067811865476,-0.5,0.5,-0.5,1.5707963705062866,velocity,post_controller_hold,False,,0.099,3.0924,not_attempted,0.0,False,False
-0.66538084,48,1538.663761,True,0.3292511870152731,False,False,1.237285552194648,success,True,0.42851113729216217,4.285111372921621,3.8250114469230394,8.580329334149813,3.8250114469230394,0.7909356672769872,48,48,1.0,1.7937115814967937,1.793711581496792,0.707106781186547,0.7071067811865476,0.5,0.5,0.5,1.5707963705062866,velocity,post_controller_hold,False,,0.19,2.8635,not_attempted,0.0,True,False
5.758301,30,1557.78284,True,0.3462478395956203,False,False,1.1648127370000243,success,True,0.5376375899877252,5.376375899877251,4.148732330783216,4.612935011192421,4.148732330783216,1.0667698244008739,30,30,1.0,1.7937115814967934,1.793711581496792,0.7071067811865475,0.7071067811865476,-0.5,-0.5,-0.5,-1.5707963705062866,velocity,post_controller_hold,False,,0.118,2.8979,not_attempted,0.0,False,False
6.717797,57,1575.856147,True,0.29343099192217154,False,False,1.3370080969376672,success,True,0.05563210495936334,0.5563210495936334,4.5202496192051305,9.271853619422778,4.680736260814088,0.9791488544466241,57,57,1.0,1.791431776150793,1.793711581496792,0.7020103470385762,0.7071067811865476,0.5,-0.5,-0.4512295722961426,1.5707963705062866,velocity,post_controller_hold,False,,0.0797,1.0353,not_attempted,0.0,False,False
9.476656,17,1591.701761,True,0.2954690578139284,False,False,1.224546750575174,success,True,0.7766956331439409,7.766956331439409,1.8348120517289401,2.8972330435138245,1.8348120517289401,1.1454531422406296,17,17,1.0,1.793711581496793,1.793711581496792,0.7071067811865478,0.7071067811865476,0.5,0.5,0.5,-1.5707963705062866,velocity,post_controller_hold,False,,0.1391,0.1648,not_attempted,0.0,True,False
13.800107,23,1611.124759,True,0.39880975468237795,False,False,1.3981375604560085,success,True,0.25767884369630245,2.5767884369630245,2.8544749009550867,3.4922949004081945,2.8544749009550867,1.0637613959313326,23,23,1.0,1.4877094288585793,1.793711581496792,0.7071067811865478,0.7071067811865476,0.5,0.5,-0.5,1.5707963705062866,velocity,post_controller_hold,False,,0.1564,0.4826,not_attempted,0.0,False,False
8.018434,35,1624.276867,True,0.3240725408310577,False,False,1.3053676432940815,success,True,0.8457741921666969,8.457741921666969,1.3768281115993046,5.86139760577433,2.314816694157635,1.0454841235904178,35,35,1.0,1.7808537481982072,1.793711581496792,0.6850226428716737,0.7071067811865476,-0.5,0.5,-0.5,1.5707963705062866,velocity,post_controller_hold,False,,0.086,2.2651,not_attempted,0.0,False,False
-2.0395486,51,1647.645934,True,0.3269911766626743,False,False,1.2621076233902702,success,True,0.6561195265210785,6.561195265210785,3.5958585846079245,8.164504350563293,3.5958585846079245,0.9902268682513563,51,51,1.0,1.7673895229079664,1.793711581496792,0.707106781186547,0.7071067811865476,0.5,0.5,-0.5,-1.5707963705062866,velocity,post_controller_hold,False,,0.1201,1.4151,not_attempted,0.0,False,False
5.060296,62,1666.097018,True,0.1553859621734553,False,False,1.7714902314840155,success,True,0.4226620677952983,4.226620677952983,4.013488371315366,9.373494163613207,4.541642028123268,0.8097783373822581,62,62,1.0,1.6845070876864607,1.793711581496792,0.6904751455614844,0.7071067811865476,-0.5,0.5,-0.5,1.5707963705062866,velocity,post_controller_hold,False,,0.0722,2.783,not_attempted,0.0,False,False
12.803891,27,1685.213757,True,0.31989440682817905,False,False,1.3724585007860077,success,True,0.48402616208039384,4.840261620803938,1.3246333641563683,3.8760627741148372,1.3246333641563683,0.9729590099919317,27,27,1.0,1.7745251938999158,1.793711581496792,0.6831035657044642,0.7071067811865476,0.5,-0.5,-0.5,1.5707963705062866,velocity,post_controller_hold,False,,0.2093,1.9299,not_attempted,0.0,False,False
13.817278,24,1702.743282,True,0.3021262635236889,False,False,1.2139501712157634,success,True,0.21241130841846,2.1241130841846,2.7303903372651095,3.7674689845545926,2.7303903372651095,1.134753391694038,24,24,1.0,1.7548033021531264,1.793711581496792,0.7071067811865478,0.7071067811865476,0.5,-0.5,-0.5,1.5707963705062866,velocity,post_controller_hold,False,,0.1478,0.1293,not_attempted,0.0,False,False
-1.0216091,85,1719.172861,True,0.36774331368792795,False,False,1.9457525426246722,success,True,0.6472860954414497,6.472860954414497,2.8170022346893253,14.3080686948362,4.3546445709801205,0.7571335102110952,85,85,1.0,1.7600225419281819,1.793711581496792,0.7071067811865467,0.7071067811865476,-0.5,0.5,-0.5,-1.5707963705062866,velocity,post_controller_hold,False,,0.1312,0.6947,not_attempted,0.0,False,True
11.725362,23,1733.655885,True,0.270942221313953,False,False,1.5637803474589018,success,True,0.5027246183241361,5.027246183241361,1.870106226237396,3.7543224224933263,2.0341080626495787,1.5637803474589018,23,23,1.0,1.7393601877188603,1.793711581496792,0.7071067811865478,0.7071067811865476,-0.5,0.5,-0.5,1.5707963705062866,velocity,post_controller_hold,False,,0.1444,2.1237,not_attempted,0.0,False,False
2.0701065,36,1752.687922,True,0.37111728049025794,False,False,1.6637841087343617,success,True,0.6647596680525856,6.647596680525856,3.904361584949109,6.014815389512068,3.904361584949109,1.039035502267255,36,36,1.0,1.785105180725186,1.793711581496792,0.7031304519660418,0.7071067811865476,-0.5,0.5,-0.5,-1.5707963705062866,velocity,post_controller_hold,False,,0.203,2.8381,not_attempted,0.0,False,True
9.592491,55,1769.074784,True,0.25005651246838845,False,False,1.828037238273095,success,True,0.3476861387789714,3.476861387789714,2.4409051532395334,8.57528909970301,2.7559414166318503,0.8202552073984815,55,55,1.0,1.779363524923779,1.793711581496792,0.6953330299347464,0.7071067811865476,-0.5,0.18222707509994507,0.5,-1.3024810552597046,velocity,post_controller_hold,False,,0.077,2.1617,not_attempted,0.0,False,False
5.691125,27,1786.502973,True,0.2399987002579186,False,False,1.3421945372723296,success,True,0.7318996260327694,7.318996260327694,3.4547277070164655,4.563253234714811,3.4547277070164655,1.3421945372723296,27,27,1.0,1.7937115814967934,1.793711581496792,0.7071067811865476,0.7071067811865476,-0.5,0.5,-0.5,-1.5707963705062866,velocity,post_controller_hold,False,,0.1739,2.8776,not_attempted,0.0,False,False
15.118201,15,1801.227046,True,0.3892864539767093,False,False,1.6788536915704761,success,True,0.32353393633666105,3.2353393633666103,0.7455841796276954,2.1494712037760917,0.7455841796276954,1.0669443529662828,15,15,1.0,1.7878452464864598,1.793711581496792,0.6910390427718137,0.7071067811865476,-0.5,0.30675411224365234,0.5,1.5707963705062866,velocity,post_controller_hold,False,,0.2116,0.3075,not_attempted,0.0,False,False
8.82112,32,1821.298841,True,0.3222693786926073,False,False,1.720050562688538,success,True,0.6941251703899382,6.941251703899382,2.2117812256336364,5.797748575405816,2.383885653941956,0.7638307614693043,32,32,1.0,1.7675985928992353,1.793711581496792,0.686253025476706,0.7071067811865476,-0.5,-0.5,0.5,-1.5707963705062866,velocity,post_controller_hold,False,,0.1827,1.1329,not_attempted,0.0,False,False
12.959943,17,1829.742974,True,0.3411446363651184,False,False,1.6130135216627928,success,True,0.4839813859699187,4.839813859699187,1.5716883251700102,3.0506281501148207,1.5716883251700102,1.0605172133885579,17,17,1.0,1.6800996575442302,1.793711581496792,0.686699292254699,0.7071067811865476,-0.5,-0.5,-0.5,-0.9572676420211792,velocity,post_controller_hold,False,,0.1053,2.1219,not_attempted,0.0,False,False
8.816464,24,1846.415876,True,0.23669167779377978,False,False,1.4996519021986379,success,True,0.797119189554679,7.97119189554679,2.464827613677166,4.02296831644763,2.5199646951928654,1.1378154237173541,24,24,1.0,1.7937115814967932,1.793711581496792,0.7071067811865478,0.7071067811865476,0.5,0.5,0.5,-1.5707963705062866,velocity,post_controller_hold,False,,0.1162,1.0743,not_attempted,0.0,False,False
3.1372843,38,1865.065913,True,0.3607810595802734,False,False,1.4133912497591288,success,True,0.6251519224465405,6.2515192244654045,4.919740715585486,6.264777065954279,4.919740715585486,1.254901633024949,38,38,1.0,1.7881769537396268,1.793711581496792,0.6989653204016516,0.7071067811865476,-0.2348760962486267,-0.5,-0.5,1.5707963705062866,velocity,post_controller_hold,False,,0.1434,1.1782,not_attempted,0.0,False,False
10.197494,25,1880.583914,True,0.2959751606187181,False,False,1.34808782202981,success,True,0.43539923560108207,4.353992356010821,3.291177645848202,3.798077986323143,3.291177645848202,1.0967767868551435,25,25,1.0,1.7852699538702728,1.793711581496792,0.6825633217707953,0.7071067811865476,-0.05083894729614258,-0.5,0.5,1.5707963705062866,velocity,post_controller_hold,False,,0.1726,2.747,not_attempted,0.0,False,False
14.069024,30,1900.904893,True,0.2873734395431528,False,False,1.2765659114369363,success,True,0.2966867731657961,2.966867731657961,1.3440512858501008,4.1765511568212785,1.4795539015143573,0.8419122738483199,30,30,1.0,1.7675824516025636,1.793711581496792,0.6816253364852455,0.7071067811865476,-0.5,-0.5,-0.5,-1.5707963705062866,velocity,post_controller_hold,False,,0.1336,2.8538,not_attempted,0.0,False,False
-7.779841,107,1920.340837,True,0.28230293604632595,False,False,1.3087023515611136,success,True,0.48967586087327447,4.896758608732744,5.2808100280200225,17.827608196702375,5.799988952949464,0.8976293490507817,107,107,1.0,1.778122811623189,1.793711581496792,0.7047274041617931,0.7071067811865476,0.5,0.5,-0.5,-1.5707963705062866,velocity,post_controller_hold,False,,0.1701,1.8006,not_attempted,0.0,False,False
7.9602513,45,1942.259868,True,0.2780605834205833,False,False,1.159341018917846,success,True,0.3778935476897394,3.7789354768973937,3.6052705489426224,7.0372485701972325,4.042589719213063,0.703451275372705,45,45,1.0,1.7478124019661985,1.793711581496792,0.6937240180711866,0.7071067811865476,0.5,-0.5,-0.5,0.07891646027565002,velocity,post_controller_hold,False,,0.2125,2.4891,not_attempted,0.0,False,False
1.2586648,106,1962.828186,True,0.3980428593834199,False,False,1.6622298980273593,success,True,0.4401765381916362,4.401765381916362,2.918746296545956,16.718462046861447,4.620486757726366,0.8283939104207354,106,106,1.0,1.6345036436091986,1.793711581496792,0.6937752687446495,0.7071067811865476,-0.5,-0.5,-0.5,1.5707963705062866,velocity,post_controller_hold,False,,0.1635,2.4657,not_attempted,0.0,False,False
8.232576,48,1976.774938,True,0.3670839998108567,False,False,1.2417247374608158,success,True,0.2984538085125503,2.9845380851255032,4.100709681664429,7.610841440218561,4.32857799300813,0.9269855119852145,48,48,1.0,1.74197696527243,1.793711581496792,0.6997020811406127,0.7071067811865476,-0.5,0.5,0.5,-1.5707963705062866,velocity,post_controller_hold,False,,0.1471,2.7868,not_attempted,0.0,False,False
7.6900992,42,1991.344783,True,0.27452475342718086,False,False,1.3661378067584664,success,True,0.5863148909808545,5.863148909808546,2.918248426632254,6.508684673335034,2.918248426632254,0.6656441782008099,42,42,1.0,1.7937115814967934,1.793711581496792,0.707106781186547,0.7071067811865476,-0.5,0.5,-0.5,-1.5707963705062866,velocity,post_controller_hold,False,,0.0778,2.1248,not_attempted,0.0,False,False
8.391423,32,2009.296942,True,0.2991710978424213,False,False,1.3264661088580196,success,True,0.7089830834129293,7.089830834129293,2.2248891265675463,5.158693919590395,2.5551770274043695,0.785537579229973,32,32,1.0,1.7937115814967934,1.793711581496792,0.7071067811865474,0.7071067811865476,-0.5,-0.5,0.5,1.5707963705062866,velocity,post_controller_hold,False,,0.1651,0.2765,not_attempted,0.0,False,False
3.517954,62,2031.410341,True,0.3182600789095289,False,False,1.9146324274798419,success,True,0.5422632342364332,5.422632342364332,3.0290786555767135,8.53791967282863,3.0290786555767135,1.1958432767487581,62,62,1.0,1.6479066228266817,1.793711581496792,0.6871213518227293,0.7071067811865476,0.5,-0.5,-0.5,-1.5707963705062866,velocity,post_controller_hold,False,,0.1533,1.7988,not_attempted,0.0,False,True
4.4110312,79,2043.97001,True,0.3809957841458059,False,False,2.001165840241026,success,True,0.5679244040498959,5.679244040498959,2.5991506863424947,12.5329584060772,3.184595891833534,0.8285675831577707,79,79,1.0,1.7733805166518353,1.793711581496792,0.6846166083087603,0.7071067811865476,0.5,0.052858710289001465,-0.5,-1.5707963705062866,velocity,post_controller_hold,False,,0.05,0.3761,not_attempted,0.0,False,True
9.53452,38,2070.286716,True,0.20754565536678854,False,False,1.0880964897260144,success,True,0.4072854282511919,4.072854282511919,2.980866974184068,5.694455341798786,3.5448572621249177,1.0646475741644874,38,38,1.0,1.7921838186583556,1.793711581496792,0.7071067811865471,0.7071067811865476,0.5,-0.5,0.5,-1.5707963705062866,velocity,post_controller_hold,False,,0.1234,2.5302,not_attempted,0.0,False,False
11.531107,56,2087.440909,True,0.3918032746223389,False,False,1.3027654449008323,success,True,0.26408061686006234,2.6408061686006237,1.6639449887351172,9.190840624581893,2.627893686114425,1.3027654449008323,56,56,1.0,1.7860524061151,1.793711581496792,0.6852878831814971,0.7071067811865476,0.5,0.5,0.5,-1.5707963705062866,velocity,post_controller_hold,False,,0.1073,1.3485,not_attempted,0.0,True,False
7.094592,25,2100.705791,True,0.3595960106826787,False,False,1.4388335189558141,success,True,0.9618702399381046,9.618702399381046,1.7262067921378252,4.1188346635245585,2.098517702656041,1.3217093849005532,25,25,1.0,1.705040937052963,1.793711581496792,0.7071067811865477,0.7071067811865476,0.5,-0.5,-0.5,-1.5707963705062866,velocity,post_controller_hold,False,,0.1836,2.2121,not_attempted,0.0,False,False
6.2580996,26,2118.752996,True,0.32170059134998397,False,False,1.8287274380650909,success,True,0.9440322542074083,9.440322542074084,2.67004287848944,4.368850625146026,3.014913089649432,1.1150904763552012,26,26,1.0,1.7580480718218967,1.793711581496792,0.7071067811865477,0.7071067811865476,-0.5,-0.5,-0.5,-1.5707963705062866,velocity,post_controller_hold,False,,0.1515,0.0327,not_attempted,0.0,False,False
4.8779635,65,2149.336757,True,0.28327630188753655,False,False,1.9596668572114058,success,True,0.18046366482303494,1.8046366482303493,4.044283110379098,10.28512418258645,5.036209463320897,0.9442708597070957,65,65,1.0,1.791582479195589,1.793711581496792,0.7009684587160186,0.7071067811865476,-0.5,0.5,0.5,-1.5707963705062866,velocity,post_controller_hold,False,,0.2048,0.2251,not_attempted,0.0,False,False
3.7209792,76,2163.682859,True,0.34687429909655504,False,False,1.7517320658040723,success,True,0.18673269324829553,1.8673269324829553,4.102937012268034,12.411563252879775,4.385723638819557,1.081102067059124,76,76,1.0,1.7844751137955621,1.793711581496792,0.7049564240998332,0.7071067811865476,0.5,0.5,0.5,1.5707963705062866,velocity,post_controller_hold,False,,0.06,0.3505,not_attempted,0.0,False,False
11.81587,25,2181.802999,True,0.1868077067878878,False,False,1.440813170342841,success,True,0.20618889160714293,2.061888916071429,3.4852472611333956,3.921813271643451,3.4852472611333956,1.440813170342841,25,25,1.0,1.7772475539896957,1.793711581496792,0.7071067811865477,0.7071067811865476,-0.5,0.5,0.5,-1.5707963705062866,velocity,post_controller_hold,False,,0.2201,1.6118,not_attempted,0.0,False,False
10.588332,20,2198.925971,True,0.2989798292321394,False,False,1.658314010398275,success,True,0.6815644271370538,6.815644271370537,2.104591167783082,2.960840085002089,2.104591167783082,1.4952855571142578,20,20,1.0,1.7937115814967932,1.793711581496792,0.7071067811865478,0.7071067811865476,0.5,0.5,-0.5,1.5707963705062866,velocity,post_controller_hold,False,,0.0431,2.6467,not_attempted,0.0,False,False
11.02225,23,2217.243823,True,0.3961898144052031,False,False,1.458233541403395,success,True,0.47216312281680267,4.721631228168027,2.271513955265881,3.523663534440154,2.271513955265881,0.6593859026825429,23,23,1.0,1.6575412204538833,1.793711581496792,0.7071067811865478,0.7071067811865476,0.5,-0.5,-0.5,1.5114905834197998,velocity,post_controller_hold,False,,0.1074,0.5726,not_attempted,0.0,False,False
3.1254938,104,2233.053926,True,0.29756332207901476,False,False,1.874471195417846,success,True,0.1661334515758336,1.661334515758336,4.070414845945081,16.79130892265129,4.576413280395509,0.8743412410164378,104,104,1.0,1.7643812192691732,1.793711581496792,0.7061862312849656,0.7071067811865476,-0.5,-0.5,-0.5,1.5707963705062866,velocity,post_controller_hold,False,,0.0825,1.4987,not_attempted,0.0,False,True
7.419489,19,2247.375824,True,0.3382010495412885,False,False,1.2590764764425353,success,True,0.9099395188483722,9.099395188483722,2.1227161423361975,2.841219098639554,2.1227161423361975,1.1798205148637795,19,19,1.0,1.7937115814967932,1.793711581496792,0.7071067811865478,0.7071067811865476,-0.5,-0.5,0.5,1.5707963705062866,velocity,post_controller_hold,False,,0.1876,0.3623,not_attempted,0.0,True,False
12.5667,38,2259.870038,True,0.3327744682753062,False,False,1.4636722188776283,success,True,0.1383169664095446,1.383169664095446,3.1947257351779252,6.357306895180976,4.462990854206241,0.8431465166691923,38,38,1.0,1.7165467382774846,1.793711581496792,0.7071067811865471,0.7071067811865476,-0.5,-0.5,-0.5,1.5707963705062866,velocity,post_controller_hold,False,,0.1558,2.7511,not_attempted,0.0,False,False
-0.81248224,71,2285.19551,True,0.275975542726838,False,False,1.2559953725284876,success,True,0.726488066716748,7.26488066716748,3.3469394546297178,10.776762709326205,3.696702302273032,0.8450665002618319,71,71,1.0,1.7211896113955167,1.793711581496792,0.6956768132116236,0.7071067811865476,-0.5,0.5,-0.5,1.5707963705062866,velocity,post_controller_hold,False,,0.1537,1.9688,not_attempted,0.0,False,False
0.67725277,85,2303.781837,True,0.35932189357625416,False,False,1.358938261797882,success,True,0.09124685510838185,0.9124685510838184,4.493683314881592,12.327752452650698,5.018977098249317,0.7854147449204231,85,85,1.0,1.714129030827964,1.793711581496792,0.705487563420308,0.7071067811865476,0.5,0.5,-0.5,1.5707963705062866,velocity,post_controller_hold,False,,0.0502,1.9221,not_attempted,0.0,False,False
3.1580143,36,2329.312135,True,0.31252436108442483,False,False,1.0349581776184444,success,True,0.9485111993536833,9.485111993536833,3.5884828684342494,5.52449978569698,3.691337635134754,0.8631947319089743,36,36,1.0,1.7937115814967934,1.793711581496792,0.7071067811865472,0.7071067811865476,0.5,-0.5,-0.5,1.5707963705062866,velocity,post_controller_hold,False,,0.1312,1.9707,not_attempted,0.0,False,False
2.8623083,51,2351.905094,True,0.36014053716414623,False,False,1.4942953073477239,success,True,0.9638948143562143,9.638948143562143,3.682742857292227,7.923049005799019,4.219731785467945,0.9270148828182111,51,51,1.0,1.7730101491758474,1.793711581496792,0.703650828997243,0.7071067811865476,0.5,0.5,0.5,-1.5707963705062866,velocity,post_controller_hold,False,,0.2019,0.4243,not_attempted,0.0,False,False
3.0565088,53,2369.043835,True,0.3378210099618396,False,False,1.2984688038705017,success,True,0.18191530292046493,1.8191530292046494,4.6922372820071185,8.483333132784246,5.030065385661631,1.0485981744361041,53,53,1.0,1.7623802459214877,1.793711581496792,0.7071067811865469,0.7071067811865476,-0.5,0.5,-0.16718566417694092,0.6326520442962646,velocity,post_controller_hold,False,,0.1635,0.7555,not_attempted,0.0,False,False
-0.95549375,55,2393.661148,True,0.11406340737705888,False,False,1.892990251928546,success,True,0.5262383599442844,5.262383599442844,4.866958439264823,7.766101322065436,4.866958439264823,1.1328312864905954,55,55,1.0,1.7916574390754567,1.793711581496792,0.7015505464137772,0.7071067811865476,-0.5,0.5,-0.5,-1.5707963705062866,velocity,post_controller_hold,False,,0.1334,0.4963,not_attempted,0.0,False,True
-1.4650578,82,2409.327863,True,0.34855302189013354,False,False,1.169680554985788,success,True,0.8210422577195315,8.210422577195315,4.060718451908224,12.63295901193243,4.545665597565829,0.8786637557133343,82,82,1.0,1.689597579356447,1.793711581496792,0.6939013522752725,0.7071067811865476,0.5,0.17335224151611328,-0.5,1.5707963705062866,velocity,post_controller_hold,False,,0.1994,2.7852,not_attempted,0.0,False,False
14.520643,22,2423.650013,True,0.3895749412912592,False,False,1.776329487992029,success,True,0.1252316223570359,1.2523162235703589,2.0221369490022463,3.2055881387509624,2.0221369490022463,0.874207623176542,22,22,1.0,1.7937115814967932,1.793711581496792,0.7071067811865478,0.7071067811865476,0.5,-0.5,-0.5,-1.5707963705062866,velocity,post_controller_hold,False,,0.1024,0.5011,not_attempted,0.0,False,False
2.9734068,56,2445.479952,True,0.26593235241225976,False,False,1.7312000990210128,success,True,0.5603815223782487,5.603815223782487,3.7556459507396145,8.856039219057077,4.4234885347889215,1.0837543056782593,56,56,1.0,1.751557768539006,1.793711581496792,0.7004064333701651,0.7071067811865476,-0.5,0.5,0.5,1.5707963705062866,velocity,post_controller_hold,False,,0.1554,2.5246,not_attempted,0.0,False,False
2.5077672,44,2462.268311,True,0.371408899037244,False,False,1.5292591894844625,success,True,0.9642622067399064,9.642622067399063,3.5671769550392134,7.201688304188286,4.110508517003758,0.8556663675491583,44,44,1.0,1.7886627308828826,1.793711581496792,0.7025407331539466,0.7071067811865476,0.5,0.5,0.43561670184135437,-1.5707963705062866,velocity,post_controller_hold,False,,0.2301,1.4503,not_attempted,0.0,False,False
8.49212,66,2485.102931,True,0.3774878022650381,False,False,1.4786867480536245,success,True,0.14337581912329483,1.4337581912329482,3.6860648963672005,9.38266577182609,3.7563081028098013,0.8513848112838757,66,66,1.0,1.7492415066193876,1.793711581496792,0.6920525733075877,0.7071067811865476,0.5,-0.5,-0.5,1.5707963705062866,velocity,post_controller_hold,False,,0.171,1.8713,not_attempted,0.0,False,False
0.928943,44,2500.790841,True,0.31769232344960757,False,False,2.0201848584162434,success,True,0.6271784597412374,6.271784597412374,4.848630275282382,7.191669932540447,4.848630275282382,1.0461302026917374,44,44,1.0,1.7937115814967937,1.793711581496792,0.707106781186547,0.7071067811865476,0.5,0.5,0.5,-1.5707963705062866,velocity,post_controller_hold,False,,0.1148,1.783,not_attempted,0.0,False,False
7.418455,20,2518.218697,True,0.3913653022443532,False,False,1.3380040372228632,success,True,0.9016101648896363,9.016101648896363,2.1585664068598382,3.369125788363034,2.1585664068598382,1.0105942626327427,20,20,1.0,1.7937115814967932,1.793711581496792,0.7071067811865478,0.7071067811865476,0.5,-0.5,-0.5,-1.5707963705062866,velocity,post_controller_hold,False,,0.1337,2.6013,not_attempted,0.0,False,False
8.1746025,14,2534.041844,True,0.15198186255065457,False,False,1.6776407882385747,success,True,0.978563430795545,9.78563430795545,1.8500723550601736,2.1012956454580203,1.8500723550601736,1.0300878194905239,14,14,1.0,1.6171013225982525,1.793711581496792,0.7071067811865478,0.7071067811865476,-0.5,0.5,-0.5,0.4358774423599243,velocity,post_controller_hold,False,,0.0643,2.4778,not_attempted,0.0,False,True
8.472164,29,2551.164978,True,0.25944043495658925,False,False,1.8432177338730487,success,True,0.4705853240519605,4.705853240519605,3.477028441679098,4.183793535930829,3.477028441679098,1.2934590007877118,29,29,1.0,1.6833748580418624,1.793711581496792,0.7071067811865475,0.7071067811865476,-0.5,0.5,-0.5,-1.5707963705062866,velocity,post_controller_hold,False,,0.0943,1.2296,not_attempted,0.0,False,True
0.42093498,78,2567.312883,True,0.34503605117731123,False,False,1.5321195165327797,success,True,0.8538760199335302,8.538760199335302,3.6413605868228998,11.75978023549432,4.3368358239310565,0.7024219073739063,78,78,1.0,1.7910277208507188,1.793711581496792,0.6996648942555196,0.7071067811865476,-0.5,-0.5,0.5,1.5707963705062866,velocity,post_controller_hold,False,,0.0194,1.6685,not_attempted,0.0,False,False
12.828641,22,2581.498738,True,0.31369702773722885,False,False,1.411963655888265,success,True,0.21314153498208227,2.1314153498208226,3.1442762383778824,3.6667030791651416,3.1442762383778824,1.0435183958506082,22,22,1.0,1.7358470338981276,1.793711581496792,0.7071067811865478,0.7071067811865476,0.5,0.5,0.5,-1.5707963705062866,velocity,post_controller_hold,False,,0.1943,1.8301,not_attempted,0.0,True,False
4.0580144,29,2595.930748,True,0.35026311241622005,False,False,1.2249331235806102,success,True,0.8341190421362136,8.341190421362136,4.235200609897363,4.595895347042227,4.235200609897363,0.9821560495550195,29,29,1.0,1.7619821852724848,1.793711581496792,0.7008145855713334,0.7071067811865476,0.5,0.5,0.5,1.5707963705062866,velocity,post_controller_hold,False,,0.1451,0.4274,not_attempted,0.0,True,False
12.625216,35,2610.505732,True,0.393339396712561,False,False,1.6239041561563357,success,True,0.12088478839660406,1.2088478839660406,2.9450836554952864,5.360046300800776,3.1413629712669957,1.2651899404428042,35,35,1.0,1.786124894244352,1.793711581496792,0.6910908112209141,0.7071067811865476,-0.5,-0.5,-0.11296486854553223,1.5707963705062866,velocity,post_controller_hold,False,,0.1077,2.8997,not_attempted,0.0,False,False
10.815545,25,2630.751153,True,0.35887683601731235,False,False,1.2089336728387012,success,True,0.38604149368300944,3.8604149368300944,3.646023627553051,4.181759641708702,3.646023627553051,1.2089336728387012,25,25,1.0,1.7937115814967932,1.793711581496792,0.7071067811865477,0.7071067811865476,-0.5,0.5,-0.5,-1.5707963705062866,velocity,post_controller_hold,False,,0.1807,1.37,not_attempted,0.0,False,False
14.22424,26,2648.529019,True,0.2748751956514286,False,False,1.7310914302220457,success,True,0.08227931468036176,0.8227931468036176,2.797217422385894,4.056340278421026,2.797217422385894,1.1055092855606847,26,26,1.0,1.7883016890253545,1.793711581496792,0.7071067811865477,0.7071067811865476,-0.5,0.5,-0.5,-1.5707963705062866,velocity,post_controller_hold,False,,0.1547,2.1948,not_attempted,0.0,False,False
4.648842,28,2665.886086,True,0.2725717156274339,False,False,1.3742161782866067,success,True,0.8442044366463294,8.442044366463294,4.144276681065984,4.496639818218004,4.144276681065984,1.2468342274082473,28,28,1.0,1.7937115814967934,1.793711581496792,0.7071067811865476,0.7071067811865476,0.5,-0.5,-0.5,1.5707963705062866,velocity,post_controller_hold,False,,0.074,0.9448,not_attempted,0.0,False,False
4.131738,37,2685.696786,True,0.3183684164052089,False,False,1.412572422687091,success,True,0.5938980595826807,5.938980595826807,4.006578652312893,5.296746817413768,4.006578652312893,1.2960995298375722,37,37,1.0,1.7937115814967934,1.793711581496792,0.7071067811865472,0.7071067811865476,0.5,0.5,-0.5,-1.5707963705062866,velocity,post_controller_hold,False,,0.1154,2.1167,not_attempted,0.0,False,False
7.3543463,64,2702.151743,True,0.36392014388666033,False,False,1.7754669007600399,success,True,0.36228244665991743,3.6228244665991745,3.0249519473368145,9.445216540369186,3.8457094206900204,0.9493590751411616,64,64,1.0,1.7873330204865159,1.793711581496792,0.688662472278945,0.7071067811865476,-0.037627220153808594,-0.5,0.5,-1.5707963705062866,velocity,post_controller_hold,False,,0.1528,0.6771,not_attempted,0.0,False,False
11.705677,17,2718.514481,True,0.34566177264557596,False,False,0.9592197178786257,success,True,0.5135377033784481,5.135377033784481,2.5627789374712946,2.8556184502545174,2.5627789374712946,0.9592197178786257,17,17,1.0,1.793711581496793,1.793711581496792,0.7071067811865478,0.7071067811865476,0.5,-0.5,-0.5,1.5707963705062866,velocity,post_controller_hold,False,,0.0905,0.6788,not_attempted,0.0,False,False
8.454341,38,2739.252947,True,0.3803690909088229,False,False,1.3572760196583993,success,True,0.17735223313637385,1.7735223313637385,3.961423278691119,5.253852255916698,3.961423278691119,1.2845046859576401,38,38,1.0,1.7773041152173394,1.793711581496792,0.7071067811865471,0.7071067811865476,-0.5,-0.5,-0.5,-1.47645902633667,velocity,post_controller_hold,False,,0.1033,1.155,not_attempted,0.0,False,False
3.875562,53,2755.96806,True,0.23633436567973343,False,False,1.417867101347706,success,True,0.0019313476974367842,0.019313476974367843,4.337880950447536,8.779528112568308,4.337880950447536,1.1738948026946754,53,53,1.0,1.628577274449753,1.793711581496792,0.7071067811865469,0.7071067811865476,-0.5,0.5,-0.5,1.5707963705062866,velocity,post_controller_hold,False,,0.2022,2.7345,not_attempted,0.0,False,False
5.296485,50,2779.059886,True,0.35571140607661084,False,False,1.1740270532782755,success,True,0.7661888259921803,7.661888259921803,1.8054360641091867,7.663798328752498,2.676108851615053,0.9833691941161438,50,50,1.0,1.7262622696112713,1.793711581496792,0.676901343184025,0.7071067811865476,-0.5,-0.5,0.5,1.5707963705062866,velocity,post_controller_hold,False,,0.2126,0.9529,not_attempted,0.0,True,False
1.4517972,49,2798.006048,True,0.38115305799953425,False,False,1.1889033634883959,success,True,0.8620118705400645,8.620118705400644,3.0853491732778813,8.046265928009365,3.881055464564783,0.9309727897314174,49,49,1.0,1.7915067075890931,1.793711581496792,0.7061773215729792,0.7071067811865476,-0.5,0.5,-0.5,1.5707963705062866,velocity,post_controller_hold,False,,0.0301,0.0811,not_attempted,0.0,False,False
2.5045235,31,2815.183936,True,0.2819192059635689,False,False,1.8443275083650876,success,True,0.9673081678115856,9.673081678115857,4.038897841545731,5.149185821451241,4.038897841545731,1.011720383639415,31,31,1.0,1.7937115814967934,1.793711581496792,0.7071067811865474,0.7071067811865476,0.5,-0.5,-0.5,1.5707963705062866,velocity,post_controller_hold,False,,0.2327,3.0267,not_attempted,0.0,False,True
8.670293,24,2833.408867,True,0.392257837419698,False,False,1.3225595174264801,success,True,0.6765315577582476,6.765315577582475,2.6122341742896036,3.7508390082018517,2.6122341742896036,1.052835106224145,24,24,1.0,1.7937115814967932,1.793711581496792,0.7071067811865478,0.7071067811865476,-0.5,0.5,0.5,-1.5707963705062866,velocity,post_controller_hold,False,,0.1577,1.5829,not_attempted,0.0,False,False
7.6424704,31,2855.227835,True,0.3366018949576792,False,False,1.187984849923725,success,True,0.7294334324500357,7.2943343245003565,2.817672368783362,4.106800835891664,2.817672368783362,1.187984849923725,31,31,1.0,1.788432205184335,1.793711581496792,0.6923208536951149,0.7071067811865476,-0.5,0.5,0.5,1.5707963705062866,velocity,post_controller_hold,False,,0.0473,0.3557,not_attempted,0.0,True,False
13.834613,24,2873.251144,True,0.29609809551297905,False,False,1.2070184216019852,success,True,0.02840797882629321,0.2840797882629321,3.2348620032541793,3.4016082849533658,3.2348620032541793,1.2070184216019852,24,24,1.0,1.7937115814967932,1.793711581496792,0.7071067811865478,0.7071067811865476,-0.5,0.5,-0.5,1.5707963705062866,velocity,post_controller_hold,False,,0.1592,2.4878,not_attempted,0.0,False,False
8.289836,61,2891.103231,True,0.3018740572502901,False,False,1.9263855470486728,success,True,0.13391404403234275,1.3391404403234275,3.6543156619790436,9.657103305462025,4.016005788633704,0.9328485681731621,61,61,1.0,1.790516075088533,1.793711581496792,0.7002440614004136,0.7071067811865476,0.5,-0.5,-0.5,-1.5707963705062866,velocity,post_controller_hold,False,,0.1199,2.5443,not_attempted,0.0,False,False
10.02048,30,2914.923766,True,0.3403507525092406,False,False,1.4872222219842883,success,True,0.35775216265208903,3.5775216265208902,2.953713273983506,4.326081874093318,2.953713273983506,1.1865956718559976,30,30,1.0,1.7203848831440627,1.793711581496792,0.7071067811865475,0.7071067811865476,0.5,-0.5,0.5,1.5707963705062866,velocity,post_controller_hold,False,,0.0609,1.3359,not_attempted,0.0,False,False
6.381656,35,2931.37217,True,0.28844154686331935,False,False,1.456592975955169,success,True,0.6688914600327928,6.688914600327927,3.3528384705701155,5.271372518266159,3.3528384705701155,1.426250473561042,35,35,1.0,1.7937115814967934,1.793711581496792,0.7071067811865472,0.7071067811865476,-0.5,0.5,-0.5,1.5707963705062866,velocity,post_controller_hold,False,,0.1759,0.3503,not_attempted,0.0,False,False
15.366513,12,2951.944845,True,0.322618764892178,False,False,1.701323618797997,success,True,0.3436966866352289,3.436966866352289,1.4967425510451862,1.927399023078155,1.4967425510451862,1.0131240451916765,12,12,1.0,1.7937115814967928,1.793711581496792,0.7071067811865478,0.7071067811865476,-0.5,0.5,0.5,1.5707963705062866,velocity,post_controller_hold,False,,0.1731,1.5383,not_attempted,0.0,False,False
10.77284,42,2975.466757,True,0.09561747549576928,False,False,1.2756330368598154,success,True,0.1867979128238353,1.8679791282383529,3.456687935133251,6.059445359866244,3.5167696597481277,1.0228163044485263,42,42,1.0,1.7129954725370033,1.793711581496792,0.6964781941826066,0.7071067811865476,0.5,0.5,-0.5,1.5707963705062866,velocity,post_controller_hold,False,,0.221,2.679,not_attempted,0.0,False,False
4.6446238,60,2995.293161,True,0.16060378102975265,False,False,1.883118567162263,success,True,0.05527784823052946,0.5527784823052946,4.579199952776359,8.806697210262637,4.767558441090932,1.006547183563685,60,60,1.0,1.791056852052965,1.793711581496792,0.7071067811865468,0.7071067811865476,0.5,-0.5,0.5,-1.5707963705062866,velocity,post_controller_hold,False,,0.1096,2.8343,not_attempted,0.0,False,False
8.850538,29,3017.78403,True,0.39737608490138165,False,False,1.4169981634841848,success,True,0.6823193103216936,6.823193103216935,1.5473495423896757,4.595474385455739,1.7163730337952048,0.6443678696571915,29,29,1.0,1.7015470928067422,1.793711581496792,0.7071067811865475,0.7071067811865476,-0.5,0.5,0.5,1.5707963705062866,velocity,post_controller_hold,False,,0.2133,2.286,not_attempted,0.0,False,False
14.190957,16,3037.114877,True,0.341725954005373,False,False,1.3222198517066388,success,True,0.3592373268517239,3.592373268517239,1.8761372149040312,2.2877975266793493,1.8761372149040312,1.3222198517066388,16,16,1.0,1.6439489902329942,1.793711581496792,0.7071067811865478,0.7071067811865476,0.5,-0.5,-0.5,0.4898782968521118,velocity,post_controller_hold,False,,0.1326,0.2036,not_attempted,0.0,False,False
12.607374,13,3052.525925,True,0.3467077769756829,False,False,1.8072390234432758,success,True,0.5098564118389979,5.098564118389978,1.7954317209859325,2.012707743639361,1.7954317209859325,1.047248872990044,13,13,1.0,1.7884695532512078,1.793711581496792,0.7071067811865478,0.7071067811865476,-0.5,0.5,0.5,1.5707963705062866,velocity,post_controller_hold,False,,0.1507,0.4684,not_attempted,0.0,False,False
1.0062207,63,3074.822798,True,0.3306451230118785,False,False,1.3231911208466123,success,True,0.47753476568995273,4.775347656899528,4.799181226871271,10.195989028643867,4.799181226871271,0.7658195418766365,63,63,1.0,1.7120293415361676,1.793711581496792,0.7071067811865468,0.7071067811865476,-0.5,0.5,-0.5,1.5707963705062866,velocity,post_controller_hold,False,,0.1016,2.6654,not_attempted,0.0,False,False
13.070905,54,3099.361799,True,0.34813795934174635,False,False,1.413831277584566,success,True,0.004752549518526535,0.04752549518526535,3.180857718089886,7.296530673571752,3.180857718089886,1.0808402230112635,54,54,1.0,1.7869057176249468,1.793711581496792,0.696448586359766,0.7071067811865476,0.5,-0.2592644691467285,0.5,1.5707963705062866,velocity,post_controller_hold,False,,0.112,3.0846,not_attempted,0.0,True,False
-0.66119355,42,3099.361889,True,0.1900961522084166,False,False,1.3128211804682661,success,True,0.8752162970242361,8.752162970242361,4.244550491685817,5.950543859795058,4.244550491685817,1.0051639833293773,42,42,1.0,1.6974341966091038,1.793711581496792,0.707106781186547,0.7071067811865476,-0.5,-0.5,-0.5,-1.5707963705062866,velocity,post_controller_hold,False,,0.1493,1.4456,not_attempted,0.0,False,False
4.84279,36,3119.568098,True,0.21501664468280923,False,False,1.4704022324804746,success,True,0.7295095356047017,7.295095356047017,3.701547638043237,5.002432651496027,3.952904691742036,1.1282268930052124,36,36,1.0,1.7937115814967934,1.793711581496792,0.7071067811865472,0.7071067811865476,0.5,-0.5,-0.5,1.5707963705062866,velocity,post_controller_hold,False,,0.2276,2.5331,not_attempted,0.0,False,False
11.092328,46,3136.658967,True,0.27005874353071974,False,False,1.4734288121686496,success,True,0.42934026177774576,4.293402617777458,1.3065310251639826,6.595252804820393,1.6585784288303205,1.2305976087370745,46,46,1.0,1.7681239595625156,1.793711581496792,0.707106781186547,0.7071067811865476,0.5,-0.5,-0.5,1.5707963705062866,velocity,post_controller_hold,False,,0.2233,0.709,not_attempted,0.0,False,False
7.63201,56,3162.306835,True,0.35400744197362966,False,False,1.4009529235710965,success,True,0.275786912644789,2.75786912644789,3.513199887641984,7.212041552960625,4.086913203829354,0.8362833999130874,56,56,1.0,1.725657841579911,1.793711581496792,0.7038418155754937,0.7071067811865476,-0.4329507350921631,0.5,0.5,-1.5707963705062866,velocity,post_controller_hold,False,,0.1846,2.7726,not_attempted,0.0,False,False
-6.770122,83,3180.892947,True,0.3948553942572075,False,False,1.6132888890911186,success,True,0.9969223849173796,9.969223849173796,4.510055243820518,12.389853341124672,4.9290912136457194,0.8826182799486093,83,83,1.0,1.6752989505412954,1.793711581496792,0.7035892606379454,0.7071067811865476,0.5,-0.5,-0.5,-0.5248933434486389,velocity,post_controller_hold,False,,0.0829,0.5655,not_attempted,0.0,False,True
0.06520033,73,3217.121843,True,0.2327449525888042,False,False,1.7392895838042512,success,True,0.3770587871609502,3.770587871609502,4.394960596156503,9.459914098959935,4.446489291771288,0.8549064090789017,73,73,1.0,1.7646278747011865,1.793711581496792,0.7007906002833705,0.7071067811865476,0.5,0.5,0.5,1.5707963705062866,velocity,post_controller_hold,False,,0.1113,2.2069,not_attempted,0.0,False,False
2.0084026,91,3234.801928,True,0.21489543518783702,False,False,1.6270813732814444,success,True,0.6738702740068965,6.738702740068964,2.8578611001180376,12.794003961205444,3.7748048925546653,1.2247756020192226,91,91,1.0,1.7898114281680164,1.793711581496792,0.7003005774091373,0.7071067811865476,-0.5,-0.5,0.5,-1.5707963705062866,velocity,post_controller_hold,False,,0.1007,1.3547,not_attempted,0.0,False,False
5.2085514,24,3258.923814,True,0.39926646966713447,False,False,1.849282097032116,success,True,0.9946696148366753,9.946696148366753,2.0837873094800674,3.4559217490896135,2.0837873094800674,0.8285058454006132,24,24,1.0,1.781970279453472,1.793711581496792,0.6729609509618245,0.7071067811865476,0.5,-0.5,-0.5,-1.5707963705062866,velocity,post_controller_hold,False,,0.1205,1.8304,not_attempted,0.0,False,False
4.0552564,37,3278.841992,True,0.37016633686072903,False,False,1.5593690771049127,success,True,0.42480459181578345,4.2480459181578345,4.353369493590369,6.594591625701277,4.353369493590369,0.8992412627502611,37,37,1.0,1.7937115814967934,1.793711581496792,0.7071067811865472,0.7071067811865476,-0.5,0.5,0.5,-1.5707963705062866,velocity,post_controller_hold,False,,0.1733,0.8427,not_attempted,0.0,False,False
1.1915922,53,3310.341836,True,0.26044593281685086,False,False,1.08761317880074,success,True,0.9364711251719803,9.364711251719802,2.5868724349196497,7.483923948214572,3.0568943243368736,0.839395084839937,53,53,1.0,1.7225947775904686,1.793711581496792,0.6878877389209505,0.7071067811865476,0.5,0.5,-0.5,1.5707963705062866,velocity,post_controller_hold,False,,0.1277,0.6309,not_attempted,0.0,False,False
2.8513217,52,3329.355795,True,0.2920896235740269,False,False,1.7300706355958209,success,True,0.7648105115375626,7.6481051153756265,3.07387389888487,7.309480648772265,3.2250947937526817,0.9947788661728207,52,52,1.0,1.7902284961089363,1.793711581496792,0.7071067811865469,0.7071067811865476,-0.5,-0.5,-0.5,-1.5707963705062866,velocity,post_controller_hold,False,,0.1281,0.503,not_attempted,0.0,False,False
19.180275,8,3352.078926,True,0.2112979020767075,False,False,1.108319076444942,success,True,0.009397376015372008,0.09397376015372008,1.0758009875686376,1.076903638472733,1.0758009875686376,1.108319076444942,8,8,1.0,1.793711581496792,1.793711581496792,0.7071067811865477,0.7071067811865476,-0.5,-0.5,0.5,-1.5707963705062866,velocity,post_controller_hold,False,,0.2101,1.2589,not_attempted,0.0,False,False
10.889668,42,3371.165955,True,0.3642810534053603,False,False,1.8247819926995184,success,True,0.2693462286241714,2.693462286241714,3.1400301358487126,6.377197432923346,3.936597833584488,1.4716176796693778,42,42,1.0,1.7782901364676262,1.793711581496792,0.707106781186547,0.7071067811865476,0.5,-0.5,-0.5,-1.5707963705062866,velocity,post_controller_hold,False,,0.1677,1.1162,not_attempted,0.0,False,True
3.4853055,33,3388.101308,True,0.2500132080882825,False,False,1.2487928558781192,success,True,0.7558432404297986,7.558432404297985,3.907353549515394,5.403394559147197,3.907353549515394,0.8836218586068028,33,33,1.0,1.6551078294821113,1.793711581496792,0.7071067811865474,0.7071067811865476,-0.5,-0.5,0.5,-1.5707963705062866,velocity,post_controller_hold,False,,0.2083,0.0091,not_attempted,0.0,True,False
3.9487956,38,3413.786768,True,0.3557823278985274,False,False,1.802239054277558,success,True,0.5687396033562991,5.687396033562991,4.183739971077908,6.010994704612415,4.183739971077908,1.0938142369497996,38,38,1.0,1.7937115814967934,1.793711581496792,0.7071067811865471,0.7071067811865476,0.5,-0.5,-0.5,-1.5707963705062866,velocity,post_controller_hold,False,,0.2416,1.0218,not_attempted,0.0,False,True
6.0822535,52,3434.915924,True,0.3481196765637731,False,False,1.475327940644354,success,True,0.833709537929945,8.33709537929945,1.6434467095480836,7.3710390137015445,2.6621884441677723,0.9823977124188102,52,52,1.0,1.6561762897144403,1.793711581496792,0.7024470324503136,0.7071067811865476,-0.5,0.5,-0.5,1.5707963705062866,velocity,post_controller_hold,False,,0.1551,3.0655,not_attempted,0.0,False,False
3.8362722,39,3451.801013,True,0.2731286064500278,False,False,1.5539425942844265,success,True,0.4574823116641334,4.574823116641334,4.306294660981565,6.110624781842672,4.306294660981565,1.0569310103611265,39,39,1.0,1.7478004243881833,1.793711581496792,0.7071067811865471,0.7071067811865476,0.5,-0.5,0.5,-1.5707963705062866,velocity,post_controller_hold,False,,0.1218,0.5924,not_attempted,0.0,False,False
4.2924786,37,3469.848453,True,0.30049084522970726,False,False,1.818040255545398,success,True,0.5342054003271802,5.3420540032718025,4.685297352006666,5.441415075671294,4.685297352006666,1.2454743143516251,37,37,1.0,1.7937115814967934,1.793711581496792,0.7071067811865472,0.7071067811865476,0.5,-0.5,0.5,-1.5707963705062866,velocity,post_controller_hold,False,,0.0528,1.9523,not_attempted,0.0,False,False
7.394339,44,3498.436777,True,0.27093981177953375,False,False,1.0940980876203468,success,True,0.5699703491901426,5.699703491901426,3.2993845664247368,6.744234827690608,3.692585283774529,1.0940980876203468,44,44,1.0,1.7567520400948977,1.793711581496792,0.707106781186547,0.7071067811865476,0.5,0.5,0.5,-1.5707963705062866,velocity,post_controller_hold,False,,0.199,0.6546,not_attempted,0.0,False,False
18.596066,11,3519.062261,True,0.37020636688991204,False,False,1.6294905064605447,success,True,0.004637670004232013,0.04637670004232013,1.0830131303637658,1.3246083713368817,1.0830131303637658,1.6294905064605447,11,11,1.0,1.7937115814967926,1.793711581496792,0.7071067811865478,0.7071067811865476,-0.5,-0.5,-0.5,1.5707963705062866,velocity,post_controller_hold,False,,0.1549,3.0845,not_attempted,0.0,False,False
8.184315,45,3537.260814,True,0.3279576245828805,False,False,1.835371187944199,success,True,0.18074001044153468,1.8074001044153467,3.32518211375379,7.110863107331273,4.050499646627432,1.3423383169073768,45,45,1.0,1.715868325758167,1.793711581496792,0.707106781186547,0.7071067811865476,0.5,0.5,-0.5,1.5707963705062866,velocity,post_controller_hold,False,,0.1806,2.4713,not_attempted,0.0,False,True
4.040122,37,3556.07207,True,0.3414565468009925,False,False,1.2806403670065065,success,True,0.5604967961157479,5.604967961157479,4.361748123298405,5.754467380757872,4.361748123298405,1.2592914318049657,37,37,1.0,1.772300320068711,1.793711581496792,0.7071067811865472,0.7071067811865476,-0.5,0.5,-0.5,0.5029831528663635,velocity,post_controller_hold,False,,0.1928,2.1596,not_attempted,0.0,False,False
6.238241,42,3577.1868,True,0.25764771947386367,False,False,1.0992358727343463,success,True,0.9599917855212561,9.59991785521256,1.6648911346271686,5.244499298261745,2.039450831345791,0.8607500396542315,42,42,1.0,1.780102258725713,1.793711581496792,0.7061431337440025,0.7071067811865476,-0.5,0.5,-0.5,-1.5707963705062866,velocity,post_controller_hold,False,,0.2012,1.7683,not_attempted,0.0,False,False
3.7478273,36,3601.709896,True,0.1622772047901498,False,False,1.758306461147131,success,True,0.6844101702328199,6.844101702328199,3.8228303827493892,5.731741442238418,3.8228303827493892,0.9371304617934004,36,36,1.0,1.7928540794866572,1.793711581496792,0.7049054026419621,0.7071067811865476,-0.5,0.47156500816345215,-0.5,1.5707963705062866,velocity,post_controller_hold,False,,0.1129,1.5491,not_attempted,0.0,False,True
3.7966335,35,3621.805787,True,0.26890966722753457,False,False,1.235324508210347,success,True,0.6439411950021323,6.439411950021324,3.7557282773031355,5.729278401638408,3.7557282773031355,0.9828660978974132,35,35,1.0,1.7696508629743237,1.793711581496792,0.7071067811865472,0.7071067811865476,-0.5,0.5,-0.5,1.5707963705062866,velocity,post_controller_hold,False,,0.1421,1.0068,not_attempted,0.0,False,False
15.373162,34,3642.614839,True,0.3045033849352851,False,False,1.3523514115742483,success,True,0.06848205327981605,0.6848205327981605,1.871478165633988,4.441574349793513,2.457670183390407,1.3187478442059333,34,34,1.0,1.5789274670287798,1.793711581496792,0.7071067811865472,0.7071067811865476,0.5,0.5,-0.5,-0.137996643781662,velocity,post_controller_hold,False,,0.0551,2.1237,not_attempted,0.0,False,False
9.929043,34,3667.624954,True,0.3633872566655127,False,False,1.5331996095420652,success,True,0.10372300931493561,1.037230093149356,3.5775205961485796,5.553857176173695,3.5775205961485796,0.7723488530971708,34,34,1.0,1.579116228407595,1.793711581496792,0.7071067811865472,0.7071067811865476,0.5,0.5,0.5,1.1029373407363892,velocity,post_controller_hold,False,,0.1337,1.2821,not_attempted,0.0,False,False
14.766378,29,3689.741935,True,0.36680973165377156,False,False,1.398726890996572,success,True,0.08669052382037733,0.8669052382037733,2.785241418094193,3.8423886350991827,2.785241418094193,0.9989512046608087,29,29,1.0,1.7937115814967934,1.793711581496792,0.7071067811865475,0.7071067811865476,0.5,0.5,0.5,1.5707963705062866,velocity,post_controller_hold,False,,0.1226,0.4057,not_attempted,0.0,True,False
3.5461857,56,3723.257804,True,0.26181338813677146,False,False,1.132564699175743,success,True,0.4081825773730571,4.0818257737305705,4.126657014062507,7.902456045397903,4.453302406269954,1.132564699175743,56,56,1.0,1.7251412435299638,1.793711581496792,0.7071067811865469,0.7071067811865476,-0.5,-0.5,-0.5,-1.5707963705062866,velocity,post_controller_hold,False,,0.1569,2.7403,not_attempted,0.0,False,False
14.708171,29,3752.183785,True,0.3883562157035931,False,False,1.2391233487074051,success,True,0.031803111778460354,0.3180311177846035,2.4335502869696524,4.1154579591014535,2.4335502869696524,1.2391233487074051,29,29,1.0,1.7932287447278612,1.793711581496792,0.7058753951270517,0.7071067811865476,0.5,-0.5,-0.5,-1.5707963705062866,velocity,post_controller_hold,False,,0.1773,2.3083,not_attempted,0.0,False,False
-5.406508,123,3775.145888,True,0.3600247211989963,False,False,1.6590234659217182,success,True,0.27932767823850274,2.7932767823850275,4.779360209969361,16.760525702691698,5.76385007328692,0.7192521855865103,123,123,1.0,1.7314240212799337,1.793711581496792,0.7019395299096202,0.7071067811865476,0.5,-0.5,-0.5,-1.5707963705062866,velocity,post_controller_hold,False,,0.2241,1.3129,not_attempted,0.0,False,False
4.4129496,45,3799.514797,True,0.2160021675811059,False,False,1.2914415697135624,success,True,0.37224795051169707,3.722479505116971,4.550555718245669,6.832300759589305,4.550555718245669,0.7217329942083888,45,45,1.0,1.7019980303677231,1.793711581496792,0.6984208876741677,0.7071067811865476,-0.5,-0.5,-0.5,0.009993910789489746,velocity,post_controller_hold,False,,0.1932,0.3875,not_attempted,0.0,False,False
7.4636292,49,3827.286772,True,0.3355854939084136,False,False,1.1672164349784013,success,True,0.6362036243040937,6.362036243040937,2.0458895316675623,7.229842248129002,2.8684230012653087,0.8966049803009442,49,49,1.0,1.7780051668174726,1.793711581496792,0.703666162809545,0.7071067811865476,0.5,-0.5,0.5,1.5707963705062866,velocity,post_controller_hold,False,,0.167,0.5964,not_attempted,0.0,True,False
2.653577,38,3852.195787,True,0.14472591273731056,False,False,1.5850180055995773,success,True,0.7522047465337822,7.522047465337822,3.801932791637742,5.395166110466573,3.801932791637742,1.064001419115714,38,38,1.0,1.7937115814967934,1.793711581496792,0.7071067811865471,0.7071067811865476,0.5,0.5,-0.5,-1.5707963705062866,velocity,post_controller_hold,False,,0.1141,1.6085,not_attempted,0.0,False,True
11.319184,68,3868.819874,True,0.3061946147524981,False,False,1.4265909884661563,success,True,0.030509132758343896,0.30509132758343893,2.7863541253230424,9.803806560876108,3.8424142071314056,0.9733127510233263,68,68,1.0,1.7474336076885766,1.793711581496792,0.7020532338423765,0.7071067811865476,0.5,0.5,-0.5,-1.5707963705062866,velocity,post_controller_hold,False,,0.1349,1.5265,not_attempted,0.0,False,False
6.0262885,49,3898.842861,True,0.26996116360890826,False,False,1.7327377764521001,success,True,0.41495092772525916,4.149509277252592,3.8997137198129623,6.4451790800865085,4.11201051588962,1.0862416875635539,49,49,1.0,1.775410006838762,1.793711581496792,0.698595115705549,0.7071067811865476,0.5,0.5,-0.5,1.5707963705062866,velocity,post_controller_hold,False,,0.2302,0.7862,not_attempted,0.0,False,False
4.7150183,54,3919.308973,True,0.32631658358274934,False,False,1.512487536168357,success,True,0.3564299369507001,3.5642993695070007,4.13738587357052,8.715630487557322,4.696932882680936,0.8885710032860386,54,54,1.0,1.709745091479822,1.793711581496792,0.6966485322481426,0.7071067811865476,0.5,-0.5,-0.5,1.5707963705062866,velocity,post_controller_hold,False,,0.1298,0.5829,not_attempted,0.0,False,False
15.561872,21,3942.537458,True,0.36475426540845657,False,False,1.6478237010667542,success,True,0.04381553375569591,0.4381553375569591,2.182296581067658,2.941458022856057,2.182296581067658,1.1033044959397997,21,21,1.0,1.7937115814967932,1.793711581496792,0.7071067811865478,0.7071067811865476,-0.5,-0.5,0.5,-1.5707963705062866,velocity,post_controller_hold,False,,0.166,2.2069,not_attempted,0.0,False,False
4.751044,37,3961.859791,True,0.29806588975397635,False,False,1.3708006471963372,success,True,0.6623130703658268,6.623130703658267,4.221749995000564,6.188899748633244,4.438770747008866,0.7504214458916,37,37,1.0,1.7937115814967934,1.793711581496792,0.7071067811865472,0.7071067811865476,0.5,0.5,-0.5,1.5707963705062866,velocity,post_controller_hold,False,,0.2415,0.9365,not_attempted,0.0,False,False
11.472171,52,3986.648994,True,0.15706294070454052,False,False,1.3970401806714472,success,True,0.13836062877970193,1.3836062877970192,2.9751034879559755,7.810275058891881,3.7840270682893107,1.2468610841632402,52,52,1.0,1.7909895143283332,1.793711581496792,0.7071067811865469,0.7071067811865476,-0.5,-0.5,0.5,-1.5707963705062866,velocity,post_controller_hold,False,,0.1468,2.2607,not_attempted,0.0,True,False
1.1232977,63,4014.501095,True,0.14155037736606488,False,False,1.5848557088716781,success,True,0.7781622068708035,7.781622068708035,3.3615987441937225,9.684008483449542,4.184593750884627,1.156519106536805,63,63,1.0,1.7937115814967937,1.793711581496792,0.7071067811865468,0.7071067811865476,-0.5,-0.5,0.5,1.5707963705062866,velocity,post_controller_hold,False,,0.1697,0.326,not_attempted,0.0,False,False
3.738723,39,4046.118205,True,0.3385992395773529,False,False,1.1807679593085865,success,True,0.8694246227144439,8.694246227144438,3.668520506583372,5.1555706393342104,3.668520506583372,1.1528113219446694,39,39,1.0,1.7937115814967934,1.793711581496792,0.7071067811865471,0.7071067811865476,-0.5,-0.5,-0.5,-1.5707963705062866,velocity,post_controller_hold,False,,0.0593,0.0694,not_attempted,0.0,False,False
6.4859123,24,4069.239876,True,0.17496002712686165,False,False,1.703463310249946,success,True,0.9858110121191092,9.85811012119109,1.9954592827848343,3.0580049445839443,2.0187785151908404,1.2309426713339862,24,24,1.0,1.6687398856734503,1.793711581496792,0.7071067811865478,0.7071067811865476,0.5,-0.5,0.5,0.5828279256820679,velocity,post_controller_hold,False,,0.1626,0.4647,not_attempted,0.0,False,False
1.6995913,103,4089.569492,True,0.364968819965869,False,False,1.8067425640798003,success,True,0.50379793462547,5.0379793462547,3.48778513382208,15.264322821256304,3.803959102097419,0.5520079262374415,103,103,1.0,1.7672747119037213,1.793711581496792,0.7071067811865475,0.7071067811865476,0.5,0.5,0.5,1.5707963705062866,velocity,post_controller_hold,False,,0.1616,0.9737,not_attempted,0.0,False,False
5.7597,53,4125.198015,True,0.2585252005229,False,False,1.7803410214046764,success,True,0.5646523607691073,5.646523607691073,3.5531604743391765,7.0931974575303425,3.7199407311862065,1.262652802968773,53,53,1.0,1.760923365653226,1.793711581496792,0.7061888870177366,0.7071067811865476,-0.5,-0.5,0.5,-1.5707963705062866,velocity,post_controller_hold,False,,0.2417,2.8688,not_attempted,0.0,False,False
4.5335703,71,4144.34478,True,0.2940147476634045,False,False,1.6492490771411896,success,True,0.637246506687567,6.3724650668756695,2.7663598261690825,10.03437092124379,3.4635262071637656,0.8792847476247472,71,71,1.0,1.7732027947247277,1.793711581496792,0.6935983882936213,0.7071067811865476,0.5,0.5,0.013469725847244263,-1.5707963705062866,velocity,post_controller_hold,False,,0.1291,2.0197,not_attempted,0.0,False,False
8.1624565,31,4173.817863,True,0.2575484487000381,False,False,1.6941060603917748,success,True,0.5110635436546335,5.1106354365463345,3.80439126942237,5.022099372918498,3.80439126942237,1.1568785739890404,31,31,1.0,1.7100415634385637,1.793711581496792,0.7071067811865474,0.7071067811865476,0.5,0.5,0.5,1.5707963705062866,velocity,post_controller_hold,False,,0.1322,2.8276,not_attempted,0.0,False,False
12.147615,22,4203.956779,True,0.3289301902165314,False,False,1.1696564926843305,success,True,0.5473374052686383,5.473374052686383,1.913765898893898,3.007469933250536,2.127797378499951,1.1696564926843305,22,22,1.0,1.7937115814967932,1.793711581496792,0.7071067811865478,0.7071067811865476,0.5,-0.5,-0.5,1.5707963705062866,velocity,post_controller_hold,False,,0.193,1.3039,not_attempted,0.0,False,False
-0.82585466,57,4233.566871,True,0.29645857799328956,False,False,1.1549217752880547,success,True,0.762992997116204,7.62992997116204,4.703824800002405,8.334166542969655,5.486226099227303,0.9751760153749464,57,57,1.0,1.685612551410051,1.793711581496792,0.7063299132606994,0.7071067811865476,0.5,-0.5,-0.5,1.5707963705062866,velocity,post_controller_hold,False,,0.0778,1.1396,not_attempted,0.0,False,False
-3.2382786,56,4274.710944,True,0.17249070943639622,False,False,2.039925209278402,success,True,0.9016907061202185,9.016907061202184,4.42608522149109,7.671519541833285,4.799952830466789,0.9083491986182124,56,56,1.0,1.6142498147422117,1.793711581496792,0.7071067811865469,0.7071067811865476,-0.5,-0.5,0.5,-1.5707963705062866,velocity,post_controller_hold,False,,0.1113,0.891,not_attempted,0.0,False,False
-0.026072046,68,4299.070181,True,0.2065767850152196,False,False,0.9907417476719731,success,True,0.2596460708544007,2.596460708544007,5.169325205969122,10.484644030258641,5.2884875183752875,0.7420697451744573,68,68,1.0,1.6948278895109936,1.793711581496792,0.7071067811865468,0.7071067811865476,-0.5,0.5,0.5,0.5457944273948669,velocity,post_controller_hold,False,,0.1141,1.8287,not_attempted,0.0,True,False
1.414697,53,4335.090835,True,0.3034936592683975,False,False,1.7039909718756174,success,True,0.37297705122512465,3.7297705122512466,4.289139579955071,7.7659683316603,4.289139579955071,1.0685056082625424,53,53,1.0,1.7913770448388515,1.793711581496792,0.7004587397994908,0.7071067811865476,-0.5,0.5,-0.5,1.5707963705062866,velocity,post_controller_hold,False,,0.1575,0.3816,not_attempted,0.0,False,True
5.021929,63,4361.737924,True,0.27683759058454516,False,False,1.295035585498897,success,True,0.3614890859845235,3.614890859845235,3.9658959834466323,9.53299762828049,4.564791424826364,0.9358507345512304,63,63,1.0,1.7880128748452315,1.793711581496792,0.6914036350383257,0.7071067811865476,0.5,-0.5,-0.5,-1.5707963705062866,velocity,post_controller_hold,False,,0.2065,0.7827,not_attempted,0.0,False,False
