#{"t_start": 1783218876.1774445, "env_id": "None"}
r,l,t,is_success,final_distance,is_out_of_bounds,is_unsafe_low_altitude,altitude,terminal_reason,terminal_stop_command_accepted,terminal_yaw_error,terminal_yaw_penalty,physical_displacement,path_length,max_physical_displacement,min_altitude,motion_command_steps,motion_command_accepted_steps,motion_command_acceptance_rate,mean_action_norm,max_action_norm,mean_xy_action_norm,max_xy_action_norm,last_action_vx,last_action_vy,last_action_vz,last_action_vyaw,reset_method,reset_path,reset_service_attempted,reset_failure_class,reset_position_error,reset_yaw_error,reset_service_status,vertical_safety_penalty,low_altitude_guard_active,bounds_guard_active
-5.125826,125,44.711927,True,0.3691985881643377,False,False,1.7617545634052578,success,True,0.14997112403633883,1.4997112403633883,1.1348576450492984,17.98263059723016,2.2185229569741862,0.9483149118861004,125,125,1.0,1.523799772435882,1.793711581496792,0.6434465781560293,0.7071067811865476,0.5,0.5,-0.5,1.0866261720657349,simulator_service,service_success,True,,0.0736,1.123,service_success,0.0,False,True
2.088746,99,72.012638,True,0.3852960070637936,False,False,1.212111291470944,success,True,0.3258254348586702,3.258254348586702,0.8414993293264379,13.853490992102385,2.499293534249258,1.0033342375253618,99,99,1.0,1.4375581026351576,1.793711581496792,0.6378137772346887,0.7071067811865476,0.4894007742404938,-0.5,-0.5,-0.5154295563697815,velocity,post_controller_hold,False,,0.1202,1.1198,not_attempted,0.0,False,False
15.249938,15,85.318521,True,0.388037315208231,False,False,1.3257340382273148,success,True,0.33568788565717383,3.3568788565717385,1.1671249999630267,1.902160984521874,1.1671249999630267,1.1560518280515673,15,15,1.0,1.1250345860346103,1.4760842480605543,0.4773139248256989,0.7071067811865476,-0.03227017819881439,-0.10928130149841309,-0.5,1.384139060974121,velocity,post_controller_hold,False,,0.1473,0.1495,not_attempted,0.0,False,False
-20.082184,154,123.235163,True,0.39059177132368755,False,False,1.8858564793451678,success,True,0.4224498924399639,4.224498924399639,3.120623643510363,23.036836397433163,3.120623643510363,1.0747961798034529,154,154,1.0,1.5119414490715581,1.793711581496792,0.6558280730969073,0.7071067811865476,0.5,-0.5,-0.5,0.46232280135154724,velocity,post_controller_hold,False,,0.1782,1.8977,not_attempted,0.0,False,False
-56.539913,200,180.213205,False,3.524395379385858,False,False,1.2896902858974557,max_steps,True,0.09936907431811,0.0,5.115645391015939,30.35906246260199,5.1769586058781,1.0002004779697673,200,200,1.0,1.562993825087579,1.793711581496792,0.6591082272052726,0.7071067811865476,0.5,0.5,0.5,-1.5707963705062866,velocity,post_controller_hold,False,,0.1814,0.504,not_attempted,0.0,True,False
-37.214428,200,235.357865,False,1.7887782203349378,False,False,1.7918606822320295,max_steps,True,0.05149889092559129,0.0,4.282496269505065,30.91505733013994,4.654691232898838,1.0469013688680948,200,200,1.0,1.559244260894963,1.793711581496792,0.6719619297015327,0.7071067811865476,0.5,-0.5,0.5,-1.5707963705062866,velocity,post_controller_hold,False,,0.201,1.0059,not_attempted,0.0,False,False
-39.163624,200,282.959068,False,1.4699521752904923,False,False,1.360348618211785,max_steps,True,0.31445946026922617,0.0,2.2255549285788154,30.16424096804414,4.501079456448461,0.9888782823591461,200,200,1.0,1.4346695901629836,1.793711581496792,0.649822878877738,0.7071067811865476,0.5,0.5,0.5,1.5707963705062866,velocity,post_controller_hold,False,,0.2146,1.6804,not_attempted,0.0,False,False
-26.752077,160,326.161722,True,0.3831390783455049,False,False,1.833447198338817,success,True,0.2998039523638133,2.998039523638133,2.667236964054065,24.812821028555533,4.411715305731922,1.2001231453810028,160,160,1.0,1.5267052281211384,1.793711581496792,0.6829011429093023,0.7071067811865476,-0.5,-0.5,0.5,1.5707963705062866,velocity,post_controller_hold,False,,0.1635,0.3477,not_attempted,0.0,False,False
-5.8747387,109,359.190539,True,0.35593870916972425,False,False,1.3580793084131308,success,True,0.18665237931697384,1.8665237931697385,2.1830607431514095,16.90880284935297,4.316847476592708,1.0417355372500652,109,109,1.0,1.5799642897297397,1.793711581496792,0.6763708613199063,0.7071067811865476,0.5,0.5,-0.2297637015581131,-1.5707963705062866,velocity,post_controller_hold,False,,0.1724,1.3897,not_attempted,0.0,False,False
-17.632086,192,410.598296,True,0.34190972673158765,False,False,1.6448027644074643,success,True,0.19084508752225623,1.9084508752225624,2.445832083424177,27.9525504320897,4.577197246905415,0.9698463843435131,192,192,1.0,1.5309243040285196,1.793711581496792,0.6625308640623918,0.7071067811865476,0.3162897229194641,-0.268110066652298,0.5,-0.26404061913490295,velocity,post_controller_hold,False,,0.2121,2.1612,not_attempted,0.0,False,False
-74.02057,200,463.620951,False,1.9806962286826846,False,False,1.2729680529988499,max_steps,True,0.2591033629416951,0.0,2.5125621245536456,31.21096037218568,4.869329317434863,0.9808770686329162,200,200,1.0,1.6299782227016877,1.793711581496792,0.6835530976262973,0.7071067811865476,-0.3229537010192871,-0.5,-0.5,0.4109160304069519,velocity,post_controller_hold,False,,0.1635,0.0698,not_attempted,0.0,False,False
-47.568306,200,511.932106,False,0.9498871970110931,False,False,1.2932510927964356,max_steps,True,0.3096885593769341,0.0,1.9539316970378948,29.861232672029907,2.525520457170074,1.049532342688099,200,200,1.0,1.4729764612848357,1.793711581496792,0.6596691315222152,0.7071067811865476,-0.5,-0.5,-0.3540484607219696,-1.169830560684204,velocity,post_controller_hold,False,,0.1136,2.5823,not_attempted,0.0,False,False
-11.201514,150,550.349306,True,0.3593375910669845,False,False,1.1936706679507463,success,True,0.7919893482326056,7.919893482326056,1.6952186149617798,21.793690869376373,2.5142113807991944,0.9584953978853578,150,150,1.0,1.4933296799317863,1.793711581496792,0.6455245116782072,0.7071067811865476,0.3822949230670929,-0.5,0.5,1.5707963705062866,velocity,post_controller_hold,False,,0.148,0.2663,not_attempted,0.0,False,False
-83.84102,200,603.059785,False,7.737471283547412,False,False,1.9564592726363206,max_steps,True,0.972855664782076,0.0,5.989130022108724,30.68883165984626,6.037833437432178,0.9824274581896522,200,200,1.0,1.5263441382772422,1.793711581496792,0.6751885137671689,0.7071067811865476,0.5,-0.0523451566696167,-0.5,-1.5707963705062866,velocity,post_controller_hold,False,,0.1097,2.0564,not_attempted,0.0,False,True
3.6489105,69,624.470792,True,0.3948703691031916,False,False,1.7680025790840532,success,True,0.039229004865101044,0.39229004865101047,1.9102374234704247,10.364999210228026,1.9117189807888801,1.0901656104703181,69,69,1.0,1.4876134272632118,1.793711581496792,0.6561118477989596,0.7071067811865476,0.5,-0.5,-0.5,1.5707963705062866,velocity,post_controller_hold,False,,0.1656,1.9939,not_attempted,0.0,False,False
0.5526428,120,657.892989,True,0.33584472482243327,False,False,1.7305215004554693,success,True,0.036991180596161986,0.3699118059616199,2.480862525262331,17.42408863295514,4.175828394704018,1.0704910760111408,120,120,1.0,1.5093766850645272,1.793711581496792,0.6367420300481151,0.7071067811865476,-0.5,0.5,-0.5,-1.465636968612671,velocity,post_controller_hold,False,,0.1606,1.5436,not_attempted,0.0,False,False
-51.475513,200,713.84532,False,2.6012812860641734,False,False,1.0997834731470557,max_steps,True,0.8564761864758555,0.0,5.478765744538248,28.759730478697982,6.309616199449614,0.9313336140472507,200,200,1.0,1.5408084249160694,1.793711581496792,0.6495620655173789,0.7071067811865476,-0.5,0.5,0.5,-1.5707963705062866,velocity,post_controller_hold,False,,0.1209,2.7743,not_attempted,0.0,True,False
-54.868496,200,766.115353,False,2.577853755652352,False,False,1.6617260883383895,max_steps,True,0.17848912556063584,0.0,3.0587693384597263,29.033874963475384,4.02571470163896,0.9637673343134414,200,200,1.0,1.604658801254085,1.793711581496792,0.6437548229402924,0.7071067811865476,-0.2,-0.48146942257881165,-0.5,1.5707963705062866,velocity,post_controller_hold,False,,0.1248,2.1099,not_attempted,0.0,False,True
-36.01501,200,815.136252,False,0.6934853882425771,False,False,1.1337141346805955,max_steps,True,0.3497276218246582,0.0,1.8910663956912328,29.12007404824669,3.6359127186351445,1.1282143457184781,200,200,1.0,1.4494194027623228,1.793711581496792,0.6503196666471303,0.7071067811865476,0.5,-0.39666464924812317,-0.5,-0.45320335030555725,velocity,post_controller_hold,False,,0.1314,1.4653,not_attempted,0.0,False,False
3.462226,71,843.647982,True,0.3775521579313497,False,False,1.3837352354164885,success,True,0.6369817363253987,6.369817363253986,2.8223534528952685,10.006903657436862,3.2475632627202353,1.198996937992636,71,71,1.0,1.4990383825719642,1.793711581496792,0.6404478112695292,0.7071067811865476,-0.5,-0.4549436867237091,0.3688546419143677,-1.5707963705062866,velocity,post_controller_hold,False,,0.1548,2.7102,not_attempted,0.0,False,False
-10.322566,152,888.662235,True,0.2794112836460886,False,False,1.213317325231866,success,True,0.5608039689473996,5.608039689473996,2.5970048626920934,22.187962005187252,4.286977876421603,1.0698667940682882,152,152,1.0,1.4575548228585034,1.793711581496792,0.6453345749482428,0.7071067811865476,0.5,0.5,-0.5,1.5707963705062866,velocity,post_controller_hold,False,,0.1749,1.5197,not_attempted,0.0,False,False
-45.123997,200,943.8788,False,2.4626447039199824,False,False,1.7229402315665276,max_steps,True,0.37550121443831264,0.0,0.5373612168031691,30.85089174163518,2.0761426258915123,0.892086315492945,200,200,1.0,1.4992221473800518,1.793711581496792,0.6862458179106582,0.7071067811865476,-0.5,-0.04043250530958176,0.22859013080596924,-1.2770476341247559,velocity,post_controller_hold,False,,0.1384,0.6168,not_attempted,0.0,False,False
-59.978653,200,996.495123,False,5.245733014735077,False,False,1.4498068551370165,max_steps,True,0.32524902234622244,0.0,6.036275378164248,30.635046775494317,6.036275378164248,0.9971626605817498,200,200,1.0,1.595830274417159,1.793711581496792,0.6788893080715437,0.7071067811865476,0.5,0.5,0.1662566065788269,-1.5707963705062866,velocity,post_controller_hold,False,,0.083,2.7455,not_attempted,0.0,False,False
-63.799416,200,1046.70843,False,0.7504539242491335,False,False,1.2622375388388651,max_steps,True,0.26988412885253815,0.0,3.7339307041662244,31.04512059783398,3.7339307041662244,1.1291495461283463,200,200,1.0,1.570010454300824,1.793711581496792,0.6831788999624391,0.7071067811865476,0.5,0.5,0.5,-0.4734348952770233,velocity,post_controller_hold,False,,0.1958,0.5388,not_attempted,0.0,True,False
-36.418556,200,1095.720907,False,2.1251528342718795,False,False,1.953005254575317,max_steps,True,0.04347955849105958,0.0,3.1967181594211342,30.199146678612653,3.4330360584843755,0.8651456556574183,200,200,1.0,1.640915791782694,1.793711581496792,0.661282459546494,0.7071067811865476,0.5,0.5,-0.5,1.5707963705062866,velocity,post_controller_hold,False,,0.1695,1.0083,not_attempted,0.0,False,True
8.447688,60,1117.638006,True,0.34472535455103054,False,False,1.8085361777640447,success,True,0.01909456458508416,0.1909456458508416,2.68680588913787,9.173205338800736,2.8026879341517414,1.2136812965241497,60,60,1.0,1.6805719989398062,1.793711581496792,0.6789899291973028,0.7071067811865476,0.5,-0.06291621923446655,-0.5,1.5707963705062866,velocity,post_controller_hold,False,,0.1367,1.4663,not_attempted,0.0,False,False
-38.62345,200,1174.749949,False,2.1556924428099884,False,False,1.0813954196365887,max_steps,True,0.8962581907192696,0.0,3.950735751142112,30.34917223498041,4.385363497144087,1.0813954196365887,200,200,1.0,1.6474569143155813,1.793711581496792,0.6624342152062656,0.7071067811865476,0.36151206493377686,-0.5,0.5,-1.5707963705062866,velocity,post_controller_hold,False,,0.2093,2.6281,not_attempted,0.0,True,False
-44.179253,200,1227.767251,False,2.5624177577188076,False,False,1.732128467455988,max_steps,True,0.3946764432243343,0.0,5.078016736504904,30.539900028001828,5.078016736504904,0.9812877333442703,200,200,1.0,1.5138766273547921,1.793711581496792,0.6859978935045256,0.7071067811865476,0.5,0.5,-0.5,-1.5707963705062866,velocity,post_controller_hold,False,,0.1966,0.1549,not_attempted,0.0,False,False
-30.609695,200,1282.477798,False,0.9926487749207729,False,False,1.2245426353874616,max_steps,True,0.5421479512049829,0.0,3.309943425956932,30.191466372751023,4.152118621738272,0.9877782463031617,200,200,1.0,1.6052553579713964,1.793711581496792,0.683799128967173,0.7071067811865476,-0.5,0.5,-0.3909100294113159,-0.7449436187744141,velocity,post_controller_hold,False,,0.1151,2.5191,not_attempted,0.0,False,False
-36.378544,200,1331.297914,False,3.6420201071042353,False,False,1.673473687770495,max_steps,True,0.8872429737796325,0.0,4.251282787699172,31.051415133921424,4.485287184085294,1.0052105440378736,200,200,1.0,1.4953463484055924,1.793711581496792,0.6828051847239283,0.7071067811865476,-0.5,-0.5,-0.5,1.5707963705062866,velocity,post_controller_hold,False,,0.1083,1.4304,not_attempted,0.0,False,False
-21.899767,129,1365.512829,True,0.394545185501457,False,False,1.2039618978487743,success,True,0.2942149092881159,2.942149092881159,1.937031223376846,19.37381517487165,4.466564206558347,1.0313470620861265,129,129,1.0,1.5783263352875554,1.793711581496792,0.6626733598863078,0.7071067811865476,-0.5,-0.5,0.5,-1.5707963705062866,velocity,post_controller_hold,False,,0.061,0.7603,not_attempted,0.0,True,False
-53.91836,200,1417.72669,False,1.6486120474463963,False,False,1.8703446410978606,max_steps,True,0.5680014169247312,0.0,3.79726264607369,30.222251267408883,4.640887698595629,0.9248826963083995,200,200,1.0,1.5139349053737303,1.793711581496792,0.6570248414624509,0.7071067811865476,0.30405193567276,-0.5,0.5,1.5707963705062866,velocity,post_controller_hold,False,,0.1324,2.5905,not_attempted,0.0,False,False
9.671929,23,1435.622747,True,0.34052488575291046,False,False,1.2299309227091515,success,True,0.6344601903105005,6.344601903105005,2.5687335577112465,3.3430387242514605,2.5687335577112465,1.0984723484759173,23,23,1.0,1.3620274795798972,1.793711581496792,0.6777831359182882,0.7071067811865476,-0.5,-0.5,0.36110201478004456,-0.020192066207528114,velocity,post_controller_hold,False,,0.1556,2.5454,not_attempted,0.0,False,False
-26.752691,200,1487.146805,False,0.6030170682570145,False,False,1.0778463236947198,max_steps,True,0.7428380080771635,0.0,1.9037884340587483,28.879362004100646,2.895458700087889,0.9797819769141761,200,200,1.0,1.5715853895525984,1.793711581496792,0.6583999828332671,0.7071067811865476,-0.5,-0.5,-0.07278652489185333,1.5707963705062866,velocity,post_controller_hold,False,,0.1691,2.4561,not_attempted,0.0,False,False
3.3761759,65,1512.243991,True,0.38421073483937473,False,False,1.4763889154472358,success,True,0.8723296744539895,8.723296744539894,1.5786403477253852,9.224339906430842,2.6435092870634898,1.2105404939097504,65,65,1.0,1.4406732742581676,1.793711581496792,0.6332444787086993,0.7071067811865476,0.5,0.5,0.5,1.5707963705062866,velocity,post_controller_hold,False,,0.1061,2.3358,not_attempted,0.0,False,False
-14.608586,194,1564.369369,True,0.24301051415084607,False,False,0.9953277361154272,success,True,0.5052352167573136,5.052352167573137,2.879755729302797,28.857233179312,4.236278426381232,0.9477525384435477,194,194,1.0,1.4956997266083814,1.793711581496792,0.6552445332760772,0.7071067811865476,-0.5,-0.5,0.5,-0.08106741309165955,velocity,post_controller_hold,False,,0.2213,0.3541,not_attempted,0.0,True,False
-37.42153,134,1604.09701,True,0.3673889591920863,False,False,1.2490929223484957,success,True,0.9061857601780903,9.061857601780902,1.6014570092258233,20.420467408021878,2.7896129694286476,1.1276885883007968,134,134,1.0,1.4388346334888629,1.793711581496792,0.678476146877784,0.7071067811865476,-0.5,-0.5,-0.5,-1.5707963705062866,velocity,post_controller_hold,False,,0.1288,0.2545,not_attempted,0.0,False,False
-54.00233,200,1654.512873,False,1.0532776407393531,False,False,1.2805313188070482,max_steps,True,0.4902737588588429,0.0,2.902754396455762,30.891733514016824,3.8156442297340143,1.0911080509717286,200,200,1.0,1.5529156762753251,1.793711581496792,0.6731611982111884,0.7071067811865476,-0.5,0.5,0.5,-0.17360293865203857,velocity,post_controller_hold,False,,0.0925,0.4497,not_attempted,0.0,True,False
-74.91585,200,1711.327996,False,1.848040743012447,False,False,1.555102150692781,max_steps,True,0.22784151779088505,0.0,3.5812589019892402,30.257837458288922,3.7066252421890584,0.8883417086011003,200,200,1.0,1.591299604746832,1.793711581496792,0.6847298471581799,0.7071067811865476,0.5,0.44426143169403076,-0.5,-1.5707963705062866,velocity,post_controller_hold,False,,0.1303,2.3387,not_attempted,0.0,False,False
-17.125866,116,1748.645503,True,0.3770389745474041,False,False,1.7858210584205052,success,True,0.9333105285885334,9.333105285885333,2.561581939282238,16.963857998159796,2.733016610500251,1.0473064336747777,116,116,1.0,1.6123605620816837,1.793711581496792,0.6758953595781115,0.7071067811865476,-0.41682273149490356,-0.5,0.32344403862953186,-0.8754863739013672,velocity,post_controller_hold,False,,0.154,2.1757,not_attempted,0.0,False,False
-50.258507,200,1803.559759,False,1.019542315414753,False,False,1.3907788987694862,max_steps,True,0.15797199293602165,0.0,3.034766435828834,30.78370036353013,4.004473073457748,1.0796938608479616,200,200,1.0,1.580922940252407,1.793711581496792,0.6776968532663497,0.7071067811865476,0.23473632335662842,-0.5,-0.5,-1.5707963705062866,velocity,post_controller_hold,False,,0.1796,2.1478,not_attempted,0.0,False,False
-43.431335,200,1854.348714,False,1.1492928200924741,False,False,1.1048935626483556,max_steps,True,0.7171607027274668,0.0,3.5915964204195845,29.648279315208335,4.280437827281582,1.0860855019502313,200,200,1.0,1.5735887667818558,1.793711581496792,0.6613877169194011,0.7071067811865476,0.5,0.5,0.5,-1.5707963705062866,velocity,post_controller_hold,False,,0.2085,1.4891,not_attempted,0.0,False,False
10.660015,17,1869.655173,True,0.3861656531047189,False,False,1.308059196568949,success,True,0.712730603500568,7.127306035005681,1.6432510382076988,2.141891199209303,1.6432510382076988,1.1033300466302127,17,17,1.0,1.757212321162686,1.793711581496792,0.6029201630721157,0.7071067811865476,-0.5,-0.5,0.5,-1.5707963705062866,velocity,post_controller_hold,False,,0.1605,2.0605,not_attempted,0.0,False,False
-29.322144,137,1908.281234,True,0.2958443564144167,False,False,1.4883991218618404,success,True,0.2636690885422999,2.636690885422999,2.71048383427846,21.44027268686762,3.7265645599564947,0.9958013217693443,137,137,1.0,1.6314074320925174,1.793711581496792,0.6933127376829388,0.7071067811865476,0.027384787797927856,-0.5,0.5,-1.5707963705062866,velocity,post_controller_hold,False,,0.1819,2.5926,not_attempted,0.0,False,False
-15.019884,124,1943.814095,True,0.3191104016690718,False,False,1.6259619750660184,success,True,0.8310832934813416,8.310832934813416,2.1002881773812105,19.47066703575241,4.223413914939201,1.1289995351462947,124,124,1.0,1.693343831999553,1.793711581496792,0.7018411904546957,0.7071067811865476,0.5,0.5,0.5,1.5707963705062866,velocity,post_controller_hold,False,,0.1299,1.6242,not_attempted,0.0,False,False
-45.87957,200,1997.027823,False,1.7635659538818549,False,False,1.503964720564471,max_steps,True,0.9256157752350541,0.0,2.4767918704226886,30.8667003675004,5.105469347953425,0.92445211644366,200,200,1.0,1.688491751917484,1.793711581496792,0.6865466096179077,0.7071067811865476,0.5,-0.5,0.5,-0.669389545917511,velocity,post_controller_hold,False,,0.113,1.2353,not_attempted,0.0,False,False
-8.835146,130,2031.847884,True,0.34172498068211843,False,False,1.23745070792081,success,True,0.3467759195825969,3.467759195825969,3.197167104263504,18.97731450320956,4.3629519002241635,1.0777175972680855,130,130,1.0,1.5371339378436337,1.793711581496792,0.6405328659798127,0.7071067811865476,-0.5,-0.5,-0.3660956025123596,-1.5707963705062866,velocity,post_controller_hold,False,,0.1394,2.431,not_attempted,0.0,False,False
-68.07578,200,2086.15483,False,3.062313064845063,False,False,1.7467944862123523,max_steps,True,0.26848748219810914,0.0,2.72848547421065,30.644892843990288,5.6443582523151195,0.8405686599105096,200,200,1.0,1.696208837435577,1.793711581496792,0.6838714123592728,0.7071067811865476,-0.5,0.11554253101348877,-0.5,1.4350818395614624,velocity,post_controller_hold,False,,0.1723,1.9464,not_attempted,0.0,False,False
-13.56908,155,2128.375059,True,0.36809248999309185,False,False,2.062337757376359,success,True,0.038811060718787135,0.3881106071878714,2.5604964290658394,21.891515557186857,3.9901412530345266,0.9239970292466634,155,155,1.0,1.5266035969737481,1.793711581496792,0.6180251335431955,0.7071067811865476,0.5,0.5,0.5,-1.5707963705062866,velocity,post_controller_hold,False,,0.1937,1.2628,not_attempted,0.0,False,False
-10.28635,142,2172.18904,True,0.3826258988568672,False,False,1.6625155613024873,success,True,0.5364692329702628,5.3646923297026285,3.615453442819148,21.30106567181057,4.324009303355871,0.9054005291104484,142,142,1.0,1.3978519061407408,1.793711581496792,0.6508220433114792,0.7071067811865476,0.5,0.5,0.5,-1.5707963705062866,velocity,post_controller_hold,False,,0.1203,1.6526,not_attempted,0.0,False,False
-45.56968,139,2212.204271,True,0.24732643187204084,False,False,1.0633495917088724,success,True,0.34270059063553376,3.4270059063553377,3.2873113940210956,20.472352720432724,3.2873113940210956,0.8432758600243911,139,139,1.0,1.6705298380104414,1.793711581496792,0.6611758332178155,0.7071067811865476,-0.3631404936313629,-0.5,0.5,-1.5707963705062866,velocity,post_controller_hold,False,,0.1496,0.547,not_attempted,0.0,True,False
-9.561943,112,2250.718047,True,0.3690466035612888,False,False,1.4392023302533443,success,True,0.9644842285209542,9.644842285209542,3.0897206312409566,16.873954405697322,3.0897206312409566,0.9587928433332237,112,112,1.0,1.5715876813189855,1.793711581496792,0.6875332450588135,0.7071067811865476,0.5,-0.5,-0.5,-0.28351399302482605,velocity,post_controller_hold,False,,0.1277,1.8431,not_attempted,0.0,False,False
6.501114,57,2274.734928,True,0.3939519109671758,False,False,1.0072280764237007,success,True,0.7180314502427008,7.180314502427008,1.5139204704297515,8.64261685518098,2.1904682852997133,1.0072280764237007,57,57,1.0,1.52172255719999,1.793711581496792,0.678344124852921,0.7071067811865476,-0.5,-0.322832316160202,0.5,-1.5707963705062866,velocity,post_controller_hold,False,,0.0257,2.2963,not_attempted,0.0,True,False
10.849446,41,2297.25085,True,0.30159892128617516,False,False,1.8043032380224826,success,True,0.0732577964941526,0.7325779649415259,2.9133913429049394,5.888271908385758,2.9133913429049394,1.455111160209551,41,41,1.0,1.6411535143288967,1.793711581496792,0.6709009712390132,0.7071067811865476,-0.5,-0.5,-0.5,-0.6399344801902771,velocity,post_controller_hold,False,,0.1138,2.6675,not_attempted,0.0,False,True
-23.874966,200,2352.761978,False,1.1825539803780165,False,False,1.5040425911900235,max_steps,True,0.45607119835265975,0.0,2.6741558591039407,29.643663501870517,3.273150806107431,0.7153894139690451,200,200,1.0,1.5729788166043865,1.793711581496792,0.6736008201428243,0.7071067811865476,0.5,-0.5,-0.5,1.5707963705062866,velocity,post_controller_hold,False,,0.178,0.0748,not_attempted,0.0,False,False
8.616119,61,2377.47603,True,0.3443691314623763,False,False,1.5178264905108627,success,True,0.2832796805955769,2.832796805955769,3.1493592714540646,8.844807922470945,3.84635219515809,1.2942251582748938,61,61,1.0,1.3907077387351054,1.793711581496792,0.6614251888052872,0.7071067811865476,-0.5,0.5,-0.42387181520462036,-0.930215060710907,velocity,post_controller_hold,False,,0.1361,0.5402,not_attempted,0.0,False,False
-51.25642,200,2436.287474,False,2.5076875943936927,False,False,1.511284470085112,max_steps,True,0.35908569478089786,0.0,2.1995955161289613,29.575041968765742,2.9179340120080406,0.8883977106163166,200,200,1.0,1.6446168664913785,1.793711581496792,0.6599493197636903,0.7071067811865476,0.5,-0.5,0.5,1.5707963705062866,velocity,post_controller_hold,False,,0.1057,0.9397,not_attempted,0.0,True,False
-18.993637,175,2485.906507,True,0.37512094847641786,False,False,1.7010949133634745,success,True,0.5838893201787747,5.838893201787747,1.9996677053274399,26.39902610016724,3.0722372579685753,0.7685637374784186,175,175,1.0,1.5707779756954336,1.793711581496792,0.6817570545246461,0.7071067811865476,-0.5,-0.5,0.5,1.5707963705062866,velocity,post_controller_hold,False,,0.1785,3.0535,not_attempted,0.0,False,False
9.781223,46,2504.527817,True,0.3149292588662668,False,False,1.5921548012119444,success,True,0.2619603014393419,2.619603014393419,1.7995336148175058,6.775867845883493,1.9768705914245104,0.9368286043070807,46,46,1.0,1.5686403770567887,1.793711581496792,0.6741273713365954,0.7071067811865476,-0.5,-0.12311942875385284,-0.5,1.5707963705062866,velocity,post_controller_hold,False,,0.1529,0.4374,not_attempted,0.0,False,False
7.888765,54,2525.424767,True,0.39013900427321857,False,False,1.426997912479142,success,True,0.44613922408955764,4.461392240895576,3.29143255251014,7.471715425889248,3.3364444001858162,1.2489984631461606,54,54,1.0,1.451012674442106,1.793711581496792,0.6464835742495226,0.7071067811865476,-0.5,-0.5,0.20195123553276062,-0.7246125340461731,velocity,post_controller_hold,False,,0.082,0.9343,not_attempted,0.0,False,False
10.522223,47,2547.649045,True,0.33801792434667244,False,False,1.6065115620066788,success,True,0.10966584460088669,1.0966584460088669,2.812744512735168,6.544828095324828,2.812744512735168,0.9822614508321819,47,47,1.0,1.650333241314914,1.793711581496792,0.6754897311142507,0.7071067811865476,0.5,-0.5,0.5,1.5707963705062866,velocity,post_controller_hold,False,,0.1618,0.3298,not_attempted,0.0,False,False
-5.9459276,98,2580.664635,True,0.398463235256205,False,False,1.4784108795141477,success,True,0.9964295630830767,9.964295630830767,1.2040164847163353,13.705719490014559,2.538842682211129,0.9683505434568901,98,98,1.0,1.5511159009782136,1.793711581496792,0.6425676816216538,0.7071067811865476,0.20089852809906006,0.5,-0.5,-1.5707963705062866,velocity,post_controller_hold,False,,0.1669,2.1316,not_attempted,0.0,False,False
-10.063438,147,2621.476698,True,0.24973562560140333,False,False,1.6937473261333607,success,True,0.7508840921912779,7.508840921912779,1.6318398274294956,21.590496496922118,3.1902348995464456,0.8519379454678543,147,147,1.0,1.5997316538368274,1.793711581496792,0.6574943467915391,0.7071067811865476,0.5,0.5,-0.5,0.4142962098121643,velocity,post_controller_hold,False,,0.2007,0.7405,not_attempted,0.0,False,False
-25.228512,155,2663.495197,True,0.3347753244844513,False,False,1.3369746953022064,success,True,0.5869028617359137,5.869028617359136,3.499724231456743,23.122255545300277,3.7446869841771515,0.8537224544897363,155,155,1.0,1.6158448163284735,1.793711581496792,0.6698683854547864,0.7071067811865476,0.23650062084197998,0.5,0.5,1.5707963705062866,velocity,post_controller_hold,False,,0.0577,2.9584,not_attempted,0.0,False,False
-42.551678,200,2722.999034,False,1.4840981768803148,False,False,1.634194233261512,max_steps,True,0.1427979303865315,0.0,2.3242753398285103,29.60176853003965,5.069579370704993,0.9059577339082936,200,200,1.0,1.6371103432644103,1.793711581496792,0.6748825428116825,0.7071067811865476,-0.03496968746185303,-0.5,0.5,-1.5707963705062866,velocity,post_controller_hold,False,,0.0899,0.9329,not_attempted,0.0,False,False
10.147694,46,2742.626307,True,0.36481194441075215,False,False,1.467472508038615,success,True,0.14293504407355842,1.4293504407355841,1.7720827670696877,6.368367833044385,2.014905811649157,1.230966827389175,46,46,1.0,1.519696838885104,1.793711581496792,0.6605156155549211,0.7071067811865476,0.5,0.5,0.5,1.5707963705062866,velocity,post_controller_hold,False,,0.1624,0.3508,not_attempted,0.0,False,False
-64.99115,200,2796.23913,False,3.8185448037404504,False,False,1.2020151428874917,max_steps,True,0.9801026590292804,0.0,5.055459278412162,29.93567599400013,5.350005251223644,0.8508080344742898,200,200,1.0,1.7074564790893905,1.793711581496792,0.691454931172959,0.7071067811865476,-0.5,0.5,-0.5,-1.5707963705062866,velocity,post_controller_hold,False,,0.2067,2.9474,not_attempted,0.0,False,False
14.444581,29,2814.453999,True,0.3227810649149173,False,False,1.0891401514975687,success,True,0.10406645333944212,1.040664533394421,2.888119490573869,4.145856435565594,2.888119490573869,0.8256851467662688,29,29,1.0,1.566710924245032,1.793711581496792,0.7045172987829037,0.7071067811865476,-0.5,0.5,0.5,-1.5707963705062866,velocity,post_controller_hold,False,,0.2016,0.5691,not_attempted,0.0,False,False
-18.820614,143,2857.264244,True,0.3800911337490792,False,False,1.8641420977823142,success,True,0.6511163991489428,6.511163991489428,2.8669648670258026,20.800329298014397,3.7442863668845607,0.9394121856969044,143,143,1.0,1.5708572463672354,1.793711581496792,0.6587564616603346,0.7071067811865476,0.5,-0.5,0.5,1.5707963705062866,velocity,post_controller_hold,False,,0.1737,1.5061,not_attempted,0.0,False,False
-36.826115,200,2912.579867,False,2.161604214857578,False,False,1.2066665489631392,max_steps,True,0.9890868599819157,0.0,3.4518993098985793,28.792250845875802,3.4518993098985793,0.9148216146269015,200,200,1.0,1.5922961259946402,1.793711581496792,0.6586415044332645,0.7071067811865476,-0.5,0.5,-0.5,-1.5707963705062866,velocity,post_controller_hold,False,,0.0667,0.3719,not_attempted,0.0,False,False
-43.547955,200,2970.498942,False,0.8666937142563625,False,False,1.438138290168465,max_steps,True,0.3026344450752461,0.0,3.5245174651811535,29.74145882489659,5.0516235237552785,0.8945048555527959,200,200,1.0,1.6662593921404039,1.793711581496792,0.6886305048294074,0.7071067811865476,0.5,0.5,-0.5,1.5707963705062866,velocity,post_controller_hold,False,,0.1179,1.8703,not_attempted,0.0,False,False
-32.429337,199,3023.408837,True,0.27949340987218024,False,False,1.9981931795140584,success,True,0.38796089553865504,3.8796089553865505,1.9654964403511375,28.06736931609923,2.2648884724490963,0.852023168381044,199,199,1.0,1.5547134358774393,1.793711581496792,0.6526599581950081,0.7071067811865476,-0.5,-0.5,-0.5,1.232914686203003,velocity,post_controller_hold,False,,0.2307,2.1193,not_attempted,0.0,False,True
4.978566,66,3047.52729,True,0.3845378525217447,False,False,1.1138506134987483,success,True,0.5701080849363913,5.701080849363914,2.4938826582517444,9.191329111288129,3.2571508542879912,0.8784605073533883,66,66,1.0,1.600562970534157,1.793711581496792,0.6573438205167275,0.7071067811865476,0.5,0.5,0.5,-1.5707963705062866,velocity,post_controller_hold,False,,0.1074,1.5647,not_attempted,0.0,False,False
-48.67503,200,3103.135646,False,1.8960928547270144,False,False,1.9427493719634688,max_steps,True,0.16966321584993155,0.0,2.345714734924183,29.554124359590503,3.6391140079706368,0.9091607745748602,200,200,1.0,1.5409077349301956,1.793711581496792,0.6796195684455704,0.7071067811865476,0.5,0.5,-0.5,1.5707963705062866,velocity,post_controller_hold,False,,0.0926,1.2788,not_attempted,0.0,False,True
-10.449739,127,3140.356479,True,0.2664715898906851,False,False,1.2781973052027795,success,True,0.3009240928017037,3.0092409280170367,3.3596946597730413,18.105761960097944,4.0957815546320715,1.089543802054979,127,127,1.0,1.6097248080635504,1.793711581496792,0.684912121839047,0.7071067811865476,-0.5,0.5,0.5,1.5707963705062866,velocity,post_controller_hold,False,,0.1676,1.6572,not_attempted,0.0,True,False
-39.017036,200,3196.567738,False,1.0006916745154935,False,False,1.293922412089066,max_steps,True,0.7260562669941798,0.0,3.4016232320479265,28.250099272893916,4.209752257196172,0.9323744974015451,200,200,1.0,1.5363472174403179,1.793711581496792,0.6799146824684906,0.7071067811865476,0.5,-0.5,0.5,-0.6862514019012451,velocity,post_controller_hold,False,,0.134,2.1769,not_attempted,0.0,True,False
-56.708054,200,3255.283737,False,1.6079172335431509,False,False,1.3309549837016903,max_steps,True,0.22577502925823512,0.0,1.4379531055281138,29.523388617154573,3.1649750814794944,1.1114551923972311,200,200,1.0,1.6466082375936413,1.793711581496792,0.6907767612347017,0.7071067811865476,0.5,-0.5,-0.5,-1.5707963705062866,velocity,post_controller_hold,False,,0.1057,0.6632,not_attempted,0.0,False,False
14.367719,33,3273.296962,True,0.3805559039131663,False,False,1.6426431304494733,success,True,0.1379244549271888,1.3792445492718879,1.942637510074658,4.443658942619318,2.336204849540365,1.1332939324561613,33,33,1.0,1.5089139952796298,1.793711581496792,0.6594214920847157,0.7071067811865476,0.5,-0.5,-0.5,1.2274819612503052,velocity,post_controller_hold,False,,0.1748,2.0859,not_attempted,0.0,False,False
9.89822,44,3301.613914,True,0.268771985506582,False,False,1.1372145697881826,success,True,0.2252938565206155,2.252938565206155,2.966530949480354,6.622869476130542,2.966530949480354,0.9421231048998808,44,44,1.0,1.5207484375253484,1.793711581496792,0.707106781186547,0.7071067811865476,-0.5,-0.5,-0.5,1.5707963705062866,velocity,post_controller_hold,False,,0.0723,2.0377,not_attempted,0.0,False,False
-44.183372,176,3347.326829,False,2.6532331958665316,True,False,1.70320714223986,out_of_bounds,True,0.2623395843821073,0.0,5.489516857043376,22.601686429867783,5.539466626293234,1.0800596404893565,176,176,1.0,1.6573286583939308,1.793711581496792,0.6483038226507335,0.7071067811865476,0.5,-0.2,0.5,-1.5707963705062866,velocity,post_controller_hold,False,,0.1578,0.8446,not_attempted,0.0,False,True
8.151983,82,3376.840742,True,0.3555292030336957,False,False,1.1975433954882293,success,True,0.2171028206502299,2.171028206502299,0.8300462352348885,11.048628570382647,1.7831863545104611,1.0839847593548353,82,82,1.0,1.6138680819339708,1.793711581496792,0.6869622038065408,0.7071067811865476,0.5,-0.5,-0.5,-1.5367320775985718,simulator_service,service_success,True,,0.0101,0.0004,service_success,0.0,False,False
-51.041904,200,3433.659822,False,1.8737827337618844,False,False,1.1831474260123245,max_steps,True,0.5199501597398601,0.0,3.8578620461201396,27.761377500272868,6.888269590189356,0.9975737198996812,200,200,1.0,1.5429485194813426,1.793711581496792,0.6685370615604104,0.7071067811865476,0.5,-0.5,0.5,-0.1420661211013794,velocity,post_controller_hold,False,,0.1364,0.6193,not_attempted,0.0,True,False
-14.929044,112,3472.377201,True,0.390009961871378,False,False,1.8224329923226996,success,True,0.862827784189846,8.62827784189846,1.6657121938111243,15.00140679909709,2.45039265908573,0.9791984511114956,112,112,1.0,1.5997584081912475,1.793711581496792,0.6525976087545718,0.7071067811865476,0.5,0.5,0.5,0.6054705381393433,velocity,post_controller_hold,False,,0.0101,1.6831,not_attempted,0.0,False,False
-7.6196957,153,3516.593707,True,0.32550649476568233,False,False,1.234305975663708,success,True,0.3147898272547659,3.1478982725476587,2.4539174306762046,20.307806034115096,3.760257073205938,0.9391754686627871,153,153,1.0,1.5916434119595424,1.793711581496792,0.6627262363026835,0.7071067811865476,-0.5,-0.04814609885215759,0.5,-1.5707963705062866,velocity,post_controller_hold,False,,0.0288,2.4394,not_attempted,0.0,True,False
17.603811,16,3531.400805,True,0.39833156008066334,False,False,1.708055165511423,success,True,0.03340247475368976,0.3340247475368976,1.4867870094360789,2.2811466362712105,1.4867870094360789,0.9455084235972672,16,16,1.0,1.7898702370199207,1.793711581496792,0.6961781739110651,0.7071067811865476,0.5,-0.5,-0.5,-1.5707963705062866,velocity,post_controller_hold,False,,0.131,2.2318,not_attempted,0.0,False,True
-43.65845,200,3591.80807,False,2.227759164299628,False,False,1.7718684263756044,max_steps,True,0.29162886019719436,0.0,4.8701003518971,26.96840218808056,4.8701003518971,0.8668090222915389,200,200,1.0,1.6533200555615444,1.793711581496792,0.6480343988260322,0.7071067811865476,-0.5,-0.5,-0.5,0.5284264087677002,velocity,post_controller_hold,False,,0.1466,0.3317,not_attempted,0.0,False,False
-2.200756,77,3617.422262,True,0.2724381602106508,False,False,1.5478968886441553,success,True,0.5331067394667025,5.331067394667025,2.990966882420159,11.51068594226534,2.990966882420159,1.1081399747119072,77,77,1.0,1.6285974572297754,1.793711581496792,0.6788231872468513,0.7071067811865476,0.5,0.5,-0.5,-1.5707963705062866,velocity,post_controller_hold,False,,0.1245,2.5328,not_attempted,0.0,False,False
-3.0179977,144,3659.750777,True,0.2863077325215757,False,False,1.733324408604372,success,True,0.05593467146810013,0.5593467146810014,2.1542572451177806,18.899009708325867,4.024937233950574,0.75205437755016,144,144,1.0,1.6217613036775074,1.793711581496792,0.6773522812958567,0.7071067811865476,-0.5,-0.5,0.5,0.280227929353714,velocity,post_controller_hold,False,,0.1647,2.1981,not_attempted,0.0,False,False
-42.211975,200,3714.061329,False,1.3053897343768723,False,False,1.6090354190518117,max_steps,True,0.8366278789925405,0.0,2.42917513177155,28.341770787505563,3.6616632358060612,1.0212344607498525,200,200,1.0,1.6324276439963774,1.793711581496792,0.6938568980170525,0.7071067811865476,-0.5,-0.5,0.5,0.8587758541107178,velocity,post_controller_hold,False,,0.2365,1.1511,not_attempted,0.0,False,False
6.912162,22,3736.276915,True,0.2619057853040444,False,False,1.5294895506856063,success,True,0.9754317969537368,9.754317969537368,2.2925149711389765,2.9112067116890405,2.2925149711389765,1.5018998126451513,22,22,1.0,1.586155808082107,1.793711581496792,0.6873579799250282,0.7071067811865476,-0.5,0.5,0.5,1.5707963705062866,velocity,post_controller_hold,False,,0.1217,1.1797,not_attempted,0.0,True,False
-33.097237,200,3793.69182,False,2.5198957351598694,False,False,1.6848202333462579,max_steps,True,0.5115841182042259,0.0,5.077403174570325,25.599262117630712,5.077403174570325,1.1727411362734732,200,200,1.0,1.6066818675390515,1.793711581496792,0.6587097772808782,0.7071067811865476,-0.5,0.5,0.5,1.5707963705062866,velocity,post_controller_hold,False,,0.1698,2.0393,not_attempted,0.0,False,False
-26.74007,179,3844.906873,True,0.2909706100904524,False,False,1.4090630502065822,success,True,0.14869398813740217,1.4869398813740218,1.6591117424065143,23.605944186929662,3.542286553660037,1.076989452560796,179,179,1.0,1.4714822245117076,1.793711581496792,0.6802284856618429,0.7071067811865476,-0.5,0.5,-0.0882929340004921,1.5707963705062866,velocity,post_controller_hold,False,,0.156,0.8026,not_attempted,0.0,False,False
-19.604103,92,3874.422278,True,0.08142715174399144,False,False,1.5343522410694375,success,True,0.8135209342227228,8.135209342227228,2.6212959363848363,12.438830244455689,3.1052399698177524,1.1860033418577192,92,92,1.0,1.6016047286039887,1.793711581496792,0.6845658065710467,0.7071067811865476,-0.49942439794540405,0.5,0.5,1.5707963705062866,velocity,post_controller_hold,False,,0.1202,2.8425,not_attempted,0.0,False,False
-66.33568,200,3935.423805,False,1.8605493597519043,False,False,0.9318248496023611,max_steps,True,0.9567366990553923,0.0,1.6482487273035369,26.101764982349426,2.2999182880678997,0.9318248496023611,200,200,1.0,1.5707657764511302,1.793711581496792,0.6546951345073667,0.7071067811865476,-0.5,0.5,0.5,-1.1103668212890625,velocity,post_controller_hold,False,,0.2141,0.9798,not_attempted,0.0,False,False
-22.404484,114,3976.250394,True,0.23332508335034832,False,False,1.079798652600359,success,True,0.5575359888260272,5.575359888260271,3.2173263916269983,15.55662903582806,4.2051105966823545,0.9179127202154334,114,114,1.0,1.7175362139231591,1.793711581496792,0.6760353104369767,0.7071067811865476,-0.5,-0.5,0.5,-1.5707963705062866,velocity,post_controller_hold,False,,0.0861,1.6759,not_attempted,0.0,True,False
-17.196442,135,4019.969284,True,0.26857914120723986,False,False,1.6355480785232266,success,True,0.2265759316527701,2.265759316527701,2.816185980980487,18.88575060120531,4.895279821449486,0.8748949852129659,135,135,1.0,1.7052585963588764,1.793711581496792,0.6845214155539576,0.7071067811865476,0.464735209941864,0.5,-0.5,1.5707963705062866,velocity,post_controller_hold,False,,0.146,2.9885,not_attempted,0.0,False,False
-46.098972,200,4077.081883,False,1.7054525264699698,False,False,1.6176267708224557,max_steps,True,0.2146061719695814,0.0,0.39625386896490306,28.453949619602284,5.23307245679305,0.8852905780288871,200,200,1.0,1.6107451969899176,1.793711581496792,0.6662084132751874,0.7071067811865476,-0.5,0.5,-0.5,-1.5707963705062866,velocity,post_controller_hold,False,,0.1489,2.7165,not_attempted,0.0,False,False
-40.189716,200,4133.493069,False,2.885391299070375,False,False,1.9666976680412969,max_steps,True,0.4830744348821089,0.0,4.907371283832415,27.79027669394044,5.635886568932567,0.8608746411160393,200,200,1.0,1.5680601599610051,1.793711581496792,0.6927309811411662,0.7071067811865476,-0.5,-0.5,0.5,-1.5707963705062866,velocity,post_controller_hold,False,,0.1513,0.2104,not_attempted,0.0,False,False
-95.24375,200,4192.800316,False,1.333904895304732,False,False,1.8228743808195318,max_steps,True,0.6862806740439883,0.0,2.2949010483679926,28.8844465678534,5.964382536099135,1.0571161015980954,200,200,1.0,1.6742740824718874,1.793711581496792,0.6983919560101807,0.7071067811865476,0.5,-0.5,-0.5,1.5707963705062866,velocity,post_controller_hold,False,,0.0823,2.3881,not_attempted,0.0,False,True
6.5847597,59,4222.526168,True,0.3679696805425186,False,False,1.4392955802228038,success,True,0.4474813898671513,4.474813898671513,1.2017227991908568,8.301239143700702,2.8595200577393647,1.1437516999871409,59,59,1.0,1.5546907751471604,1.793711581496792,0.6636918520484447,0.7071067811865476,0.5,0.17184282839298248,-0.5,1.5707963705062866,velocity,post_controller_hold,False,,0.1604,0.2094,not_attempted,0.0,False,False
-8.104677,94,4256.245352,True,0.36147524808471565,False,False,1.4146542716009645,success,True,0.15427385634341417,1.5427385634341417,3.3040170209710507,12.520410618106428,4.722969433393072,1.187025955566503,94,94,1.0,1.6611176942340717,1.793711581496792,0.6704272619186014,0.7071067811865476,-0.5,0.5,0.5,-1.5707963705062866,velocity,post_controller_hold,False,,0.2281,0.3764,not_attempted,0.0,False,False
-10.345769,118,4300.854524,True,0.3212716094473968,False,False,1.785842997833786,success,True,0.6582673567932401,6.582673567932401,3.0122634427587953,16.38579640354442,4.13887405573761,1.0132165288291544,118,118,1.0,1.646422210027388,1.793711581496792,0.6897109585247865,0.7071067811865476,-0.5,-0.5,-0.5,1.5707963705062866,velocity,post_controller_hold,False,,0.1601,0.7314,not_attempted,0.0,False,True
5.7212043,57,4336.667875,True,0.38503682076762696,False,False,1.7781149856707759,success,True,0.7279434809589082,7.279434809589081,1.7128702340782735,6.874119610783156,1.7128702340782735,0.9205265636429667,57,57,1.0,1.5593782117567616,1.793711581496792,0.6801601063932403,0.7071067811865476,0.5,0.5,0.4519054889678955,-1.5707963705062866,velocity,post_controller_hold,False,,0.1188,3.0352,not_attempted,0.0,False,False
11.275184,26,4360.582666,True,0.33305812509990584,False,False,1.622585826346052,success,True,0.3847785779313327,3.8477857793133268,2.2803558677281113,3.2953796348085023,2.2803558677281113,0.9511658295781272,26,26,1.0,1.7410387462817338,1.793711581496792,0.6534739194106749,0.7071067811865476,0.4426216185092926,0.5,0.5,-1.5707963705062866,velocity,post_controller_hold,False,,0.1103,1.6935,not_attempted,0.0,False,False
-44.102135,200,4418.197059,False,1.976510275605198,False,False,1.662096596246903,max_steps,True,0.35187980470554203,0.0,2.1018967394402392,27.934422889143868,4.639280767319023,1.095541942785665,200,200,1.0,1.6866781785237135,1.793711581496792,0.6788864610780037,0.7071067811865476,-0.5,-0.5,-0.5,1.5707963705062866,velocity,post_controller_hold,False,,0.1085,2.2648,not_attempted,0.0,False,False
-55.474106,200,4475.21857,False,1.6838089485784062,False,False,1.2804356878133032,max_steps,True,0.6392804931083351,0.0,3.8192597298875115,27.001929237049453,4.012664037970278,0.9872106668072718,200,200,1.0,1.6740733453437375,1.793711581496792,0.6933766935615759,0.7071067811865476,0.5,-0.5,0.5,1.5707963705062866,velocity,post_controller_hold,False,,0.1071,2.599,not_attempted,0.0,False,False
-8.899658,131,4518.526853,True,0.12474878402249764,False,False,1.2654435988558514,success,True,0.6239658172146517,6.239658172146517,3.274337900259148,17.64886350872221,4.856362069609457,1.075698818150366,131,131,1.0,1.660797227966618,1.793711581496792,0.6841986886217769,0.7071067811865476,0.5,0.5,-0.5,-1.5707963705062866,velocity,post_controller_hold,False,,0.2201,2.2692,not_attempted,0.0,False,False
9.808704,49,4546.643329,True,0.2435400227380115,False,False,1.1760898021682558,success,True,0.31266294362849417,3.126629436284942,1.2122294633637059,6.432046613489625,1.9187246845928538,1.131611033596163,49,49,1.0,1.4917752740288257,1.793711581496792,0.6563956593084344,0.7071067811865476,0.5,-0.5,-0.5,0.9705560207366943,velocity,post_controller_hold,False,,0.1263,1.7024,not_attempted,0.0,False,False
-45.99302,200,4602.95406,False,3.0929566268804316,False,False,1.291480277780367,max_steps,True,0.760258018848771,0.0,4.445461815966643,27.038610475208028,4.445461815966643,0.9435329176967838,200,200,1.0,1.5723046981049733,1.793711581496792,0.6904201968288123,0.7071067811865476,-0.5,-0.5,-0.5,0.384324848651886,velocity,post_controller_hold,False,,0.2085,1.9261,not_attempted,0.0,False,False
-32.867672,200,4658.471245,False,1.2833910302767673,False,False,1.7788649478810645,max_steps,True,0.46378806493096564,0.0,3.623390330705087,25.453635827919193,3.623390330705087,0.9438942226874983,200,200,1.0,1.6647757878937006,1.793711581496792,0.6827711654179471,0.7071067811865476,0.5,0.49226462841033936,-0.5,1.5707963705062866,velocity,post_controller_hold,False,,0.2236,0.5853,not_attempted,0.0,False,True
-44.437954,200,4714.183989,False,1.4236355317413212,False,False,1.2523805978215945,max_steps,True,0.33496545809245853,0.0,3.6133375488891346,26.015472185714877,5.003790569274553,0.848272532215921,200,200,1.0,1.6274562173298306,1.793711581496792,0.6792502992226652,0.7071067811865476,-0.011478900909423828,0.5,0.5,-1.5707963705062866,velocity,post_controller_hold,False,,0.0914,2.4883,not_attempted,0.0,True,False
-41.53157,200,4775.480346,False,0.47448339329502814,False,False,1.1569751082023163,max_steps,True,0.2752447688509948,0.0,3.7469359599017573,27.247079225994653,3.882701805728417,1.0328611336279152,200,200,1.0,1.5269857266603604,1.793711581496792,0.6777312678593528,0.7071067811865476,0.5,0.5,0.5,-0.9340131282806396,velocity,post_controller_hold,False,,0.0843,2.8848,not_attempted,0.0,False,False
-69.75202,191,4826.802044,False,5.8520491493454845,True,False,1.7666816114692019,out_of_bounds,True,0.7440330855226914,0.0,3.9485996492212587,25.856270328151975,4.108410677783033,1.1065637350747983,191,191,1.0,1.6037849719482764,1.793711581496792,0.6844044712290179,0.7071067811865476,0.5,0.2,0.5,-1.5707963705062866,velocity,post_controller_hold,False,,0.1983,1.7207,not_attempted,0.0,False,True
-16.158255,167,4875.623802,True,0.3478321026890591,False,False,1.556832753677561,success,True,0.08258357156685314,0.8258357156685314,3.3197885181702804,20.653657976624846,3.4129252479131216,0.9188664678130279,167,167,1.0,1.527663305312145,1.793711581496792,0.6826241800210491,0.7071067811865476,-0.5,-0.5,-0.5,0.4168545603752136,simulator_service,service_success,True,,0.0117,0.0002,service_success,0.0,False,True
-1.3656807,95,4912.145804,True,0.3830515496486692,False,False,1.6740167416337595,success,True,0.8271136894088299,8.271136894088299,2.290059057683849,12.146767938906306,2.5198672158814728,0.9419632269901131,95,95,1.0,1.594645009785503,1.793711581496792,0.6461629587706174,0.7071067811865476,0.5,-0.5,0.5,-1.1933432817459106,velocity,post_controller_hold,False,,0.122,1.9258,not_attempted,0.0,False,False
-6.9311924,152,4963.261786,True,0.19711283023273676,False,False,1.6396877611185405,success,True,0.2509727812266736,2.509727812266736,0.9904853959693249,18.98276717248809,2.664878991710624,1.013889956749165,152,152,1.0,1.6153311942404336,1.793711581496792,0.6821352784710196,0.7071067811865476,-0.42860281467437744,-0.5,0.31235530972480774,1.5707963705062866,velocity,post_controller_hold,False,,0.0882,2.0631,not_attempted,0.0,False,False
15.693511,21,4984.777264,True,0.3670163463909458,False,False,1.564286778421974,success,True,0.15148443701587952,1.5148443701587953,1.532854321640159,2.7912774472650206,1.532854321640159,1.4029960870534757,21,21,1.0,1.7291109483133307,1.793711581496792,0.7071067811865478,0.7071067811865476,0.5,0.5,0.5,-1.0815842151641846,velocity,post_controller_hold,False,,0.2089,1.463,not_attempted,0.0,True,False
3.5714636,65,5015.382905,True,0.19495890098946977,False,False,1.734912741586703,success,True,0.707029026588031,7.07029026588031,0.9598365045597088,8.444454119555555,2.5360733938975497,1.0998129335345046,65,65,1.0,1.5963581906364894,1.793711581496792,0.6855323542064234,0.7071067811865476,-0.5,0.5,-0.5,0.7756567597389221,velocity,post_controller_hold,False,,0.1319,1.3458,not_attempted,0.0,False,True
-52.452244,200,5076.701322,False,2.3413948493070498,False,False,1.158105534154634,max_steps,True,0.644088885222573,0.0,3.2633179948557443,25.656474260029793,3.420567647983281,0.8840817711601285,200,200,1.0,1.7075662586257727,1.793711581496792,0.6731394963037419,0.7071067811865476,0.5,-0.15091478824615479,0.5,1.5707963705062866,velocity,post_controller_hold,False,,0.0395,0.8595,not_attempted,0.0,False,False
-76.40328,200,5134.314,False,0.4605028999074498,False,False,1.941263528597677,max_steps,True,0.2567281876426262,0.0,3.603898588774872,25.815106746445984,5.365374515857745,0.8811980042568669,200,200,1.0,1.7490703602841884,1.793711581496792,0.6851294673808627,0.7071067811865476,0.5,-0.2455964982509613,0.5,-1.5707963705062866,velocity,post_controller_hold,False,,0.1562,3.1006,not_attempted,0.0,False,False
-40.11517,200,5190.334947,False,2.3577336621071217,False,False,1.2650198759866786,max_steps,True,0.06983100617449359,0.0,2.7132083337696247,24.904134852165893,2.9625244417242045,0.9176359146652903,200,200,1.0,1.5792273050360996,1.793711581496792,0.6670989252215916,0.7071067811865476,-0.5,0.4066472053527832,0.5,-1.5707963705062866,velocity,post_controller_hold,False,,0.1261,3.1228,not_attempted,0.0,False,False
-34.46864,200,5252.842916,False,0.6802148177489987,False,False,1.7620305447192033,max_steps,True,0.8260910893857264,0.0,1.735610560736237,26.681727460656045,2.943700456649635,0.9934519613252173,200,200,1.0,1.58515868196567,1.793711581496792,0.6640639891876355,0.7071067811865476,0.5,-0.5,-0.5,-1.5707963705062866,velocity,post_controller_hold,False,,0.1128,0.0151,not_attempted,0.0,False,True
5.3578024,78,5290.064478,True,0.3451873600531197,False,False,1.3518092337560668,success,True,0.1662800836433623,1.662800836433623,1.338925784021227,10.020185299747096,1.338925784021227,0.9151475880552493,78,78,1.0,1.511151892834838,1.793711581496792,0.7049906433703766,0.7071067811865476,-0.5,0.5,0.5,-1.5707963705062866,velocity,post_controller_hold,False,,0.0737,2.4808,not_attempted,0.0,True,False
-38.585392,200,5348.782086,False,0.6107933243988164,False,False,1.2113406431135951,max_steps,True,0.564662186302067,0.0,1.3602000247688317,27.81727124241757,2.533698983241188,0.89224766063885,200,200,1.0,1.6748811627406561,1.793711581496792,0.6917762644662518,0.7071067811865476,-0.5,0.5,-0.5,1.5707963705062866,velocity,post_controller_hold,False,,0.0909,1.4549,not_attempted,0.0,False,False
-42.713066,200,5415.991423,False,1.513780872677718,False,False,0.9515121900518779,max_steps,True,0.7578227266071558,0.0,2.555568187654722,27.313069355347512,3.910170798717607,0.9515121900518779,200,200,1.0,1.6160500009162586,1.793711581496792,0.6728469152682315,0.7071067811865476,0.5,-0.1444770097732544,0.10172872990369797,0.11015404760837555,velocity,post_controller_hold,False,,0.0873,2.2241,not_attempted,0.0,False,False
-13.945136,150,5467.607337,True,0.3288101513307161,False,False,1.736062552907203,success,True,0.5095210078147614,5.095210078147614,2.802113517096001,19.746983791351425,3.4527321740091472,1.0369307860450694,150,150,1.0,1.6102689609423513,1.793711581496792,0.7007665234424509,0.7071067811865476,-0.5,0.5,-0.5,-1.1718499660491943,velocity,post_controller_hold,False,,0.0782,2.5662,not_attempted,0.0,False,True
-28.830145,183,5524.823733,True,0.2940821467370292,False,False,1.4147165506429746,success,True,0.28873049070008266,2.8873049070008268,3.4231776454937406,25.76743241887553,5.226187432194814,0.9283451391622597,183,183,1.0,1.6904303117681398,1.793711581496792,0.69906087278448,0.7071067811865476,0.5,0.5,0.5,-0.9638301134109497,velocity,post_controller_hold,False,,0.0848,0.8352,not_attempted,0.0,True,False
-10.986473,166,5580.143215,True,0.3071985121076795,False,False,2.023490690880481,success,True,0.2980318509662431,2.980318509662431,3.760602764210408,22.503058938763555,4.748885275805854,0.9905419493395055,166,166,1.0,1.5558749244162053,1.793711581496792,0.6788895208458161,0.7071067811865476,-0.5,0.5,-0.051171012222766876,1.5707963705062866,velocity,post_controller_hold,False,,0.1709,0.4286,not_attempted,0.0,False,False
-53.33005,200,5637.949228,False,3.0975776847044476,False,False,1.953498122133152,max_steps,True,0.8194031348068211,0.0,5.072924997047437,25.884918633533488,5.183931241709809,1.0870859333118483,200,200,1.0,1.6255222645568042,1.793711581496792,0.6790360977254004,0.7071067811865476,0.5,0.5,-0.5,-1.5707963705062866,velocity,post_controller_hold,False,,0.1004,1.8988,not_attempted,0.0,False,False
-48.224648,200,5694.574006,False,2.30191168739688,False,False,1.8141663606253358,max_steps,True,0.28148890429106904,0.0,3.91481445942754,24.9965684553434,3.91481445942754,0.930932739744207,200,200,1.0,1.673856682183753,1.793711581496792,0.6896165693230398,0.7071067811865476,0.2,-0.5,-0.5,1.5707963705062866,velocity,post_controller_hold,False,,0.1546,2.3134,not_attempted,0.0,False,True
-24.382492,190,5750.78083,True,0.39525747366758823,False,False,1.3515302487641354,success,True,0.40972095793542584,4.097209579354258,3.0434836285162845,24.093255267938638,5.123282962462887,0.9897621123606093,190,190,1.0,1.6473892742565994,1.793711581496792,0.6824240600721215,0.7071067811865476,0.5,0.5,-0.5,-1.5707963705062866,velocity,post_controller_hold,False,,0.1182,0.7824,not_attempted,0.0,False,False
-43.609055,200,5808.794232,False,1.0774404745920911,False,False,1.2324584363295292,max_steps,True,0.7601023518224994,0.0,0.9936369572578293,27.000019105825036,4.897923177947336,0.6456113065534216,200,200,1.0,1.6132867763794259,1.793711581496792,0.6827875690378964,0.7071067811865476,0.5,-0.5,-0.5,0.29535001516342163,velocity,post_controller_hold,False,,0.085,1.3036,not_attempted,0.0,False,False
-42.415184,200,5867.909759,False,1.6642397107933324,False,False,1.033937814017266,max_steps,True,0.3137161343108128,0.0,0.7587468530615077,23.92495070038598,3.995560316618194,0.7659684714348141,200,200,1.0,1.4701301794803785,1.793711581496792,0.6589468232994484,0.7071067811865476,0.5,-0.3199228048324585,0.5,1.5707963705062866,velocity,post_controller_hold,False,,0.0291,1.7995,not_attempted,0.0,False,False
-33.97313,200,5932.029135,False,2.0092702386899286,False,False,1.7918541177154965,max_steps,True,0.39473322449045783,0.0,3.741148212687302,26.569548576183937,3.741148212687302,0.9571161968879269,200,200,1.0,1.6494979388163857,1.793711581496792,0.6939557124834803,0.7071067811865476,0.5,-0.5,-0.5,-1.5707963705062866,velocity,post_controller_hold,False,,0.1065,1.3188,not_attempted,0.0,False,False
-26.386337,195,5997.244776,True,0.3731155176623448,False,False,1.7353445438018713,success,True,0.4301798082444978,4.301798082444978,3.155371799702499,25.174655639709446,5.451833003164945,0.9030105461994852,195,195,1.0,1.6463828204745283,1.793711581496792,0.6735742581576522,0.7071067811865476,-0.5,-0.5,-0.5,0.7648413181304932,velocity,post_controller_hold,False,,0.0443,1.7238,not_attempted,0.0,False,False
-7.454376,116,6037.646843,True,0.19248860663299336,False,False,1.7776303945599814,success,True,0.2329985224423264,2.329985224423264,2.4803840677150872,16.133918547428628,2.9406804707926155,0.8179156554623181,116,116,1.0,1.6848908911203688,1.793711581496792,0.6770551727733835,0.7071067811865476,0.5,0.5,-0.5,1.0319650173187256,velocity,post_controller_hold,False,,0.0996,2.9511,not_attempted,0.0,False,False
-16.650383,156,6088.96822,True,0.20863576363247655,False,False,1.8380613443983613,success,True,0.19129475786365874,1.9129475786365875,1.774041175019142,19.65363144348273,2.6552001928528086,0.8636035866145116,156,156,1.0,1.4617865341556506,1.793711581496792,0.6693042783115382,0.7071067811865476,-0.5,-0.5,-0.5,-0.5789343118667603,velocity,post_controller_hold,False,,0.1677,0.6534,not_attempted,0.0,False,True
-8.211912,97,6126.670362,True,0.33108974616106546,False,False,1.2538792873685487,success,True,0.3732535562789826,3.732535562789826,2.664435598044563,14.233892569288885,3.3740403438875735,1.0937049614511,97,97,1.0,1.645657197255884,1.793711581496792,0.7007468604587022,0.7071067811865476,0.5,-0.5,-0.5,-1.5707963705062866,velocity,post_controller_hold,False,,0.185,3.0529,not_attempted,0.0,False,False
-38.17586,200,6189.092388,False,0.9172366385991269,False,False,1.7284528461657784,max_steps,True,0.37598718273824766,0.0,2.9984080528476094,26.781700849479748,3.2111490937099307,0.9908838399326836,200,200,1.0,1.548195133581357,1.793711581496792,0.6809146477570173,0.7071067811865476,0.5,0.5,-0.5,1.5707963705062866,velocity,post_controller_hold,False,,0.0875,0.9122,not_attempted,0.0,False,False
9.425346,16,6218.799168,True,0.29309637056776044,False,False,1.7236959010820754,success,True,0.832627175251691,8.326271752516911,1.8195238785368961,1.9711700867692608,1.8195238785368961,1.447077367932387,16,16,1.0,1.768661912944053,1.793711581496792,0.7071067811865478,0.7071067811865476,0.5,-0.5,0.5,1.5707963705062866,velocity,post_controller_hold,False,,0.0992,1.2545,not_attempted,0.0,True,False
0.16752052,62,6250.934099,True,0.2949070737211225,False,False,1.2697690666266348,success,True,0.6166940679292826,6.166940679292826,2.194878508902861,7.0556792492167855,2.338749625530675,1.2697690666266348,62,62,1.0,1.665275537814062,1.793711581496792,0.666534800911067,0.7071067811865476,-0.5,0.5,-0.5,1.5707963705062866,velocity,post_controller_hold,False,,0.1424,2.7086,not_attempted,0.0,False,False
-39.039085,200,6312.447136,False,1.9792161043647218,False,False,1.499800112097392,max_steps,True,0.6056858052718691,0.0,3.8025036837773785,24.28830603375637,4.434282026176522,0.6479784091867038,200,200,1.0,1.645870380052437,1.793711581496792,0.6691224602464338,0.7071067811865476,-0.5,-0.5,0.5,-1.5707963705062866,velocity,post_controller_hold,False,,0.1072,2.6702,not_attempted,0.0,True,False
6.9746256,81,6354.158766,True,0.35701364563688875,False,False,1.5628177077845602,success,True,0.3609913642169118,3.609913642169118,1.4536825025121078,10.024994456661846,2.814044730447768,0.9313831983394982,81,81,1.0,1.6362416923186605,1.793711581496792,0.6463278394428769,0.7071067811865476,0.08658361434936523,-0.5,-0.5,1.5707963705062866,velocity,post_controller_hold,False,,0.0221,1.1224,not_attempted,0.0,False,False
-2.3473034,122,6400.173641,True,0.2773777668439365,False,False,1.257370840621136,success,True,0.6970948892396704,6.970948892396704,1.6954006415420242,16.05034639694735,2.810068794375763,1.175289293766292,122,122,1.0,1.64247142793311,1.793711581496792,0.6677977875493195,0.7071067811865476,0.1617053747177124,-0.5,0.5,1.5707963705062866,velocity,post_controller_hold,False,,0.1763,1.3138,not_attempted,0.0,True,False
-35.71549,200,6462.890844,False,2.5647318932739656,False,False,1.6787799555909797,max_steps,True,0.8914358657290395,0.0,1.9846660601413924,26.019460523781685,2.513430746752403,0.7757202503510213,200,200,1.0,1.5721354090984314,1.793711581496792,0.6854771519512116,0.7071067811865476,0.5,-0.2,0.5,1.5707963705062866,velocity,post_controller_hold,False,,0.1558,2.2333,not_attempted,0.0,False,True
-40.897182,200,6525.605146,False,1.700770425573088,False,False,1.7772249783157896,max_steps,True,0.7137230681232574,0.0,3.8974610722702177,24.383248851637756,4.222032902113533,1.0737434158322967,200,200,1.0,1.746672546254151,1.793711581496792,0.681336333536715,0.7071067811865476,0.5,0.5,0.5,1.5707963705062866,velocity,post_controller_hold,False,,0.2136,1.385,not_attempted,0.0,False,False
1.5664358,81,6558.916996,True,0.305479859907461,False,False,1.6329958404597178,success,True,0.4033260925649769,4.03326092564977,2.2678382394009673,10.50500558089612,2.5480206852177756,0.6470239428458211,81,81,1.0,1.660116549928424,1.793711581496792,0.6761534256970869,0.7071067811865476,0.5,-0.5,0.5,1.5707963705062866,velocity,post_controller_hold,False,,0.0977,1.0908,not_attempted,0.0,True,False
-32.42013,200,6623.833843,False,2.1474246482225463,False,False,1.5714616610367371,max_steps,True,0.9851890847170831,0.0,3.0237431526924095,24.38527715757387,3.567263654886162,1.0110482667418685,200,200,1.0,1.6261364356586012,1.793711581496792,0.6654450253058463,0.7071067811865476,0.5,-0.5,0.5,1.5707963705062866,velocity,post_controller_hold,False,,0.1344,1.6844,not_attempted,0.0,False,False
-5.076912,177,6684.645858,True,0.14854617349515134,False,False,1.0007091586045038,success,True,0.16652451084149067,1.6652451084149067,1.033287382173137,24.26024834842571,3.161936322147849,0.7528747120748863,177,177,1.0,1.6005301913488685,1.793711581496792,0.6876913973880558,0.7071067811865476,0.5,0.5,-0.5,-1.5707963705062866,velocity,post_controller_hold,False,,0.1561,1.4172,not_attempted,0.0,False,False
10.058647,33,6713.660718,True,0.34597359515710824,False,False,1.8365223487768627,success,True,0.36773701526870695,3.6773701526870695,2.204298620948901,3.8853698252115523,2.204298620948901,1.2920096480611463,33,33,1.0,1.7572278292229286,1.793711581496792,0.6109055890511079,0.7071067811865476,-0.5,0.5,-0.5,-1.5707963705062866,velocity,post_controller_hold,False,,0.0525,2.1267,not_attempted,0.0,False,True
7.1812105,33,6740.557915,True,0.22633228703097652,False,False,1.2688034525540963,success,True,0.8922467985893962,8.922467985893961,1.7866811816931354,4.438596599442429,2.1259047983636137,1.0137758700319257,33,33,1.0,1.6816228185436033,1.793711581496792,0.6956963923255813,0.7071067811865476,0.5,-0.5,0.5,1.5707963705062866,velocity,post_controller_hold,False,,0.1049,2.6472,not_attempted,0.0,True,False
-0.809845,123,6792.169238,True,0.35774172510364144,False,False,1.7137307109630135,success,True,0.006174959444349529,0.061749594443495294,3.0459489955954537,16.519644126934814,4.415371556217257,0.7831953383058149,123,123,1.0,1.680465705060598,1.793711581496792,0.6835600400700761,0.7071067811865476,-0.5,0.5,0.049723781645298004,1.5707963705062866,velocity,post_controller_hold,False,,0.2073,2.2204,not_attempted,0.0,False,False
-0.08423233,56,6823.204091,True,0.23610162458645284,False,False,1.2352533510501318,success,True,0.6293164276802748,6.293164276802749,3.0126276092624167,6.8975872540031204,3.0126276092624167,0.875883080914774,56,56,1.0,1.7049657567756114,1.793711581496792,0.6880894821366772,0.7071067811865476,-0.5,0.5,-0.5,-1.5707963705062866,velocity,post_controller_hold,False,,0.1624,1.4054,not_attempted,0.0,False,False
1.378068,58,6859.818029,True,0.32376637248992185,False,False,1.8154063152281532,success,True,0.9704163450552082,9.704163450552082,3.3154600096995215,7.578370274688458,3.3154600096995215,1.0813123368417685,58,58,1.0,1.6697793609681235,1.793711581496792,0.6951735207233812,0.7071067811865476,-0.5,-0.5,0.5,-1.5707963705062866,velocity,post_controller_hold,False,,0.169,1.7092,not_attempted,0.0,False,False
-39.192646,200,6925.434353,False,1.920454825721304,False,False,0.9155405791191149,max_steps,True,0.14740324953282893,0.0,2.2006639064268967,26.296277490806617,3.293390918890726,0.8693173224429246,200,200,1.0,1.631373720695662,1.793711581496792,0.6866766899224817,0.7071067811865476,-0.5,-0.5,0.5,-0.09960165619850159,velocity,post_controller_hold,False,,0.0529,2.7934,not_attempted,0.0,False,False
-54.144,200,6984.134892,False,1.8828481474687688,False,False,1.216854532381804,max_steps,True,0.4571190989069506,0.0,3.674123136461519,24.851201762649627,4.0571854101778815,0.9572372501347984,200,200,1.0,1.5721103067373892,1.793711581496792,0.6729166618310057,0.7071067811865476,0.5,-0.5,0.5,-1.5707963705062866,velocity,post_controller_hold,False,,0.1115,0.0765,not_attempted,0.0,True,False
-31.552265,53,7006.844601,False,3.144917523914253,True,False,1.8138914489676246,out_of_bounds,True,0.8197130638251781,0.0,2.666288077844813,7.308316547596682,2.666288077844813,0.891715520404268,53,53,1.0,1.7175291355159206,1.793711581496792,0.6741053120855176,0.7071067811865476,0.5,-0.5,0.5,-0.8689586520195007,velocity,post_controller_hold,False,,0.1149,1.8264,not_attempted,0.0,False,False
-21.762238,100,7046.370766,True,0.3340651780214363,False,False,1.418499521290613,success,True,0.9001502019575289,9.00150201957529,3.164805165740678,14.164946207988429,4.5802958273955054,1.0180521178582367,100,100,1.0,1.7016702292479418,1.793711581496792,0.7027167386030917,0.7071067811865476,-0.5,0.5,0.5,-0.3162846267223358,simulator_service,service_success,True,,0.0096,0.0,service_success,0.0,True,False
-52.19641,200,7116.081391,False,1.6826796141973779,False,False,2.2536568975592535,max_steps,True,0.1883851180122009,0.0,5.251867358261892,26.112592514917814,5.251867358261892,1.1376905902264522,200,200,1.0,1.730198274680226,1.793711581496792,0.6948506437212615,0.7071067811865476,-0.5,-0.5,-0.5,-1.5707963705062866,velocity,post_controller_hold,False,,0.2371,0.5295,not_attempted,0.0,False,True
-34.086353,151,7170.104822,True,0.30341642180913514,False,False,1.6059852457248986,success,True,0.5724593472179969,5.7245934721799685,3.259778352863399,20.80790501827003,3.7520741459200355,0.8813256407275989,151,151,1.0,1.6464184934236537,1.793711581496792,0.6920351579648607,0.7071067811865476,0.5,-0.5,0.5,0.4474300742149353,velocity,post_controller_hold,False,,0.1955,1.5228,not_attempted,0.0,True,False
12.737678,7,7196.618385,True,0.2474351292166436,False,False,1.2084381581103356,success,True,0.64541839638943,6.4541839638943,0.8775950385446,0.8961462102285375,0.8775950385446,1.2084381581103356,7,7,1.0,1.081850446428569,1.082026334541809,0.7071067811865477,0.7071067811865476,0.5,-0.5,-0.5,0.648676335811615,velocity,post_controller_hold,False,,0.2075,0.3066,not_attempted,0.0,False,False
15.451221,18,7224.336507,True,0.2589606277016174,False,False,1.742372428477565,success,True,0.2258741341620449,2.258741341620449,1.6431205222181617,2.225793116194783,1.6431205222181617,1.742372428477565,18,18,1.0,1.338910445394317,1.793711581496792,0.6276459981570942,0.7071067811865476,-0.5,0.5,-0.5,0.9631884098052979,velocity,post_controller_hold,False,,0.1554,0.5676,not_attempted,0.0,False,True
-0.98024464,82,7259.447289,True,0.16473653633345225,False,False,1.995996500826894,success,True,0.9285486959902953,9.285486959902954,1.6806281468806434,10.27987813741096,3.6307142157941312,1.015346752796777,82,82,1.0,1.6932014243484508,1.793711581496792,0.6137781974231199,0.7071067811865476,0.18253594636917114,-0.5,0.5,-1.5707963705062866,velocity,post_controller_hold,False,,0.1592,2.9421,not_attempted,0.0,False,False
3.5094585,54,7300.557766,True,0.17940663151687836,False,False,2.1264393637551136,success,True,0.9832846875033913,9.832846875033912,1.15021323501639,6.935107509765347,2.1767319487418244,0.9541965495266009,54,54,1.0,1.6227810505541724,1.793711581496792,0.6785228701568383,0.7071067811865476,0.5,-0.5,0.5,1.2925525903701782,velocity,post_controller_hold,False,,0.1732,0.9438,not_attempted,0.0,False,False
-36.516804,200,7361.062977,False,2.7426049066573284,False,False,1.6937003831783861,max_steps,True,0.40936921742178467,0.0,2.8172389340060837,27.062280563930422,3.5828962460684433,0.9034602387550891,200,200,1.0,1.6187077764442486,1.793711581496792,0.6867908730987554,0.7071067811865476,-0.5,-0.5,-0.5,-1.5707963705062866,velocity,post_controller_hold,False,,0.1625,1.6681,not_attempted,0.0,False,True
-49.9749,200,7433.079821,False,3.954710507469389,False,False,1.8083189960550723,max_steps,True,0.03284931217522116,0.0,7.0591397402704406,26.73012863773026,7.0591397402704406,1.2417375104602115,200,200,1.0,1.6712490353396479,1.793711581496792,0.6610180392352434,0.7071067811865476,-0.5,-0.5,-0.17700405418872833,1.5707963705062866,velocity,post_controller_hold,False,,0.1691,0.6458,not_attempted,0.0,False,False
5.0010805,92,7475.885165,True,0.3773610373651457,False,False,1.5190900138767336,success,True,0.07516265165904853,0.7516265165904854,2.8750951847293065,11.876614358378523,3.7708725146391378,0.631285894034811,92,92,1.0,1.6432445206973614,1.793711581496792,0.675243293704143,0.7071067811865476,0.27654632925987244,0.5,0.5,1.5707963705062866,velocity,post_controller_hold,False,,0.2041,0.9564,not_attempted,0.0,True,False
-28.763378,200,7541.213073,False,2.194283435437716,False,False,1.78642898775887,max_steps,True,0.5399250061694055,0.0,1.501549226409593,24.33051360079276,2.650737551890682,0.8385885263706033,200,200,1.0,1.6143933096303424,1.793711581496792,0.6656668513795359,0.7071067811865476,0.5,-0.5,0.5,1.5707963705062866,velocity,post_controller_hold,False,,0.1048,2.4259,not_attempted,0.0,False,False
-54.769905,200,7607.434277,False,2.105234518048824,False,False,1.4657782617218271,max_steps,True,0.9305298173602973,0.0,2.994326508661972,26.080285333267497,4.707977855121275,0.8147496672909266,200,200,1.0,1.68737179887441,1.793711581496792,0.6839733924253076,0.7071067811865476,0.5,0.5,-0.5,1.5707963705062866,velocity,post_controller_hold,False,,0.1568,2.6539,not_attempted,0.0,False,False
-1.3899231,89,7651.453787,True,0.25016885183284926,False,False,1.107438532748753,success,True,0.9633903010568653,9.633903010568654,1.9632895127167032,11.981263482037939,3.1077024515590383,0.8887613545189595,89,89,1.0,1.7546530391019926,1.793711581496792,0.6772736928298051,0.7071067811865476,-0.5,0.5,-0.5,1.5707963705062866,velocity,post_controller_hold,False,,0.1466,1.3046,not_attempted,0.0,False,False
-58.718155,200,7717.655663,False,1.9972919216534921,False,False,1.9002806586106002,max_steps,True,0.17838977483201698,0.0,3.0252218814751783,27.70055736983905,5.3926555409364365,0.8643161334975147,200,200,1.0,1.6835993114411592,1.793711581496792,0.6982131042545556,0.7071067811865476,-0.5,-0.5,-0.5,-0.8020292520523071,velocity,post_controller_hold,False,,0.1995,1.5918,not_attempted,0.0,False,True
-36.587727,200,7782.580973,False,1.3268371440785893,False,False,1.4735976451658286,max_steps,True,0.39813712490226544,0.0,1.046876921214629,24.38140043786181,2.0924261242015674,0.7712063027781904,200,200,1.0,1.5694753860820354,1.793711581496792,0.6613124362907041,0.7071067811865476,0.07317352294921875,0.5,-0.5,-0.3479294776916504,velocity,post_controller_hold,False,,0.1144,1.095,not_attempted,0.0,False,False
9.133941,46,7816.491113,True,0.32654920656689534,False,False,1.6456526705765775,success,True,0.057338011702692974,0.5733801170269297,2.473763705875323,5.206969021673825,2.473763705875323,1.1070274259114865,46,46,1.0,1.6323631514958006,1.793711581496792,0.6888969856019169,0.7071067811865476,0.5,0.5,0.5,-1.5707963705062866,velocity,post_controller_hold,False,,0.0195,0.7234,not_attempted,0.0,True,False
10.221999,20,7846.411815,True,0.17916777851246649,False,False,1.5076647217006425,success,True,0.8129244186846339,8.12924418684634,1.1560121294282855,2.3546270804550056,1.4543233464201557,1.1516820626301933,20,20,1.0,1.3820366300080555,1.7907644193213368,0.6978374186368878,0.7071067811865476,0.5,-0.5,-0.5,-0.9409035444259644,velocity,post_controller_hold,False,,0.2359,2.3755,not_attempted,0.0,False,False
5.3510556,40,7876.530051,True,0.3978839590607641,False,False,1.457808002747933,success,True,0.9658096117740524,9.658096117740524,1.1720558351540313,4.992973119087662,1.4878322599758886,1.2215543678863983,40,40,1.0,1.3931004812037815,1.793711581496792,0.685041755014695,0.7071067811865476,-0.5,0.5,-0.5,0.6664910316467285,velocity,post_controller_hold,False,,0.0118,2.939,not_attempted,0.0,False,True
-43.07829,200,7939.046317,False,2.9583148776631094,False,False,2.340733632925341,max_steps,True,0.013700253651634391,0.0,4.507857969930564,26.922971650940045,4.507857969930564,0.8310784654427501,200,200,1.0,1.6458932060482774,1.793711581496792,0.6797871412128517,0.7071067811865476,0.5,0.5,-0.5,-0.8590410351753235,velocity,post_controller_hold,False,,0.175,1.3487,not_attempted,0.0,False,True
15.56631,15,7962.946921,True,0.3168365391829511,False,False,1.8500302288247985,success,True,0.19841829112040799,1.9841829112040799,1.69065095456711,1.8494709713765638,1.69065095456711,1.8500302288247985,15,15,1.0,1.5015705569877233,1.793711581496792,0.6296105348897242,0.7071067811865476,-0.2067074179649353,0.5,-0.5,1.5707963705062866,velocity,post_controller_hold,False,,0.0146,1.8764,not_attempted,0.0,False,True
-35.536045,200,8026.0509,False,2.2038919416504466,False,False,1.7800194411473582,max_steps,True,0.6732794417251857,0.0,1.4534859110270315,25.85268565327774,2.5955598253376286,0.7925378610996862,200,200,1.0,1.5547741352176052,1.793711581496792,0.6832957024457842,0.7071067811865476,-0.5,0.5,-0.5,1.5707963705062866,velocity,post_controller_hold,False,,0.1965,0.357,not_attempted,0.0,False,True
-3.5242481,78,8063.456082,True,0.2246539268330866,False,False,1.6706054942807864,success,True,0.05241174444535917,0.5241174444535917,3.1540784882276585,10.243291620752792,3.1540784882276585,1.3819086986493665,78,78,1.0,1.6891637091743412,1.793711581496792,0.6872566246038653,0.7071067811865476,-0.5,-0.5,-0.5,-1.5707963705062866,velocity,post_controller_hold,False,,0.1736,2.3057,not_attempted,0.0,False,False
14.302681,21,8087.986139,True,0.3958734469527263,False,False,1.6129886646999134,success,True,0.18434019231707524,1.8434019231707524,1.871110030161672,2.3960880300590137,1.871110030161672,1.3814284006630417,21,21,1.0,1.7729398014732165,1.793711581496792,0.6761154578946116,0.7071067811865476,-0.5,-0.34576499462127686,0.5,-1.5707963705062866,velocity,post_controller_hold,False,,0.2248,1.5145,not_attempted,0.0,True,False
7.9557323,21,8119.724078,True,0.35970388838603234,False,False,1.9618216507381123,success,True,0.9193703775525156,9.193703775525156,2.0971901903700205,2.865613675762613,2.1138959876317585,1.3026418146570085,21,21,1.0,1.3556816772986753,1.793711581496792,0.6934481775862932,0.7071067811865476,-0.5,-0.5,0.251949280500412,-0.11641758680343628,velocity,post_controller_hold,False,,0.0326,0.2463,not_attempted,0.0,False,False
-5.230935,123,8166.920039,True,0.3052798262287104,False,False,1.6040838686143333,success,True,0.44119304562574463,4.411930456257446,2.6217888143397414,15.227023155146044,3.915662608008553,1.1482889210093157,123,123,1.0,1.5696040766047672,1.793711581496792,0.6664012515092127,0.7071067811865476,-0.5,0.1354907751083374,0.5,1.5707963705062866,velocity,post_controller_hold,False,,0.0039,0.5574,not_attempted,0.0,True,False
0.9989872,63,8207.441847,True,0.184268020694779,False,False,1.4232779520591585,success,True,0.21127588283373153,2.112758828337315,3.370592097699901,8.807927619351464,4.029545963059635,0.7816641717523005,63,63,1.0,1.6489958389861559,1.793711581496792,0.7071067811865468,0.7071067811865476,-0.5,0.5,0.5,0.26591697335243225,velocity,post_controller_hold,False,,0.1599,1.0886,not_attempted,0.0,True,False
-40.488266,200,8273.059832,False,0.8623664865582832,False,False,0.9134058136582263,max_steps,True,0.3714652019276296,0.0,2.0268765528319515,27.384160031086083,5.070473006220394,0.7018017902480951,200,200,1.0,1.7098969895606033,1.793711581496792,0.6824733663709499,0.7071067811865476,0.5,-0.5,0.5,-1.5707963705062866,velocity,post_controller_hold,False,,0.0107,1.8173,not_attempted,0.0,True,False
-37.777252,200,8340.178258,False,3.534109041457361,False,False,1.4605516718334248,max_steps,True,0.20832254535482303,0.0,6.440546539881958,26.17126458545078,6.440546539881958,0.7809490119329002,200,200,1.0,1.6756501007061682,1.793711581496792,0.691113144821913,0.7071067811865476,0.5,-0.5,-0.5,1.5707963705062866,velocity,post_controller_hold,False,,0.1866,1.2489,not_attempted,0.0,False,False
-39.590508,151,8385.175999,False,1.9472464212328076,True,False,1.157104900259606,out_of_bounds,True,0.08826791717269011,0.0,4.346715893065387,19.131171110808268,4.346715893065387,0.7575032662662425,151,151,1.0,1.5324254933391073,1.793711581496792,0.6955530954998996,0.7071067811865476,0.5,0.5,0.5,0.23511357605457306,velocity,post_controller_hold,False,,0.0095,2.092,not_attempted,0.0,True,False
-40.4209,200,8450.888536,False,2.7397839209927404,False,False,1.569692942392163,max_steps,True,0.9030405895482295,0.0,2.947217255100285,24.045287850565014,2.982370178917716,0.5607989546346663,200,200,1.0,1.6401939174043076,1.793711581496792,0.6960413629236416,0.7071067811865476,-0.5,0.5,-0.5,1.5707963705062866,simulator_service,service_success,True,,0.0089,0.0,service_success,0.0,False,False
-6.194772,145,8506.991259,True,0.2796266582264806,False,False,1.9208731324239416,success,True,0.4313116085209157,4.313116085209157,2.0358244819389544,17.68270980785635,3.833664152452455,0.612792962603226,145,145,1.0,1.5803069536899779,1.793711581496792,0.6728857180634435,0.7071067811865476,-0.5,-0.5,-0.5,1.5707963705062866,velocity,post_controller_hold,False,,0.2106,1.7578,not_attempted,0.0,False,False
2.6778994,63,8544.931497,True,0.3794082728664651,False,False,1.3987958432216856,success,True,0.5083437947987145,5.083437947987145,2.50984777601962,8.543062543190722,2.7892645652349,1.0151762783082168,63,63,1.0,1.6897689686064317,1.793711581496792,0.6917266322947726,0.7071067811865476,-0.5,-0.5,-0.5,1.5707963705062866,velocity,post_controller_hold,False,,0.218,2.4699,not_attempted,0.0,False,False
-33.135513,200,8616.615901,False,0.6186278608110651,False,False,1.6579757217854003,max_steps,True,0.7409807400731652,0.0,2.830760425090443,26.821026657569565,3.725922592451662,0.5567890854341088,200,200,1.0,1.6778971871400148,1.793711581496792,0.6946867931094194,0.7071067811865476,0.5,0.5,-0.5,1.5707963705062866,velocity,post_controller_hold,False,,0.2072,1.1178,not_attempted,0.0,False,False
-21.929462,165,8674.507908,True,0.33526539328090815,False,False,1.552905608649786,success,True,0.5452056489580597,5.452056489580597,2.5492267742445343,21.993268648714142,4.398227035220481,0.6482979133693004,165,165,1.0,1.7320424265421879,1.793711581496792,0.6935935067310133,0.7071067811865476,0.5,-0.5,0.5,-1.5707963705062866,velocity,post_controller_hold,False,,0.2168,1.5203,not_attempted,0.0,True,False
10.706516,36,8708.75093,True,0.2815595917130538,False,False,1.7746108097647886,success,True,0.23258425695075632,2.325842569507563,1.9609171182917837,5.1685220123345585,2.7921035250383177,1.0916770042131352,36,36,1.0,1.650320125812454,1.793711581496792,0.6958472671105258,0.7071067811865476,-0.5,0.5,-0.5,1.5707963705062866,velocity,post_controller_hold,False,,0.1501,2.2211,not_attempted,0.0,False,False
-40.187046,200,8779.470917,False,3.643922513396158,False,False,1.329381708385558,max_steps,True,0.9448029079104284,0.0,4.770573582185739,25.855510326128176,4.770573582185739,0.883135682225548,200,200,1.0,1.6805798333008384,1.793711581496792,0.675780904076336,0.7071067811865476,-0.07547187805175781,0.5,0.5,-1.5707963705062866,velocity,post_controller_hold,False,,0.2029,2.0492,not_attempted,0.0,False,False
9.078585,59,8815.993225,True,0.2744380996114105,False,False,1.9112963785615598,success,True,0.027469620288508047,0.27469620288508045,2.406078043822025,7.122384559269075,2.406078043822025,1.02964315179155,59,59,1.0,1.5289413239534075,1.793711581496792,0.6581414475376277,0.7071067811865476,0.5,0.5,-0.5,1.5707963705062866,velocity,post_controller_hold,False,,0.0303,0.9732,not_attempted,0.0,False,False
11.081581,9,8844.11483,True,0.2979617100724093,False,False,1.4308909142804704,success,True,0.7836039693526804,7.8360396935268035,1.069984399636867,1.2273039167719442,1.069984399636867,1.048988604416935,9,9,1.0,1.7937115814967923,1.793711581496792,0.7071067811865477,0.7071067811865476,-0.5,0.5,0.5,1.5707963705062866,velocity,post_controller_hold,False,,0.2385,0.0965,not_attempted,0.0,True,False
-27.886902,200,8912.818539,False,0.8548529053450041,False,False,1.422929192499686,max_steps,True,0.8770857566352439,0.0,1.6126458388848721,24.34088023057929,3.015496936231187,0.5214083933626061,200,200,1.0,1.6485419909901435,1.793711581496792,0.695403249586168,0.7071067811865476,-0.5,-0.5,0.5,-1.5707963705062866,velocity,post_controller_hold,False,,0.1766,2.5212,not_attempted,0.0,False,False
-17.405643,185,8983.064886,True,0.27947371787338104,False,False,1.70715547043718,success,True,0.4006135071295634,4.006135071295634,2.9187052278472434,23.64020120700028,5.031301780015128,1.1666834864000888,185,185,1.0,1.6786756705028445,1.793711581496792,0.6887236228514616,0.7071067811865476,-0.5,-0.5,0.5,1.5707963705062866,velocity,post_controller_hold,False,,0.0318,1.0677,not_attempted,0.0,True,False
