#{"t_start": 1783094212.584979, "env_id": "None"}
r,l,t,is_success,final_distance,is_out_of_bounds,is_unsafe_low_altitude,altitude,terminal_reason,terminal_stop_command_accepted,physical_displacement,path_length,max_physical_displacement,min_altitude,motion_command_steps,motion_command_accepted_steps,motion_command_acceptance_rate,mean_action_norm,max_action_norm,mean_xy_action_norm,max_xy_action_norm,last_action_vx,last_action_vy,last_action_vz,last_action_vyaw,reset_method,reset_path,reset_service_attempted,reset_failure_class,reset_position_error,reset_yaw_error,reset_service_status,vertical_safety_penalty,low_altitude_guard_active
13.78788,56,29.138985,True,0.39128820555738786,False,False,1.8601196104518194,success,True,0.9849263017187673,4.163639819036557,1.1223472010076818,1.2408585592596253,56,56,1.0,0.395187549422323,0.5954220444662767,0.3398514130513043,0.5641477544223741,0.23848003149032593,0.44336915016174316,0.17063547670841217,-0.08744605630636215,simulator_service,service_success,True,,0.1213,0.0,service_success,0.0,False
15.10993,77,50.409781,True,0.3205254050377983,False,False,1.6524523699759703,success,True,0.9880669765227829,4.249252405849168,1.5482392894992008,1.270424539408775,77,77,1.0,0.3438500878136624,1.0505478757404045,0.20984235867419027,0.5271356842602201,-0.16694918274879456,0.5,0.24409978091716766,-0.8753251433372498,velocity,post_controller_hold,False,,0.1886,0.78,not_attempted,0.0,False
-20.143326,24,59.40143,False,2.0618572846400345,True,False,2.5101195971194987,out_of_bounds,True,1.2734802863028574,2.6585142742089274,1.3079617568269288,1.6991563694178875,24,24,1.0,0.8622175954866319,1.525472867564988,0.5012157114221858,0.5644414571718731,0.02664850279688835,-0.5,0.5,1.0557310581207275,velocity,post_controller_hold,False,,0.1823,2.0901,not_attempted,0.0,False
-17.526241,17,66.85084,False,1.266849548339926,True,False,2.5018637630334895,out_of_bounds,True,0.9308917322913731,0.9947695011633153,0.9308917322913731,1.5879981672854162,17,17,1.0,0.41172935713587533,0.6185980923417889,0.1370809818054959,0.29597176595041014,-0.09678863734006882,-0.2796984910964966,0.3655624985694885,0.40178149938583374,simulator_service,service_success,True,,0.0189,0.0,service_success,0.0,False
-11.693773,80,88.965902,False,1.5268128747173633,False,False,1.34815030280168,max_steps,True,0.6254487523465931,4.019123257993399,0.860705039695239,1.261168898982034,80,80,1.0,0.3164508381364845,0.8555966565816636,0.22821885918834708,0.6242419694131978,-0.5,-0.373735249042511,0.5,-0.3039203882217407,simulator_service,service_success,True,,0.0183,0.0,service_success,-1.007536082075716,True
-62.736973,78,109.185108,False,1.839156804793968,True,False,2.5191251112508257,out_of_bounds,True,1.1406477643833843,6.5950208068836265,1.9630730609686113,1.1410458446179754,78,78,1.0,0.5668439067574068,1.4839447599056395,0.3207887790561757,0.6735794430458355,-0.35937294363975525,-0.5,0.5,1.254170298576355,velocity,post_controller_hold,False,,0.1101,0.912,not_attempted,0.0,False
20.365253,13,116.362007,True,0.38766954477751314,False,False,1.5179980139869087,success,True,0.5649542581396022,0.7507370553284645,0.5649542581396022,1.5179980139869087,13,13,1.0,0.38117285280506447,0.4676142388889901,0.2756671563295099,0.4375041267375402,0.2228943109512329,-0.17282076179981232,0.29204070568084717,-0.13671019673347473,simulator_service,service_success,True,,0.0177,0.0001,service_success,0.0,False
-20.540182,46,130.194613,False,1.2633732001084659,True,False,2.5042734983349546,out_of_bounds,True,1.7169146199326644,3.562380146473426,1.7169146199326644,1.5545983692600498,46,46,1.0,0.4601993262334017,0.7976722627971936,0.3052197926308721,0.6214180003860567,-0.2945980131626129,-0.39992958307266235,0.5,0.246839240193367,velocity,post_controller_hold,False,,0.1485,0.3868,not_attempted,0.0,False
-47.915577,80,154.499063,False,1.4399699842277818,False,False,2.364851388013903,max_steps,True,1.879556740401459,9.083032843178161,3.0257212791991015,1.168379029000773,80,80,1.0,0.8144215869252734,1.793711581496792,0.46630895999431077,0.7071067811865476,0.039814531803131104,-0.24897141754627228,0.04289929196238518,-0.5100453495979309,simulator_service,service_success,True,,0.0144,0.0,service_success,0.0,False
-17.564827,17,162.418895,False,1.3439018184070195,True,False,2.549244851703952,out_of_bounds,True,0.9056559573971896,1.1136401004888838,0.9056559573971896,1.6631628037946298,17,17,1.0,0.41190329883460036,0.6478314901658945,0.18248768011819047,0.4861771607192722,0.1762569695711136,-0.1449011117219925,0.5,0.34296178817749023,velocity,post_controller_hold,False,,0.1555,0.6346,not_attempted,0.0,False
-14.631222,80,183.035053,False,0.9432863358181856,False,False,1.9819915054630586,max_steps,True,0.3966989555462902,4.880434281412544,1.261078891390492,1.205801206664916,80,80,1.0,0.4051899522125998,0.7597936849561574,0.24567246965873907,0.5366549510254125,-0.05175765976309776,-0.32475462555885315,-0.059330686926841736,-0.11969175934791565,simulator_service,service_success,True,,0.0112,0.0,service_success,0.0,False
14.472773,10,191.649177,True,0.38618249223173506,False,False,1.2557971227328937,success,True,0.9292434673040546,1.023522154576726,0.9292434673040546,1.1848586132635925,10,10,1.0,0.6163259443595538,0.77054289830403,0.4574761659936555,0.5414924599550326,-0.0675274059176445,0.329759418964386,0.1353796422481537,0.3406513035297394,velocity,post_controller_hold,False,,0.1621,0.8374,not_attempted,-1.5647079780638284,False
-19.806072,43,205.258433,False,1.0462437328653778,True,False,2.512052065974249,out_of_bounds,True,1.3745631855169436,2.525288341012149,1.3745631855169436,1.527736317370623,43,43,1.0,0.5418205083047692,0.9426076326417727,0.2578129743196011,0.527857535303662,0.3590044379234314,0.22220730781555176,0.17696258425712585,0.03439925238490105,velocity,post_controller_hold,False,,0.0975,1.365,not_attempted,0.0,False
-44.22883,57,221.97361,False,1.387533426502252,True,False,2.539407753026395,out_of_bounds,True,1.095861315774124,5.260546911970995,1.6106081850769183,1.1634896341802157,57,57,1.0,0.5989713502742006,0.8945584092002774,0.3431915456259166,0.589252796938063,0.2976207137107849,0.4224674105644226,0.5,-0.5321446657180786,simulator_service,service_success,True,,0.0105,0.0,service_success,0.0,False
-47.542103,61,239.39577,False,3.088123521613498,True,False,2.5082484069074598,out_of_bounds,True,2.4001217459843387,6.495925317326356,2.4001217459843387,1.128369569707098,61,61,1.0,0.6100832985182308,1.1470420663807823,0.4456824324982181,0.7071067811865476,-0.5,0.5,0.5,-0.18480989336967468,simulator_service,service_success,True,,0.0093,0.0,service_success,0.0,False
-11.27924,80,261.705344,False,1.2896465648031379,False,False,2.145895802702924,max_steps,True,0.6889434108185705,5.412129746059513,0.8263670593555689,1.5729707097737364,80,80,1.0,0.3733453169228443,0.7449913216973953,0.30188166394219906,0.6097516708138908,0.5,-0.18712881207466125,-0.08377765119075775,-0.44051939249038696,simulator_service,service_success,True,,0.0092,0.0,service_success,0.0,False
-70.82173,80,284.120407,False,2.1743921864585922,False,False,1.500942492081002,max_steps,True,1.6918990721410556,8.135580360044495,2.2628786057370056,1.106819915666218,80,80,1.0,0.7454974870847046,1.7395396396442175,0.3857193493253356,0.7071067811865476,0.5,-0.5,0.5,-0.4347996115684509,velocity,post_controller_hold,False,,0.1419,1.3098,not_attempted,0.0,False
-29.755705,80,310.130684,False,2.1233031095051764,False,False,1.4058813390127696,max_steps,True,2.9090835344413506,9.708006374390164,2.9090835344413506,1.1178036285607935,80,80,1.0,0.7434914291922838,1.3736873440179636,0.4850945705881647,0.7071067811865476,0.06840262562036514,0.1825137734413147,-0.5,0.08858322352170944,velocity,post_controller_hold,False,,0.1797,0.1164,not_attempted,0.0,False
-47.20894,69,329.333877,False,1.5587560622303294,True,False,2.5147581136798536,out_of_bounds,True,1.236529810752543,9.17006559904962,2.1694293643154947,1.1559277599458857,69,69,1.0,0.9418105230464401,1.7831787626605522,0.5686150480946958,0.7071067811865476,0.2860896587371826,0.004721181467175484,0.5,0.2047956883907318,velocity,post_controller_hold,False,,0.1508,2.5366,not_attempted,0.0,False
17.710243,25,340.443713,True,0.38926737960588614,False,False,1.3699225288195918,success,True,0.750780467467511,1.752751065790746,0.750780467467511,1.2677487168619106,25,25,1.0,0.38416386820105525,0.6979835667477436,0.32933289364759216,0.5077935857460296,0.02732277661561966,-0.06730608642101288,0.003175148041918874,-0.23897777497768402,simulator_service,service_success,True,,0.0081,0.0,service_success,0.0,False
-40.91171,75,361.108396,False,1.2751943504529724,True,False,2.5312413467043093,out_of_bounds,True,1.5618753178747316,6.601697586429819,1.8185663636260192,1.17410131910539,75,75,1.0,0.5407672106917848,0.9804620917325749,0.30498256979102956,0.7071067811865476,-0.10222820937633514,0.10510280728340149,0.4647749662399292,0.06469263136386871,velocity,post_controller_hold,False,,0.0989,0.4042,not_attempted,0.0,False
-18.563562,80,384.693716,False,1.8711766697003365,False,False,1.3392183410242398,max_steps,True,0.9725437571467606,7.5535925443315195,1.5879766865430265,1.2496065179851317,80,80,1.0,0.6121520272893751,1.363977985348941,0.4094655786055892,0.7030634217728561,0.22351214289665222,0.46463656425476074,-0.2557986378669739,0.8167283535003662,simulator_service,service_success,True,,0.0049,0.0,service_success,0.0,False
20.013153,12,393.810895,True,0.3739729908133997,False,False,1.467692940455398,success,True,0.9473266294935416,1.0628684031137492,0.9473266294935416,1.3706553743098318,12,12,1.0,0.7772989580868387,0.9268590162291352,0.49399161270114106,0.579573245064954,0.5,-0.1762913018465042,0.026992471888661385,-0.371540367603302,velocity,post_controller_hold,False,,0.1579,1.3833,not_attempted,0.0,False
-25.36977,34,406.323939,False,2.309699643284906,True,False,2.5297851263443794,out_of_bounds,True,1.6721614283507695,3.9783846264804383,2.4029777315188956,1.4063923147411985,34,34,1.0,0.68824034396174,0.9791109221972739,0.5419961945818896,0.7071067811865476,-0.5,-0.10371049493551254,0.5,0.42783239483833313,velocity,post_controller_hold,False,,0.1329,1.5514,not_attempted,0.0,False
-33.05682,80,429.532856,False,1.9517706097720273,False,False,1.388373629773202,max_steps,True,1.3213460822900727,10.370926404719254,2.5487790274318596,1.1938277735139509,80,80,1.0,0.7182394812165876,1.1446633944287814,0.5639771264878121,0.7071067811865476,-0.5,-0.5,0.5,-0.7070907950401306,simulator_service,service_success,True,,0.0034,0.0002,service_success,0.0,False
-97.150024,80,460.055777,False,5.880596671177358,False,False,1.275126681412393,max_steps,True,4.9243799282890235,10.718439412516002,4.926746539255659,1.0742930424845631,80,80,1.0,1.0555962489875843,1.7704267848137742,0.52892374877092,0.7071067811865476,-0.5,0.4045797884464264,0.5,1.5537000894546509,velocity,post_controller_hold,False,,0.1299,0.4982,not_attempted,-1.9000216651139201,False
-19.829554,15,468.869001,False,2.4162139496923905,True,False,2.5121462820624596,out_of_bounds,True,1.5187478443499127,1.7667586105157977,1.5187478443499127,1.5587244182430335,15,15,1.0,0.6565575212989964,0.8827509352153183,0.5354080280788763,0.6854743314127502,-0.38799595832824707,-0.3060944378376007,-0.5,0.05134133994579315,velocity,post_controller_hold,False,,0.1475,2.3514,not_attempted,0.0,False
-35.02027,27,480.082703,False,2.067326381691364,True,False,2.5649247516263123,out_of_bounds,True,1.6835255841097942,2.935745210654874,1.6835255841097942,1.1394390251372057,27,27,1.0,0.6430379864343233,0.890109140984921,0.4337530683649427,0.7071067811865476,-0.5,-0.5,0.5,-0.1952546238899231,simulator_service,service_success,True,,0.0024,0.0,service_success,0.0,False
4.408429,28,491.794029,True,0.36954039572253555,False,False,1.4778196012010825,success,True,0.6260460716753926,2.6834863904002693,0.7849752616762874,1.1621564519636454,28,28,1.0,0.5161328260919062,0.751351382989245,0.3947802958497415,0.5067299599484446,0.2811855375766754,-0.04260795935988426,-0.26952826976776123,-0.008610833436250687,simulator_service,service_success,True,,0.0024,0.0002,service_success,0.0,False
-64.77455,64,510.809225,False,2.306249696772124,True,False,2.5702815349251464,out_of_bounds,True,1.5478996032101662,7.321389607726722,1.5478996032101662,1.1070819221863883,64,64,1.0,0.9370676462561924,1.7442514426457485,0.48172434648960133,0.7071067811865476,-0.5,0.5,0.5,0.0645594671368599,velocity,post_controller_hold,False,,0.1153,0.1385,not_attempted,0.0,False
-15.666039,13,519.324863,False,1.0178677761043888,True,False,2.5165248880994557,out_of_bounds,True,1.038172994802466,1.067730677261374,1.038172994802466,1.6046011224629357,13,13,1.0,0.47458704316103983,0.5210301216767199,0.2062573460914982,0.32011920079220363,0.02662654221057892,-0.07094694674015045,0.5,0.12541908025741577,simulator_service,service_success,True,,0.0013,0.0,service_success,0.0,False
20.182821,21,529.93582,True,0.3878035581606405,False,False,1.8910235837128597,success,True,1.1495126278498877,1.4367093358585432,1.1495126278498877,1.6046887866203317,21,21,1.0,0.4616425617874186,0.7699213915640407,0.3240478362978381,0.5217358784209879,0.31550008058547974,0.4155334234237671,-0.43570539355278015,-0.311515212059021,simulator_service,service_success,True,,0.001,0.0001,service_success,0.0,False
-21.45351,37,543.65776,False,1.8890295154722383,True,False,2.5010822148768708,out_of_bounds,True,1.2791546319008806,3.030405839042556,1.2791546319008806,1.5611629702266685,37,37,1.0,0.5661905988945144,0.9806487719004473,0.3908165841221921,0.7071067811865476,-0.5,0.5,0.5,0.46007826924324036,velocity,post_controller_hold,False,,0.1677,0.451,not_attempted,0.0,False
5.5295334,28,557.466376,True,0.32319780502419504,False,False,1.3158406794626891,success,True,0.8400533479785797,2.7323005645575233,0.8953585659086806,1.1163396564042365,28,28,1.0,0.5807761223758309,0.9009057959116078,0.44417543649431085,0.6348073664462427,0.1293851137161255,0.5,0.5,0.011484887450933456,simulator_service,service_success,True,,0.0004,0.0,service_success,-1.716359786780837,False
-22.020325,55,575.080454,False,1.586033001149345,True,False,2.5142520873913163,out_of_bounds,True,1.4216624068338932,4.447797762219678,1.5321899713565483,1.5535929098279955,55,55,1.0,0.5038749259419278,0.8221626986761329,0.3472552896885312,0.7071067811865476,-0.5,-0.0022276933304965496,0.38240861892700195,-0.32849884033203125,velocity,post_controller_hold,False,,0.1974,1.3269,not_attempted,0.0,False
-56.945747,45,591.498404,True,0.33648581264214916,False,False,1.3786932388456088,success,True,0.7216590151888044,4.322244869970796,0.8723781140142358,1.0304248604429367,45,45,1.0,0.6385204625322839,1.0952909189786537,0.34113783306021245,0.656099356418746,0.5,-0.0854090079665184,-0.2708580195903778,-0.4301159679889679,simulator_service,service_success,True,,0.0013,0.0,service_success,0.0,False
-13.009506,10,600.712268,True,0.37425146296298334,False,False,1.4157103784262461,success,True,0.9318151668260876,1.2361003062974238,0.9318151668260876,1.081255721308247,10,10,1.0,0.7467167992260204,0.9835461787325415,0.5203922699058922,0.5441589511840639,0.16081447899341583,-0.5,0.5,0.6644560098648071,velocity,post_controller_hold,False,,0.1236,1.8283,not_attempted,-1.026933589078669,False
-49.02436,80,628.922351,False,4.264375951145292,False,False,1.7668454640625024,max_steps,True,4.258369748517098,9.474770150351175,4.258369748517098,1.115469536348803,80,80,1.0,0.7084960584113125,1.3104153847467366,0.5052199111267697,0.7071067811865476,-0.5,-0.21236738562583923,0.5,1.0826303958892822,velocity,post_controller_hold,False,,0.1142,1.9134,not_attempted,0.0,False
-54.93018,80,656.339303,False,3.0744931485746783,False,False,2.323956895201484,max_steps,True,2.508632952233082,11.559732905505003,2.508632952233082,1.1493544117799361,80,80,1.0,1.0217398683482226,1.793711581496792,0.6378104148050114,0.7071067811865476,0.5,-0.30942419171333313,0.0572747141122818,-0.21860861778259277,velocity,post_controller_hold,False,,0.1883,2.3076,not_attempted,0.0,False
14.855481,53,674.352819,True,0.3570694397282066,False,False,1.8626391986737032,success,True,1.1766651952433738,5.906634238028094,2.096408402991942,1.3169168638555238,53,53,1.0,0.7883046944172827,1.1990309174874985,0.49975213331733337,0.6508006962312914,0.3696458339691162,-0.5,-0.14134234189987183,-0.28589871525764465,velocity,post_controller_hold,False,,0.0786,0.6646,not_attempted,0.0,False
-22.996029,24,685.958058,False,2.9570911880412076,True,False,2.5142183217890524,out_of_bounds,True,2.156568105012078,3.3288254668853683,2.156568105012078,1.3001357402911375,24,24,1.0,1.0463450297001702,1.793711581496792,0.6578545888155259,0.7071067811865476,-0.27942633628845215,0.5,0.5,0.07453325390815735,velocity,post_controller_hold,False,,0.1641,1.1393,not_attempted,0.0,False
-68.3123,59,704.485042,False,5.102716701482023,True,False,2.59815921113455,out_of_bounds,True,4.18598846383665,7.686748369713627,4.18598846383665,1.0483857121207034,59,59,1.0,0.8371913439569116,1.7749550948366084,0.555687006037617,0.7071067811865476,0.5,0.5,-0.5,0.42795446515083313,simulator_service,service_success,True,,0.0038,0.0,service_success,0.0,False
-53.487076,27,716.897406,False,1.9806745677871567,True,False,2.5599052088990186,out_of_bounds,True,1.727924049369166,3.1188046062671773,1.727924049369166,1.0834741472523584,27,27,1.0,0.6916589967484653,0.9107390631906519,0.40906160488973814,0.7071067811865476,-0.5,0.0037397490814328194,0.4464815855026245,0.06774596124887466,simulator_service,service_success,True,,0.0037,0.0005,service_success,0.0,False
-20.181389,24,728.81501,False,1.4765317175958836,True,False,2.540190358800643,out_of_bounds,True,1.1979128364255855,2.4489601599135344,1.1979128364255855,1.6091356589989239,24,24,1.0,0.794821728324531,1.5360519348647128,0.44628171576927494,0.7071067811865476,0.02004166692495346,-0.29105204343795776,0.5,-0.12577827274799347,simulator_service,service_success,True,,0.0039,0.0,service_success,0.0,False
-87.96917,49,748.225368,False,2.12282653931854,False,True,0.9975147281493953,unsafe_low_altitude,True,2.7844702607780536,6.666775697549853,2.872705785537677,0.9975147281493953,49,49,1.0,0.787232410376116,0.9778248207499577,0.5939116225302652,0.7071067811865476,0.5,-0.5,0.5,0.18283654749393463,simulator_service,service_success,True,,0.0044,0.0,service_success,-6.509766350254742,True
-24.797153,40,763.543717,False,0.9473305345141733,True,False,2.5024770455826877,out_of_bounds,True,1.4848898670227437,3.974708504818538,1.4848898670227437,1.183143878952473,40,40,1.0,0.6200014573549602,0.9116322084504618,0.4009482024421554,0.7071067811865476,0.5,0.5,0.49705949425697327,-0.28983640670776367,simulator_service,service_success,True,,0.0045,0.0,service_success,0.0,False
2.0578136,12,773.260454,True,0.27645161788077477,False,False,1.3745615692707043,success,True,0.8260472658376372,1.1429442097636289,0.8260472658376372,1.1020457851838037,12,12,1.0,0.8723683708663953,1.1643767986921116,0.4150531561967197,0.5304322214790174,0.1770828664302826,0.5,0.5,-0.09287317097187042,simulator_service,service_success,True,,0.005,0.0001,service_success,-2.0708563797534634,True
18.949501,30,786.775643,True,0.300988613121532,False,False,1.7471321645524742,success,True,1.0629710743802616,3.0070415464815365,1.6876211903869047,1.3822535990998839,30,30,1.0,0.7070992048040787,0.99267618957224,0.47058581391978765,0.6657768714792237,-0.5,-0.42503952980041504,-0.32071006298065186,-0.5143404006958008,velocity,post_controller_hold,False,,0.1258,1.4211,not_attempted,0.0,False
-17.23175,12,796.485243,False,1.4880074693801297,True,False,2.5024317566927277,out_of_bounds,True,1.1294106402248838,1.373397899550092,1.1294106402248838,1.7093721013318532,12,12,1.0,0.8414912547358586,0.9432236425090359,0.6497054002284051,0.7071067811865476,-0.49829599261283875,0.5,0.047880422323942184,0.5754305720329285,velocity,post_controller_hold,False,,0.178,1.5476,not_attempted,0.0,False
-26.357632,31,810.104721,False,1.9498964539135308,True,False,2.5656125064419673,out_of_bounds,True,1.856956398276653,3.820502538036203,1.856956398276653,1.2363272725701657,31,31,1.0,0.8858667547807318,1.6589658937472505,0.6214350015455726,0.7071067811865476,-0.20385773479938507,0.5,-0.44540104269981384,-1.5040704011917114,simulator_service,service_success,True,,0.007,0.0005,service_success,0.0,False
-42.543976,47,827.315622,False,3.8028111383335834,True,False,2.605476290053375,out_of_bounds,True,3.7246763335581208,5.558801761712958,3.7246763335581208,1.1854715021976912,47,47,1.0,0.8113856427981968,1.259356324956334,0.5292702607880702,0.7071067811865476,0.5,0.5,0.22751834988594055,1.016963005065918,simulator_service,service_success,True,,0.0072,0.0003,service_success,0.0,False
-81.82839,63,850.134618,False,1.7220154964016368,False,True,0.9979174236159037,unsafe_low_altitude,True,1.1896562726177362,8.540368877656123,2.0389949945372003,0.9979174236159037,63,63,1.0,0.8713891703274976,1.6447713231783194,0.5422007757997654,0.7071067811865476,-0.5,0.15030746161937714,0.5,0.37149637937545776,simulator_service,service_success,True,,0.0064,0.0003,service_success,-8.163298559303435,True
-21.280695,49,867.738249,False,1.895696239743259,True,False,2.535128330494184,out_of_bounds,True,1.6752976882024935,5.95518318894611,1.7320970743117543,1.5727466057363633,49,49,1.0,0.9531430322996234,1.7058249103462764,0.5512933340168383,0.7071067811865476,-0.04233633354306221,0.368692547082901,0.5,-1.0305228233337402,simulator_service,service_success,True,,0.0063,0.0,service_success,0.0,False
-15.747283,10,877.453948,False,1.0045128499667189,True,False,2.51238332405846,out_of_bounds,True,1.062117200097981,1.1660625614277138,1.062117200097981,1.6111301987250486,10,10,1.0,0.8334339042904076,0.9792465755334183,0.4516905425944125,0.7071067811865476,0.5,0.49027219414711,0.5,0.46750083565711975,simulator_service,service_success,True,,0.0076,0.0002,service_success,0.0,False
-24.320164,51,895.673346,False,1.9325864286581926,True,False,2.5805153572285153,out_of_bounds,True,2.5772855862289394,5.596239112211215,2.9190504739314216,1.446327566138976,51,51,1.0,0.6825169413406522,1.061736413674205,0.46639310429997854,0.6795110616912217,-0.5,-0.44916072487831116,0.5,-0.61368727684021,simulator_service,service_success,True,,0.0067,0.0001,service_success,0.0,False
-27.266735,26,908.787719,False,3.6287279771210796,True,False,2.656360859637368,out_of_bounds,True,2.8718120335543187,3.3075360072375495,2.8718120335543187,1.6119140522952011,26,26,1.0,0.7167650683046466,0.8865948521853506,0.5263703454106723,0.7071067811865476,-0.3182940185070038,-0.10305342078208923,0.5,-0.2419232279062271,simulator_service,service_success,True,,0.0071,0.0,service_success,0.0,False
-21.163681,34,923.604909,False,2.208248229069967,True,False,2.6497585387959663,out_of_bounds,True,1.4529273562857783,3.343327529862081,1.4529273562857783,1.5484372946942075,34,34,1.0,0.7006837596838797,1.2700991692087553,0.4751323037587717,0.6032590344589317,0.3375225365161896,0.5,0.24509625136852264,1.0904853343963623,simulator_service,service_success,True,,0.0072,0.0,service_success,0.0,False
-16.767933,18,934.918924,False,1.1675215176030633,True,False,2.696362410159995,out_of_bounds,True,1.3466541090068371,2.0522271583681704,1.3466541090068371,1.6118712584816328,18,18,1.0,1.0460029518339438,1.3354953299873626,0.542149652180591,0.7071067811865476,0.5,-0.5,0.5,0.9345095157623291,simulator_service,service_success,True,,0.0073,0.0005,service_success,0.0,False
-118.18486,80,967.042185,False,3.916919171444153,False,False,1.220432929427237,max_steps,True,4.8306930144899765,9.540380239718242,4.8306930144899765,1.0407102096595615,80,80,1.0,0.8470824866947438,1.7663247397202235,0.46122519009832424,0.7071067811865476,0.5,0.4916335642337799,0.5,-0.7760260105133057,simulator_service,service_success,True,,0.0066,0.0001,service_success,-2.7920291076033346,True
-60.3937,75,990.543373,False,2.0569212814099287,True,False,2.628326179639685,out_of_bounds,True,1.522195589716906,9.721013155815568,2.087045280945926,1.0939432279003565,75,75,1.0,0.9634402492601125,1.7610985759200812,0.5839044792387894,0.7071067811865476,0.5,0.5,0.5,0.09458540380001068,velocity,post_controller_hold,False,,0.1431,3.1142,not_attempted,0.0,False
-24.600132,30,1005.159373,False,1.9554748606072088,True,False,2.633093884330837,out_of_bounds,True,1.2503151786584004,3.431202032900161,1.2503151786584004,1.2561736782720156,30,30,1.0,0.8985271127927376,1.4789892957641413,0.5611674348676348,0.7071067811865476,0.5,0.5,0.5,0.510674774646759,simulator_service,service_success,True,,0.0081,0.0,service_success,0.0,False
-18.277359,13,1015.57612,False,1.6474611221051383,True,False,2.5128413489710737,out_of_bounds,True,1.0480187673635681,1.0905215393405678,1.0480187673635681,1.613446052285622,13,13,1.0,0.7004461010945533,0.8137238509107769,0.30786361229044673,0.5012407392223809,0.5,-0.035245973616838455,-0.18589600920677185,-0.16560164093971252,simulator_service,service_success,True,,0.0087,0.0,service_success,0.0,False
-18.775364,25,1029.191688,False,1.75025631218886,True,False,2.6608103762806588,out_of_bounds,True,2.231546390762972,2.7405350272644324,2.231546390762972,1.6120263141568172,25,25,1.0,0.6100559618927164,0.7112009355483896,0.48599613413994625,0.7071067811865476,-0.1728728860616684,0.42354708909988403,0.5,-0.10698653757572174,simulator_service,service_success,True,,0.0072,0.0003,service_success,0.0,False
-67.88516,71,1052.306428,False,3.039692560434507,True,False,2.5674449626974867,out_of_bounds,True,3.13114962110287,8.229399357294003,3.13114962110287,1.053434410435333,71,71,1.0,0.8034593293042818,1.2985849522031747,0.5449485185950483,0.7071067811865476,0.11584055423736572,0.5,0.11844170838594437,0.09568705409765244,simulator_service,service_success,True,,0.0092,0.0,service_success,0.0,False
-94.72527,80,1078.318644,False,1.1140749647421864,False,False,2.238681076107756,max_steps,True,0.6967019358248493,9.756698091617169,2.302648183963208,1.0004736818710802,80,80,1.0,0.8690783950762168,1.725420619175052,0.5298162539319915,0.7071067811865476,0.5,0.09836196154356003,0.5,-1.5707963705062866,simulator_service,service_success,True,,0.0093,0.0001,service_success,0.0,False
-59.440144,73,1101.433372,False,2.0515321601886303,True,False,2.502175313501703,out_of_bounds,True,2.191455299532301,8.225854493745102,2.191455299532301,1.1245710781231149,73,73,1.0,0.8870876211155586,1.57609684168396,0.48911488515777884,0.7071067811865476,-0.5,0.5,-0.4556451737880707,-1.3328423500061035,velocity,post_controller_hold,False,,0.1579,1.4409,not_attempted,0.0,False
-174.13487,80,1129.546564,False,3.8318469889572073,False,False,1.5290948194410645,max_steps,True,3.061056540141782,10.505579268641801,3.5173122302621143,1.0027901267555992,80,80,1.0,1.0712614788158217,1.793711581496792,0.5859527565795274,0.7071067811865476,0.5,-0.5,0.25394508242607117,-0.668876051902771,simulator_service,service_success,True,,0.0083,0.0009,service_success,0.0,False
-55.071095,70,1152.769707,False,1.2955627987311267,True,False,2.599085445769743,out_of_bounds,True,1.8190733575879174,7.496934840689863,1.8190733575879174,1.122396749392671,70,70,1.0,0.6822697864206858,1.5513006996046224,0.4357646664751139,0.7071067811865476,-0.46187660098075867,0.45836716890335083,-0.4674695134162903,-1.3283733129501343,velocity,post_controller_hold,False,,0.1357,0.4281,not_attempted,0.0,False
-48.868828,56,1172.580541,False,3.301339355438259,True,False,2.6517899507624727,out_of_bounds,True,2.5438959762474127,8.279896066828144,2.5438959762474127,1.1086544953771729,56,56,1.0,1.1883738029626776,1.718380309384188,0.63314615825872,0.7071067811865476,-0.5,0.16349536180496216,0.5,0.7661811709403992,simulator_service,service_success,True,,0.0105,0.0015,service_success,0.0,False
-18.933237,12,1183.992862,False,1.8978811887304565,True,False,2.5974621606844748,out_of_bounds,True,1.204882076839913,1.3231755667714522,1.204882076839913,1.6134330377569508,12,12,1.0,0.6415308631530406,0.7317393869501777,0.4422767029196448,0.5018714749309731,0.16073550283908844,-0.3515704870223999,0.45117682218551636,0.02126799151301384,simulator_service,service_success,True,,0.0088,0.0002,service_success,0.0,False
-21.92043,20,1196.913294,False,2.8060775399665685,True,False,2.604076917330862,out_of_bounds,True,2.053102982218919,2.307729321091026,2.053102982218919,1.6141579890608952,20,20,1.0,0.7086723984755026,0.9127799169278547,0.5733644595279601,0.7071067811865476,-0.11822379380464554,0.5,0.5,-0.5649693012237549,simulator_service,service_success,True,,0.0102,0.0001,service_success,0.0,False
-42.777733,53,1216.413107,False,2.859897941187947,True,False,2.726263993631125,out_of_bounds,True,2.0436300337982303,6.460778321543973,2.0436300337982303,1.0777555557335101,53,53,1.0,0.6684727822816794,0.8772299775154648,0.47777955053413823,0.7071067811865476,-0.5,-0.5,0.5,0.13975848257541656,simulator_service,service_success,True,,0.0104,0.0,service_success,0.0,False
-102.00681,80,1246.331565,False,3.9967965580398146,False,False,1.7366044527164832,max_steps,True,3.29698786213317,9.56947477904378,3.3756750297428217,1.122147327304616,80,80,1.0,0.7683222856115142,1.2015132202981809,0.5297889626800294,0.7071067811865476,0.5,-0.5,0.5,0.5851114988327026,simulator_service,service_success,True,,0.0091,0.0,service_success,0.0,False
-17.729633,12,1257.451054,False,1.7549842457829408,True,False,2.6748355580656584,out_of_bounds,True,1.4562070292280616,1.4952597336261624,1.4562070292280616,1.6486968932441248,12,12,1.0,1.0033581134459502,1.793711581496792,0.5837078096183851,0.7071067811865476,-0.5,0.5,-0.5,0.3075997233390808,velocity,post_controller_hold,False,,0.1066,2.3864,not_attempted,0.0,False
-60.922916,73,1281.852605,False,1.3525897732137981,True,False,2.6949870977915538,out_of_bounds,True,1.5936609177740793,9.235958483249666,2.148129081752127,1.1690571821764058,73,73,1.0,1.0428500141755792,1.793711581496792,0.5804776164062853,0.7071067811865476,-0.5,-0.5,0.13053536415100098,-0.5071241855621338,simulator_service,service_success,True,,0.0093,0.0006,service_success,0.0,False
-84.62447,80,1312.873785,False,4.20347032995467,False,False,2.1947461700204083,max_steps,True,3.3324622978704737,10.575308857002303,4.176806048074744,1.0048899669762827,80,80,1.0,1.2067048450637385,1.793711581496792,0.6161930029903805,0.7071067811865476,-0.43759769201278687,0.5,0.01875736191868782,0.41462835669517517,simulator_service,service_success,True,,0.0106,0.0003,service_success,0.0,False
-19.861443,21,1326.496646,False,1.7750718861089274,True,False,2.560289134654184,out_of_bounds,True,1.3038492378407736,2.504920677596295,1.3038492378407736,1.549649871208946,21,21,1.0,0.8137604357404532,1.0068670543762643,0.6040333562973823,0.7071067811865476,0.4268559217453003,-0.324229896068573,0.04324954003095627,0.456373393535614,velocity,post_controller_hold,False,,0.1522,1.1559,not_attempted,0.0,False
-19.913794,17,1339.413358,False,2.4080876850490416,True,False,2.546245223706071,out_of_bounds,True,1.698777871345906,1.9966934764615867,1.698777871345906,1.6142531544598804,17,17,1.0,0.6997948420765319,1.1411453564948646,0.4679685519413778,0.7071067811865476,0.5,-0.5,0.03091072291135788,-0.8951297402381897,simulator_service,service_success,True,,0.0099,0.0,service_success,0.0,False
20.087032,21,1353.826777,True,0.3335478840421971,False,False,1.864193670063099,success,True,1.1532650891083778,2.1725133846187363,1.2549024757445961,1.613561216387945,21,21,1.0,0.6690460272039097,0.8768274374305154,0.4880466031811304,0.7071067811865476,-0.10035693645477295,-0.14514829218387604,-0.4219261109828949,0.24048574268817902,simulator_service,service_success,True,,0.011,0.0,service_success,0.0,False
19.388624,15,1366.532829,True,0.38894785843479524,False,False,1.8088636166129057,success,True,1.2042273191621018,1.6778116476323572,1.2042273191621018,1.6044260310864011,15,15,1.0,0.7408418889406527,0.8653738283833589,0.5278396586895385,0.6340147813438654,0.5,0.3209949731826782,-0.5,-0.27734196186065674,velocity,post_controller_hold,False,,0.1019,0.8427,not_attempted,0.0,False
-22.184822,24,1381.045509,False,2.7379264307106035,True,False,2.6050218249462618,out_of_bounds,True,1.8391203538618957,3.250044108435546,1.8391203538618957,1.339413434390427,24,24,1.0,1.163152009634061,1.7233086619192028,0.6423541808059016,0.7071067811865476,-0.04890303313732147,0.5,0.5,1.5707963705062866,velocity,post_controller_hold,False,,0.2286,1.3568,not_attempted,0.0,False
-17.268925,12,1393.163565,False,1.651027807660929,True,False,2.6574721504138266,out_of_bounds,True,1.169988982311593,1.311111391060174,1.169988982311593,1.6137127809563059,12,12,1.0,0.8508530479085133,1.0407206682573729,0.44650799183242934,0.7071067811865476,-0.5,-0.5,-0.24963758885860443,-0.06240293011069298,simulator_service,service_success,True,,0.0102,0.0003,service_success,0.0,False
-106.379616,48,1412.786988,False,3.670851261198929,True,False,2.744881413086156,out_of_bounds,True,3.235162007109783,6.605266286135077,3.844535848567941,1.0626944424314495,48,48,1.0,1.1713683853184647,1.793711581496792,0.6474655507183115,0.7071067811865476,0.5,-0.5,-0.5,1.5707963705062866,simulator_service,service_success,True,,0.0105,0.0004,service_success,0.0,False
-32.186745,30,1428.697287,False,2.0326416607917306,True,False,2.709067008483519,out_of_bounds,True,1.4826175652564197,3.658576752537436,1.4826175652564197,1.1575210147456856,30,30,1.0,0.7656638938336265,0.8857512436836904,0.472327439331396,0.7071067811865476,-0.06015068292617798,-0.0999554917216301,0.5,0.35840529203414917,simulator_service,service_success,True,,0.0106,0.0004,service_success,0.0,False
-20.882328,24,1443.369949,False,1.050837834810891,True,False,2.5665039567380044,out_of_bounds,True,1.1217163272211375,2.191823726162342,1.1217163272211375,1.230790840018431,24,24,1.0,0.7990061742568674,1.3639592730849643,0.3305165977056488,0.5019662560746654,0.5,0.044386059045791626,0.5,0.7225375175476074,simulator_service,service_success,True,,0.0103,0.0,service_success,0.0,False
-20.202238,30,1458.924943,False,1.8848431015516995,True,False,2.7836041857594958,out_of_bounds,True,1.794189677945508,2.828472674716565,1.794189677945508,1.613810466196969,30,30,1.0,0.938063863553466,1.7041424668482632,0.4711214389776826,0.7071067811865476,-0.5,0.5,0.5,1.150942325592041,simulator_service,service_success,True,,0.0104,0.0,service_success,0.0,False
-20.606104,28,1474.139453,False,1.2098278318871611,True,False,2.664978442053023,out_of_bounds,True,1.19691407294597,3.4012845699258225,1.19691407294597,1.573845812074987,28,28,1.0,1.0659970581287284,1.725415380759627,0.611579598383902,0.7071067811865476,0.5,0.025907453149557114,-0.5,-0.555794358253479,simulator_service,service_success,True,,0.0076,0.0,service_success,0.0,False
-27.156395,10,1489.054931,False,1.2617893132630444,False,True,0.9887059819519735,unsafe_low_altitude,True,0.6719488125687159,0.7274970957946247,0.6719488125687159,0.9887059819519735,10,10,1.0,0.6962604348408622,1.107557434719681,0.24181989930762074,0.5001985626818497,-0.5,-0.014092626050114632,0.5,0.852340817451477,simulator_service,service_success,True,,0.0098,0.0011,service_success,-5.281736332768334,False
-17.819416,13,1499.036301,False,1.5146104873048105,True,False,2.759139090671219,out_of_bounds,True,1.2238197537066835,1.7376953342828203,1.2238197537066835,1.614323178520679,13,13,1.0,1.103745305203155,1.3864329893539211,0.6183021347140456,0.7071067811865476,0.5,-0.37071454524993896,0.5,-0.626447856426239,simulator_service,service_success,True,,0.0108,0.0,service_success,0.0,False
-15.64659,11,1511.7719,False,1.15825323740031,True,False,2.5581103522221977,out_of_bounds,True,1.0285209527764498,1.0295934119788723,1.0285209527764498,1.612170897510079,11,11,1.0,0.674169298455613,0.8191780056175128,0.21444246556889424,0.3315655763866557,0.061813581734895706,-0.1044805496931076,0.5,-0.6374288201332092,simulator_service,service_success,True,,0.0108,0.0,service_success,0.0,False
-24.119509,44,1531.595285,False,1.4422989966759252,True,False,2.654175139356676,out_of_bounds,True,1.1046069537971652,4.827161783859287,1.1046069537971652,1.26058933349111,44,44,1.0,0.8086956331427172,1.0246993994023053,0.5192676125047787,0.7071067811865476,-0.5,0.10341116786003113,0.5,0.2368074357509613,simulator_service,service_success,True,,0.0108,0.0,service_success,0.0,False
-43.615368,25,1547.495771,False,3.5558443762681784,True,False,2.5339464573085944,out_of_bounds,True,2.737687776852872,3.444057571202468,2.737687776852872,1.1481013477159776,25,25,1.0,0.9383902886039269,1.0794525792261125,0.6206028901502825,0.7071067811865476,-0.5,-0.4996810555458069,0.5,-0.6446213722229004,simulator_service,service_success,True,,0.011,0.0,service_success,0.0,False
-27.118938,29,1564.319733,False,1.1609081715556933,True,False,2.6815443774316163,out_of_bounds,True,1.6636698610532965,3.1036648298268,1.6636698610532965,1.211245121011973,29,29,1.0,0.7066567208622568,0.8871299194412737,0.43452445603048456,0.6110348414088125,-0.21509157121181488,-0.03634113073348999,0.35474470257759094,-0.7833074927330017,simulator_service,service_success,True,,0.011,0.0,service_success,0.0,False
19.880856,15,1577.743775,True,0.215043397217951,False,False,1.543619297730518,success,True,0.7349755251747774,1.1882919108064276,0.7349755251747774,1.543619297730518,15,15,1.0,0.8491788816244455,1.1030303727420823,0.41330685716729604,0.500147934224639,0.2691066563129425,-0.31144073605537415,-0.23523660004138947,-0.38335952162742615,simulator_service,service_success,True,,0.011,0.0,service_success,0.0,False
-49.06316,76,1604.44652,False,2.1503808495733154,True,False,2.7097276522000597,out_of_bounds,True,1.9964633822536675,9.87114637105043,1.9964633822536675,1.147111551800452,76,76,1.0,1.1814757594902834,1.793711581496792,0.551546367366528,0.7071067811865476,-0.5,0.38401415944099426,0.5,1.0254517793655396,velocity,post_controller_hold,False,,0.1766,1.8938,not_attempted,0.0,False
-52.15018,77,1628.091613,False,5.233175438785028,True,False,2.552145824476488,out_of_bounds,True,5.921894775619687,9.424256006827818,5.921894775619687,1.1857122835679632,77,77,1.0,1.0418461142995257,1.7297218261387977,0.5492814893654759,0.7071067811865476,0.5,0.2925395965576172,0.5,0.6866642236709595,simulator_service,service_success,True,,0.0111,0.0,service_success,0.0,False
-16.189919,21,1642.777602,False,1.3086185719569212,True,False,2.586169021491594,out_of_bounds,True,1.76165845679785,2.019895323684718,1.76165845679785,1.6122512859263893,21,21,1.0,0.655738384162496,0.8532951401209368,0.423665741631278,0.6481846664205404,-0.12352001667022705,0.015102267265319824,0.4335072636604309,-0.7243609428405762,simulator_service,service_success,True,,0.0112,0.0,service_success,0.0,False
-18.181122,26,1656.015651,False,1.433220724553719,True,False,2.5820368203241078,out_of_bounds,True,1.0998254248503692,2.5633005281700227,1.0998254248503692,1.6139011840370239,26,26,1.0,0.757842896563202,1.0755581054117298,0.4180406999494144,0.6602289476725618,-0.11259107291698456,0.10078690201044083,0.017587650567293167,0.7396894693374634,simulator_service,service_success,True,,0.0098,0.0,service_success,0.0,False
6.0921974,17,1671.295317,True,0.14765635038458255,False,False,1.5327790991753496,success,True,1.0561540424347349,1.755862258199432,1.0561540424347349,1.1686776977016153,17,17,1.0,0.7559822541698612,0.7924810507584452,0.481995214726154,0.5304837793136693,0.5,-0.05427241325378418,0.5,-0.3443388342857361,simulator_service,service_success,True,,0.0112,0.0001,service_success,-3.282052569019754,True
-56.312828,60,1691.704436,False,2.1871454870225198,True,False,2.7688591059426093,out_of_bounds,True,3.158384108387721,7.328730912076033,3.158384108387721,1.1141896614306153,60,60,1.0,0.9931102920868433,1.7079090626283757,0.5759706951636822,0.7071067811865476,0.5,-0.23060342669487,0.365068256855011,-1.5487340688705444,velocity,post_controller_hold,False,,0.1397,1.1829,not_attempted,0.0,False
20.266232,11,1705.718995,True,0.3221688396603058,False,False,1.403739966677622,success,True,0.8480850901220712,0.8780719665383961,0.8480850901220712,1.403739966677622,11,11,1.0,1.0026503724289064,1.2749766769548811,0.5933310047218822,0.6756529296199117,0.11191730201244354,0.5,0.020519204437732697,0.1393212229013443,simulator_service,service_success,True,,0.0114,0.0002,service_success,0.0,False
-135.28833,53,1724.842552,False,1.6552332792019577,True,False,2.593568968124062,out_of_bounds,True,1.333831799019778,6.487125881971753,1.4397117097104624,1.009006686931949,53,53,1.0,1.164135866982209,1.793711581496792,0.5456263286336854,0.7071067811865476,-0.17585714161396027,-0.5,0.5,1.5400269031524658,velocity,post_controller_hold,False,,0.2217,1.6814,not_attempted,0.0,False
-17.55635,11,1735.252773,False,1.4398682765052715,True,False,2.5728525363674355,out_of_bounds,True,1.0802675716375116,1.2456211040391154,1.0802675716375116,1.6119231607319362,11,11,1.0,1.0867125406591278,1.1633115152615272,0.5681674197126867,0.7071067811865476,0.48309656977653503,0.5,0.5,-0.7873445153236389,simulator_service,service_success,True,,0.0113,0.0005,service_success,0.0,False
-16.257666,14,1746.459272,False,1.3702427112037856,True,False,2.8266975836504,out_of_bounds,True,1.2608672051518626,1.4855939357361745,1.2608672051518626,1.6122150018481323,14,14,1.0,1.0157421232768542,1.59039591557361,0.4125524299659555,0.7071067811865476,-0.31803813576698303,0.20375913381576538,0.5,-0.2141416072845459,simulator_service,service_success,True,,0.0115,0.0,service_success,0.0,False
-31.47835,17,1760.54333,False,1.2319890918170617,False,True,0.9728445147971712,unsafe_low_altitude,True,0.6795722272209884,1.3772234200315339,0.6795722272209884,0.9728445147971712,17,17,1.0,0.8678577976883743,1.1118058212501676,0.4599285601786896,0.7071067811865476,-0.5,0.5,0.5,0.688322901725769,simulator_service,service_success,True,,0.0115,0.0,service_success,-6.926451902076296,True
-61.48391,78,1789.246451,True,0.34732667006790807,False,False,1.5292107727549584,success,True,1.1330102782648248,9.925249158528253,1.266368447154852,1.1288769329793942,78,78,1.0,0.9681240786011538,1.4970696168130124,0.5534739121128468,0.7071067811865476,0.22988881170749664,0.2556895613670349,-0.16360065340995789,-0.4027903974056244,simulator_service,service_success,True,,0.0115,0.0,service_success,0.0,False
-18.2173,26,1803.164884,False,1.5588464623247715,True,False,2.7233882855210245,out_of_bounds,True,2.4402415764238454,2.8030027543347744,2.4402415764238454,1.441825761437474,26,26,1.0,1.0356829102957652,1.2903345882641184,0.5499591198881201,0.7071067811865476,0.5,-0.5,0.5,-0.60914546251297,velocity,post_controller_hold,False,,0.1759,0.9011,not_attempted,0.0,False
-16.807064,26,1816.969401,False,1.1648449112101034,True,False,2.6018530347869397,out_of_bounds,True,1.7878985840803263,2.2328638187149443,1.7878985840803263,1.6117287910550917,26,26,1.0,0.6233480486605191,0.9150472681720614,0.396371724547661,0.7071067811865476,0.14294077455997467,-0.13905726373195648,0.27803683280944824,0.03805714100599289,simulator_service,service_success,True,,0.0114,0.0,service_success,0.0,False
20.438135,12,1832.993099,True,0.3617035383070626,False,False,1.866137564327945,success,True,1.038079175637183,1.1513012933077704,1.038079175637183,1.6118001514281275,12,12,1.0,0.8718990896470507,1.0694721742986901,0.5082137517993167,0.5499515307174812,0.03525128588080406,-0.5,0.0009138984605669975,-0.9447365999221802,simulator_service,service_success,True,,0.0114,0.0,service_success,0.0,False
-47.528385,42,1850.159221,False,2.9161735786553877,True,False,2.5982023687662146,out_of_bounds,True,2.0690819636209277,4.935522552380611,2.0690819636209277,1.2086238140385261,42,42,1.0,1.1014513697102313,1.7497074950570946,0.5333430423042279,0.7071067811865476,-0.5,-0.26734909415245056,0.5,0.5097475647926331,velocity,post_controller_hold,False,,0.0632,1.3486,not_attempted,0.0,False
-18.01273,12,1861.182935,False,1.535148231931918,True,False,2.591615550679647,out_of_bounds,True,1.1748322348393974,1.4263079037512418,1.1748322348393974,1.6117513182713241,12,12,1.0,0.8781657776049289,1.2021713991196763,0.5867733729029986,0.7071067811865476,0.5,-0.253445565700531,0.5,0.10710477083921432,simulator_service,service_success,True,,0.0114,0.0,service_success,0.0,False
-15.350514,12,1875.005733,False,1.0633741325372892,True,False,2.6497889406674173,out_of_bounds,True,1.3122551187387488,1.3168569049874876,1.3122551187387488,1.6119342039491555,12,12,1.0,0.7769291637935982,1.0923999941009601,0.36106553067539804,0.5113115170753056,0.22407105565071106,0.09055326879024506,0.3754732012748718,0.9969703555107117,simulator_service,service_success,True,,0.0115,0.0,service_success,0.0,False
-16.072351,14,1889.426581,False,1.441628855659214,True,False,2.6213578611658446,out_of_bounds,True,1.7529171203515734,1.7667089676318417,1.7529171203515734,1.6139954146884172,14,14,1.0,0.9608650542460959,1.1670797228217291,0.574409199390019,0.7071067811865476,-0.4458758234977722,-0.32999640703201294,0.18871934711933136,-0.2959369122982025,simulator_service,service_success,True,,0.0115,0.0001,service_success,0.0,False
-19.222694,14,1901.209768,False,1.7359330344551414,True,False,2.8606442449181797,out_of_bounds,True,1.2762431107319239,1.825990072628274,1.2762431107319239,1.6138895923264698,14,14,1.0,1.4060681412751754,1.6344569884417266,0.6403451178689844,0.6676851626395522,0.5,-0.4187180697917938,0.5,1.3074312210083008,simulator_service,service_success,True,,0.0114,0.0001,service_success,0.0,False
-63.90096,80,1930.5532,False,1.5717034463732489,False,False,1.3868134389219662,max_steps,True,2.5051155260101163,7.646764270172875,2.5051155260101163,1.077671893733736,80,80,1.0,0.9318524004843007,1.7515702135245603,0.41777325539278537,0.7071067811865476,0.5,0.28800421953201294,0.40396714210510254,-0.16313789784908295,simulator_service,service_success,True,,0.0115,0.0,service_success,0.0,False
-26.964064,34,1949.155462,False,1.5396283927001044,True,False,2.819589095269624,out_of_bounds,True,1.8284959817257846,4.284480508659325,1.8284959817257846,1.2530435819115249,34,34,1.0,1.2410124504053817,1.793711581496792,0.6103414451260081,0.7071067811865476,0.5,-0.4225165545940399,-0.08537469059228897,-0.1855311095714569,velocity,post_controller_hold,False,,0.2364,1.1668,not_attempted,0.0,False
-16.995565,14,1963.871387,False,1.3144525890781749,True,False,2.6159605803635926,out_of_bounds,True,1.2602409405256232,1.4380041724062078,1.2602409405256232,1.6147795726614935,14,14,1.0,0.6428495395581347,0.7057400280297925,0.4179679677767171,0.5217739509626697,0.33592432737350464,0.04089445620775223,0.5,-0.36544695496559143,simulator_service,service_success,True,,0.0123,0.0001,service_success,0.0,False
-31.27835,22,1983.480744,False,1.011470262877447,False,True,0.963209962043968,unsafe_low_altitude,True,0.7812626031403215,2.1220543176168345,0.7812626031403215,0.963209962043968,22,22,1.0,0.9133638615705532,1.128019143015565,0.48794915835791614,0.5825343396346718,-0.1713314950466156,-0.5,0.021209463477134705,0.6119106411933899,simulator_service,service_success,True,,0.0115,0.0,service_success,-4.68448618555299,False
-34.85897,26,2004.090728,False,1.2693034946660977,False,True,0.9132437944792413,unsafe_low_altitude,True,1.0418402178835977,2.906709532951717,1.192896774018447,0.9132437944792413,26,26,1.0,0.8312968111618345,0.9393592129034605,0.5282197403260608,0.6478704671517965,-0.5,0.4119904637336731,-0.5,-0.46115028858184814,simulator_service,service_success,True,,0.0117,0.0,service_success,0.0,False
-125.194244,79,2032.403511,False,3.860546459536095,True,False,2.5678572570720983,out_of_bounds,True,2.971230009878339,9.806225591317295,2.971230009878339,1.1093130338727166,79,79,1.0,0.9822379241915156,1.6511370833914971,0.5861364194768306,0.7071067811865476,-0.5,0.05911841243505478,0.18804368376731873,0.018297620117664337,simulator_service,service_success,True,,0.0114,0.0,service_success,0.0,False
-40.461353,27,2050.224576,False,1.212161556565146,True,False,2.665972552449277,out_of_bounds,True,1.6238967858106799,3.1139850683064227,1.6238967858106799,1.196896327009034,27,27,1.0,0.9782275367499489,1.278682865264257,0.47499653462317687,0.7071067811865476,0.28691962361335754,-0.5,0.21551337838172913,0.2149319052696228,simulator_service,service_success,True,,0.0116,0.0,service_success,0.0,False
-81.16763,71,2077.330537,False,5.343751938715597,True,False,1.6697791936754374,out_of_bounds,True,5.10326807585768,9.081640765144655,5.10326807585768,1.0953940554296986,71,71,1.0,1.0295297736933984,1.793711581496792,0.5743230348800045,0.7071067811865476,-0.5,0.2856011688709259,0.5,1.5707963705062866,simulator_service,service_success,True,,0.0116,0.0003,service_success,-1.1225871012346555,False
-23.253384,41,2098.441613,False,2.4451769055892774,True,False,2.594323647490148,out_of_bounds,True,2.4497004733516383,4.164457477253106,2.4497004733516383,1.2843608785301834,41,41,1.0,0.6460774241725574,1.2064329849059323,0.49180318985631166,0.7071067811865476,0.5,0.4890371859073639,0.5,-0.8463587760925293,simulator_service,service_success,True,,0.0114,0.0002,service_success,0.0,False
-17.594501,34,2117.942742,False,1.3344738882105855,True,False,2.811289510549752,out_of_bounds,True,1.3480763511197118,3.851771004771929,1.7762366948160817,1.6130751793064406,34,34,1.0,0.9227313214960293,1.2782592151883743,0.5679762780306665,0.7071067811865476,0.5,-0.5,0.4707002341747284,0.6864129304885864,simulator_service,service_success,True,,0.011,0.0005,service_success,0.0,False
-30.03747,38,2138.472705,False,1.4754499158493422,True,False,2.611319471830629,out_of_bounds,True,2.1445249354914666,4.735013655402018,2.25877872669447,1.2423165338259987,38,38,1.0,0.8147830317645616,1.1271461184439966,0.6037401143912802,0.7071067811865476,0.5,-0.5,-0.5,0.34420764446258545,simulator_service,service_success,True,,0.0114,0.0002,service_success,0.0,False
-18.782455,21,2159.076845,False,1.512120654115343,False,True,0.8845196329505982,unsafe_low_altitude,True,0.9309776838780078,2.388339798304149,0.9309776838780078,0.8845196329505982,21,21,1.0,0.9032295288812768,1.2215492625429203,0.6399521318966215,0.7071067811865476,0.5,0.5,-0.5,0.8615002036094666,simulator_service,service_success,True,,0.0116,0.0,service_success,0.0,False
