#{"t_start": 1783181286.252443, "env_id": "None"}
r,l,t,is_success,final_distance,is_out_of_bounds,is_unsafe_low_altitude,altitude,terminal_reason,terminal_stop_command_accepted,terminal_yaw_error,terminal_yaw_penalty,physical_displacement,path_length,max_physical_displacement,min_altitude,motion_command_steps,motion_command_accepted_steps,motion_command_acceptance_rate,mean_action_norm,max_action_norm,mean_xy_action_norm,max_xy_action_norm,last_action_vx,last_action_vy,last_action_vz,last_action_vyaw,reset_method,reset_path,reset_service_attempted,reset_failure_class,reset_position_error,reset_yaw_error,reset_service_status,vertical_safety_penalty,low_altitude_guard_active,bounds_guard_active
-26.268185,189,60.219774,True,0.33725803629794343,False,False,1.929405250178891,success,True,0.3318952205235929,3.318952205235929,1.3467006059184876,27.775157151182402,2.482385645069627,0.6756702231583104,189,189,1.0,1.2582218810961967,1.793711581496792,0.6354785550202994,0.7071067811865476,-0.5,0.5,-0.35273775458335876,0.2797074615955353,simulator_service,service_success,True,,0.0777,1.1905,service_success,0.0,False,False
-97.77352,200,106.124587,False,2.0226818827152684,False,False,1.673059421851289,max_steps,True,0.5472569455665561,0.0,3.425713810078807,31.273959110988073,4.332381034317944,0.6087612888416327,200,200,1.0,1.4788997281274963,1.793711581496792,0.6573996869977939,0.7071067811865476,-0.5,-0.44302797317504883,0.5,0.14996454119682312,velocity,post_controller_hold,False,,0.2162,2.0474,not_attempted,0.0,False,False
-114.09888,200,155.750803,False,5.832082225474268,False,False,2.0264456156366246,max_steps,True,0.558833882851772,0.0,1.9246703349044214,31.16416883457833,3.4515843741165666,0.6727515730120269,200,200,1.0,1.3816255327853704,1.793711581496792,0.6715717075322803,0.7071067811865476,0.5,-0.5,-0.5,-1.5707963705062866,velocity,post_controller_hold,False,,0.1424,1.3853,not_attempted,0.0,False,False
-42.105896,200,211.548978,False,2.3778817971152044,False,False,1.9095577054029176,max_steps,True,0.7476856182709292,0.0,3.0086792650205028,30.048263386936707,4.53479075588255,0.6383866137749094,200,200,1.0,1.4420699832110364,1.793711581496792,0.6139041269239857,0.7071067811865476,-0.5,-0.5,0.5,-0.5380768775939941,velocity,post_controller_hold,False,,0.1897,1.3551,not_attempted,0.0,False,False
-86.54134,200,259.661999,False,3.155904335674588,False,False,1.6799845755222578,max_steps,True,0.3515081610033584,0.0,4.474689277685583,31.03171631930633,4.717588278053945,0.5936267919992771,200,200,1.0,1.506052076631664,1.793711581496792,0.6654965509880439,0.7071067811865476,-0.5,0.5,-0.5,1.5707963705062866,velocity,post_controller_hold,False,,0.2083,1.0067,not_attempted,0.0,False,False
-51.251095,200,311.885333,False,2.1506226172846943,False,False,2.1536638615681927,max_steps,True,0.16052130482771193,0.0,1.4462225714757728,30.11074153775044,2.5636248073361436,0.7530783205520346,200,200,1.0,1.2781351089401405,1.793711581496792,0.6484775629066424,0.7071067811865476,0.5,0.1610606461763382,0.5,-0.47572752833366394,velocity,post_controller_hold,False,,0.1636,1.1483,not_attempted,0.0,False,False
-99.68706,200,364.510818,False,5.005825962435822,False,False,1.3649979343453453,max_steps,True,0.47220431951912195,0.0,2.9739866772149077,30.894738026260733,3.3365182142533163,0.6221569632936074,200,200,1.0,1.5220445338638973,1.793711581496792,0.6605156671195431,0.7071067811865476,-0.09717392921447754,-0.5,-0.5,0.25893422961235046,velocity,post_controller_hold,False,,0.2152,2.611,not_attempted,0.0,False,False
-74.37766,200,414.298033,False,1.7355229402391787,False,False,2.0317153011750384,max_steps,True,0.7143320569102594,0.0,1.6316145821525359,31.630580992617116,2.9541965620312265,0.6028531925732893,200,200,1.0,1.3236921387977898,1.793711581496792,0.6716744594758951,0.7071067811865476,0.5,-0.5,-0.5,0.5364896059036255,velocity,post_controller_hold,False,,0.1814,1.4238,not_attempted,0.0,False,False
-52.49586,200,465.603737,False,2.1371942514047753,False,False,1.8359799434765085,max_steps,True,0.17407353745453547,0.0,4.497368337912389,30.793548981792405,7.319982758637223,0.6127167031896688,200,200,1.0,1.2547732973665962,1.793711581496792,0.6593714247564086,0.7071067811865476,-0.5,-0.5,0.5,-0.6522786021232605,velocity,post_controller_hold,False,,0.1731,2.9842,not_attempted,0.0,False,False
-80.20298,200,521.621275,False,2.5390441033770488,False,False,0.7815935500426233,max_steps,True,0.3157490784602866,0.0,5.635585053593487,30.894945173108944,6.81340951624822,0.5996251588501121,200,200,1.0,1.3383049427669358,1.793711581496792,0.6658350293308709,0.7071067811865476,-0.5,0.5,-0.5,-1.5707963705062866,velocity,post_controller_hold,False,,0.1727,2.9353,not_attempted,0.0,False,False
-19.029526,83,552.340811,True,0.3270412401004788,False,False,1.068416008770415,success,True,0.6199025193587697,6.199025193587698,2.5618441374079826,12.679607185221228,2.5618441374079826,0.9062056516094652,83,83,1.0,1.5153820619537497,1.793711581496792,0.6424873707461556,0.7071067811865476,0.5,-0.40957486629486084,0.14527924358844757,-1.5707963705062866,velocity,post_controller_hold,False,,0.1975,0.2905,not_attempted,0.0,False,False
-89.97809,200,604.354943,False,2.1982912648520605,False,False,0.9250884501904281,max_steps,True,0.8285685757076061,0.0,2.1527234685206493,30.04089687069163,3.010019177409539,0.5962235627188637,200,200,1.0,1.3976622840391957,1.793711581496792,0.6227888170593919,0.7071067811865476,0.27971357107162476,-0.1458229273557663,-0.5,-1.5707963705062866,velocity,post_controller_hold,False,,0.1371,1.4333,not_attempted,0.0,False,False
-75.15204,200,654.867434,False,2.212936483679448,False,False,1.6382352558133078,max_steps,True,0.8098632219265957,0.0,5.120480082785159,30.51930478912005,5.120480082785159,0.5975445466211413,200,200,1.0,1.3177839719570252,1.793711581496792,0.6435677402392836,0.7071067811865476,-0.5,0.5,-0.5,-1.5707963705062866,velocity,post_controller_hold,False,,0.1827,2.3589,not_attempted,0.0,False,False
-102.64534,200,707.277054,False,3.529291582591139,False,False,2.1978246656134117,max_steps,True,0.6118766755194014,0.0,2.175973069378357,31.104253739137683,4.451537318644799,0.6176820190365429,200,200,1.0,1.4711185222175152,1.793711581496792,0.6497765850237569,0.7071067811865476,0.5,-0.5,0.5,1.5707963705062866,velocity,post_controller_hold,False,,0.1966,2.1621,not_attempted,0.0,False,False
-25.956709,175,753.99287,True,0.37855473951608976,False,False,1.2897388840215749,success,True,0.13789314250474335,1.3789314250474336,1.6630605157268097,25.288832636207182,5.344123412987076,0.5656232073166091,175,175,1.0,1.4981895546857813,1.793711581496792,0.6133487479402221,0.7071067811865476,-0.0419386550784111,-0.5,-0.5,0.9021151065826416,velocity,post_controller_hold,False,,0.1562,2.8492,not_attempted,0.0,False,False
-44.821133,200,803.210175,False,2.703731144897346,False,False,1.3181081956165903,max_steps,True,0.8471321799227116,0.0,2.01165175552256,29.51099772996567,3.8372030196215317,0.6212245371645811,200,200,1.0,1.3592832682390823,1.793711581496792,0.6517937667462124,0.7071067811865476,-0.5,0.5,0.5,-1.5707963705062866,velocity,post_controller_hold,False,,0.2023,2.0955,not_attempted,0.0,False,False
-52.467392,200,854.826019,False,1.497460171197779,False,False,1.5551548122517969,max_steps,True,0.23524987919467816,0.0,1.4457757827080226,30.786224309156403,2.796798060630542,0.5615013619435006,200,200,1.0,1.3017977285406928,1.793711581496792,0.650432848989336,0.7071067811865476,-0.5,-0.5,0.5,0.32169297337532043,velocity,post_controller_hold,False,,0.1914,0.626,not_attempted,0.0,False,False
-50.194057,200,906.834176,False,2.3507811746570035,False,False,2.1908369967099564,max_steps,True,0.44564357006221955,0.0,2.2726951209828155,30.098110274908965,4.562505214543508,0.6228567577922332,200,200,1.0,1.3560575090108342,1.793711581496792,0.667178068017103,0.7071067811865476,0.08760569989681244,0.5,0.5,1.2701014280319214,velocity,post_controller_hold,False,,0.2021,2.0415,not_attempted,0.0,False,False
-50.008,200,955.352979,False,2.1377472502269956,False,False,2.3960547881041068,max_steps,True,0.6466225879868305,0.0,1.382980314285194,28.416352003862254,5.226102655003373,0.5806229795135734,200,200,1.0,1.2822214402068106,1.793711581496792,0.5956375699284652,0.7071067811865476,-0.009500876069068909,-0.24217405915260315,-0.2,0.04448018968105316,velocity,post_controller_hold,False,,0.2005,2.483,not_attempted,0.0,False,True
-100.12022,200,1009.169795,False,0.9923271987619648,False,False,2.1196331710514142,max_steps,True,0.9592036997293196,0.0,3.998088236703665,31.156342656989228,5.279477566398858,0.5838851540476958,200,200,1.0,1.5874644369780757,1.793711581496792,0.6620686244070054,0.7071067811865476,-0.5,-0.5,0.5,1.5707963705062866,velocity,post_controller_hold,False,,0.1408,1.4952,not_attempted,0.0,False,False
-21.865074,181,1060.503845,True,0.385606466967541,False,False,0.7254911003608784,success,True,0.014697579453787066,0.14697579453787066,2.14971248285136,27.71718457606368,2.6054479512100372,0.5646625305913042,181,181,1.0,1.3795960321695286,1.793711581496792,0.6436835344338986,0.7071067811865476,-0.1485292911529541,-0.25006309151649475,0.0501733273267746,0.5212340950965881,velocity,post_controller_hold,False,,0.1757,1.4844,not_attempted,0.0,False,False
-85.56207,200,1114.289824,False,3.614650261695647,False,False,1.4936681329672308,max_steps,True,0.6748908640021337,0.0,2.13626420761624,31.17402714635006,3.416972500977698,0.5753575117798887,200,200,1.0,1.4732248845387963,1.793711581496792,0.6594350678971721,0.7071067811865476,0.5,0.5,-0.5,1.1093394756317139,velocity,post_controller_hold,False,,0.1747,0.489,not_attempted,0.0,False,False
-79.48268,200,1169.916974,False,3.7605093553409827,False,False,0.6547520308119086,max_steps,True,0.48830867119262045,0.0,5.499912856528141,31.77684882770822,5.712256133277391,0.5821879197693953,200,200,1.0,1.445682905297049,1.793711581496792,0.6860212610181926,0.7071067811865476,0.5,0.2,0.5,1.5707963705062866,velocity,post_controller_hold,False,,0.0815,0.0997,not_attempted,0.0,True,True
-126.994125,200,1222.728054,False,4.12263805021055,False,False,1.9585002482641283,max_steps,True,0.902108389591132,0.0,5.969651990694798,31.09956651419847,6.208447489985191,0.5157322417560862,200,200,1.0,1.5829825420694221,1.793711581496792,0.6658627822146541,0.7071067811865476,0.5,-0.5,-0.5,-0.6420654058456421,velocity,post_controller_hold,False,,0.1816,2.8327,not_attempted,0.0,False,False
7.54854,55,1241.546927,True,0.3980965097875824,False,False,1.435242352034402,success,True,0.14033417292144187,1.4033417292144188,1.8713516405281325,8.518541783544821,1.8713516405281325,0.7077812617090381,55,55,1.0,1.3241252257801446,1.793711581496792,0.6725356414706514,0.7071067811865476,-0.4881511628627777,0.16311879456043243,0.5,-0.5580859780311584,velocity,post_controller_hold,False,,0.0982,2.9543,not_attempted,0.0,False,False
7.0863466,44,1260.261793,True,0.3719766735457995,False,False,2.2380223756251274,success,True,0.33069575557055686,3.3069575557055684,2.1909091304039854,6.368805540436804,2.2268819708070478,0.7067804198247203,44,44,1.0,1.0283462437161213,1.793711581496792,0.5616743644501168,0.7071067811865476,0.10856494307518005,-0.5,-0.2,-0.48842865228652954,velocity,post_controller_hold,False,,0.1551,0.6302,not_attempted,0.0,False,True
-12.458382,94,1289.771862,True,0.2825569564366753,False,False,1.2853922137683158,success,True,0.05719433105902757,0.5719433105902757,3.01111247269859,13.453213359356477,3.0599655906752115,1.0627906587254077,94,94,1.0,1.5661026532823512,1.793711581496792,0.6453960995979197,0.7071067811865476,0.44502145051956177,-0.5,-0.009158249944448471,0.9580737948417664,velocity,post_controller_hold,False,,0.1605,3.0962,not_attempted,0.0,False,False
-6.4695435,150,1331.389951,True,0.3323028432464596,False,False,1.9350549347536345,success,True,0.05441153479347361,0.5441153479347361,1.1839175747130082,22.11069917556601,3.434511267212739,0.6169544164185081,150,150,1.0,1.4308020065442577,1.793711581496792,0.6207781818629159,0.7071067811865476,0.5,0.3919030427932739,-0.5,-1.5707963705062866,velocity,post_controller_hold,False,,0.1306,0.7685,not_attempted,0.0,False,False
-52.675854,151,1368.301888,False,1.74420952365351,True,False,2.52273171502405,out_of_bounds,True,0.7096708660260904,0.0,1.5474715117353834,22.860702683573443,2.714726748243745,0.5776608799874027,151,151,1.0,1.2836795141571333,1.793711581496792,0.6384201082110854,0.7071067811865476,0.5,0.5,-0.2,0.44800570607185364,velocity,post_controller_hold,False,,0.1606,1.2697,not_attempted,0.0,False,True
-5.4359493,64,1392.009702,True,0.3975875520704538,False,False,1.2485099756250992,success,True,0.680926717364269,6.80926717364269,3.358141104844679,9.21240826182199,3.358141104844679,0.5874076777219063,64,64,1.0,1.4524275763379109,1.793711581496792,0.6449747116696722,0.7071067811865476,0.5,-0.5,-0.5,-1.5707963705062866,simulator_service,service_success,True,,0.0024,0.0002,service_success,0.0,False,False
-92.04122,200,1443.22999,False,1.5355207212745572,False,False,2.278569623986449,max_steps,True,0.29126079477368044,0.0,3.5723263922520974,31.600837749912564,6.8435103984082915,0.6430187054655023,200,200,1.0,1.4448140131555065,1.793711581496792,0.6903708078611973,0.7071067811865476,-0.5,0.5,-0.2,0.13891932368278503,velocity,post_controller_hold,False,,0.1383,1.1745,not_attempted,0.0,False,True
-47.985603,200,1495.950824,False,1.8525350739678006,False,False,1.4861131865938693,max_steps,True,0.6117164021969395,0.0,2.1694044880130483,30.762419676458283,3.0688289395530424,0.5521493206655943,200,200,1.0,1.4385455059146517,1.793711581496792,0.6505658702234505,0.7071067811865476,-0.5,-0.4087405800819397,-0.5,1.5707963705062866,velocity,post_controller_hold,False,,0.1581,0.2606,not_attempted,0.0,False,False
-40.596184,200,1550.466884,False,1.404952255429973,False,False,1.5485846387305362,max_steps,True,0.7048501340684156,0.0,0.7019319529377301,30.74650912807888,4.262739463698676,0.5641910682644423,200,200,1.0,1.3499645203895967,1.793711581496792,0.6478299920151891,0.7071067811865476,0.5,-0.19838657975196838,0.5,-0.3405367434024811,velocity,post_controller_hold,False,,0.1404,0.4764,not_attempted,0.0,False,False
-68.98751,200,1600.27776,False,1.706854839149792,False,False,1.7980525778634002,max_steps,True,0.5906923486445623,0.0,2.469226171344136,30.90559038852021,3.2803682809551473,0.5116579810838617,200,200,1.0,1.4198821223529847,1.793711581496792,0.6482216958146264,0.7071067811865476,0.5,-0.14385077357292175,0.1818980574607849,-1.5707963705062866,velocity,post_controller_hold,False,,0.1615,2.1617,not_attempted,0.0,False,False
-64.3466,160,1639.590394,False,2.000497622659337,True,False,2.5048618311878346,out_of_bounds,True,0.048898477730966755,0.0,3.3987148615019054,24.19603078810249,4.108200233260788,0.5472554693221873,160,160,1.0,1.3135952681756078,1.793711581496792,0.6390435198457619,0.7071067811865476,0.5,0.5,-0.5,-0.4991673529148102,velocity,post_controller_hold,False,,0.1634,0.3414,not_attempted,0.0,False,False
-15.998782,161,1680.103888,True,0.2858441225737959,False,False,2.020699682120559,success,True,0.9371777574391652,9.371777574391652,4.161176077634505,23.994802835081757,4.59325628948564,0.6026416199746644,161,161,1.0,1.4536504260949359,1.793711581496792,0.6497943112561512,0.7071067811865476,-0.5,0.2881389558315277,-0.5,1.5707963705062866,simulator_service,service_success,True,,0.0016,0.0,service_success,0.0,False,False
-60.024044,200,1732.21446,False,1.9134333393735021,False,False,2.177241550812438,max_steps,True,0.539605927329485,0.0,5.1593268391694656,29.33355581401806,5.629345793696173,0.5584257773453921,200,200,1.0,1.3703635927288502,1.793711581496792,0.6288807490877738,0.7071067811865476,-0.5,-0.5,-0.1095464825630188,1.5707963705062866,velocity,post_controller_hold,False,,0.1909,2.6358,not_attempted,0.0,False,False
-77.49319,200,1788.637321,False,4.386244430037017,False,False,1.799096651370951,max_steps,True,0.5885649694418169,0.0,1.9964982302066294,29.74246672901362,3.2852507071244244,0.5412330865584274,200,200,1.0,1.4449079296796987,1.793711581496792,0.6458387941438538,0.7071067811865476,0.5,-0.0946672111749649,0.5,-0.7391620874404907,velocity,post_controller_hold,False,,0.1614,1.4354,not_attempted,0.0,False,False
-104.106384,200,1843.250131,False,3.2838333358667096,False,False,1.0057676441297518,max_steps,True,0.7591474077445209,0.0,1.5213224984746934,31.2324736526352,3.6194558091741693,0.5359070150521523,200,200,1.0,1.5456168239433696,1.793711581496792,0.6735179662521671,0.7071067811865476,-0.5,0.05481867492198944,0.5,1.5707963705062866,velocity,post_controller_hold,False,,0.1709,0.1143,not_attempted,0.0,False,False
-55.050034,200,1895.562826,False,3.910001662845293,False,False,2.3607455457901216,max_steps,True,0.264024549794365,0.0,2.7712506853142993,31.09159891270406,4.215058187054751,0.5752029919112587,200,200,1.0,1.3578315527236802,1.793711581496792,0.6509399695996305,0.7071067811865476,0.5,-0.4108421802520752,-0.2,1.5707963705062866,velocity,post_controller_hold,False,,0.0761,1.3522,not_attempted,0.0,False,True
-72.66849,200,1949.076197,False,4.711913074469319,False,False,1.4492594332417832,max_steps,True,0.5422939879434124,0.0,2.3268834899527984,32.131604905533116,3.6810922703215683,0.5515056232961346,200,200,1.0,1.5035538553469245,1.793711581496792,0.6900169507677161,0.7071067811865476,0.5,-0.5,0.5,0.00421258807182312,velocity,post_controller_hold,False,,0.1657,1.6389,not_attempted,0.0,False,False
-76.39931,200,2004.391917,False,2.3497080174269054,False,False,1.5762379413099503,max_steps,True,0.6922698885517005,0.0,4.411322762102732,31.42244128300021,5.566290424277916,0.5123794181850723,200,200,1.0,1.4514099255721353,1.793711581496792,0.6779103370257148,0.7071067811865476,0.5,0.5,-0.5,-1.5707963705062866,velocity,post_controller_hold,False,,0.1526,1.7129,not_attempted,0.0,False,False
-64.04282,200,2055.91036,False,4.78625352357919,False,False,2.263142991389898,max_steps,True,0.8019011825957704,0.0,1.9947594368983503,30.472491696167836,3.928626652770224,0.5255279797258317,200,200,1.0,1.4708459369495452,1.793711581496792,0.6657443359780687,0.7071067811865476,-0.5,-0.5,-0.2,1.5707963705062866,velocity,post_controller_hold,False,,0.1995,2.4985,not_attempted,0.0,False,True
-30.835423,138,2095.919963,True,0.32781658388825147,False,False,1.8132004185964756,success,True,0.48552277726385673,4.8552277726385675,2.9957654535361953,21.686052323102967,3.3240219675514306,0.553520111205121,138,138,1.0,1.5263935378398377,1.793711581496792,0.6773551701818882,0.7071067811865476,0.5,0.5,0.5,-0.336431086063385,velocity,post_controller_hold,False,,0.0897,0.8203,not_attempted,0.0,False,False
-29.307972,137,2143.138913,True,0.3729771108418466,False,False,0.9553679820038176,success,True,0.2588921641915836,2.588921641915836,4.7590379871074315,21.021447383939947,4.7590379871074315,0.527090032003787,137,137,1.0,1.3854147217791533,1.793711581496792,0.6503282518063299,0.7071067811865476,0.5,-0.5,-0.14767900109291077,-0.5481708645820618,velocity,post_controller_hold,False,,0.1167,2.2354,not_attempted,0.0,False,False
-8.562368,140,2185.751994,True,0.31636318226383037,False,False,2.3396748321294356,success,True,0.2050869528621943,2.050869528621943,2.500177495433053,20.39711335214945,3.282508357172126,0.5197459373294823,140,140,1.0,1.4032088903618567,1.793711581496792,0.6422813249514892,0.7071067811865476,0.5,0.5,-0.5,0.1463795155286789,velocity,post_controller_hold,False,,0.1855,0.9555,not_attempted,0.0,False,False
-62.105083,200,2236.960891,False,1.67541054034816,False,False,1.4433581043676198,max_steps,True,0.5149248567275692,0.0,1.3851494632978574,31.6681981868803,4.527315316508766,0.546208292734921,200,200,1.0,1.4853174854265947,1.793711581496792,0.6756302614956,0.7071067811865476,0.5,-0.044321537017822266,0.5,-0.3469005823135376,velocity,post_controller_hold,False,,0.1202,0.3629,not_attempted,0.0,False,False
-52.3683,71,2258.979365,False,3.1655950128299937,True,False,2.5508601827957507,out_of_bounds,True,0.8906491369380699,0.0,1.6882612474999525,11.065178039675414,1.7596647053355132,0.566730526128203,71,71,1.0,1.6075494860178632,1.793711581496792,0.6696543389844218,0.7071067811865476,0.18550097942352295,0.5,-0.5,1.4665244817733765,velocity,post_controller_hold,False,,0.1367,2.7507,not_attempted,0.0,False,False
-36.43995,102,2287.497047,False,1.8075416629132814,True,False,2.5032771922703843,out_of_bounds,True,0.4338491779922748,0.0,2.1560963230602663,14.84427612896004,3.6959765440518,1.1250726154378128,102,102,1.0,1.4139728429416187,1.793711581496792,0.6367714665774136,0.7071067811865476,0.5,-0.3271009922027588,-0.2,-1.5707963705062866,simulator_service,service_success,True,,0.0063,0.0001,service_success,0.0,False,True
-18.824171,14,2300.209553,False,2.531592496934172,False,True,0.4279724699366038,unsafe_low_altitude,True,0.17680844793349265,0.0,1.3200444382724053,1.7148459274291024,1.3200444382724053,0.4279724699366038,14,14,1.0,0.9123693937978826,1.793711581496792,0.5607259847291356,0.7071067811865476,-0.5,0.1847776472568512,0.5,0.7098027467727661,simulator_service,service_success,True,,0.007,0.0004,service_success,0.0,True,False
-65.86235,117,2334.130269,False,3.6494297555293795,False,True,0.48714367396673275,unsafe_low_altitude,True,0.5249508187554038,0.0,1.5281062779633683,18.252465341091842,3.6746629777034987,0.48714367396673275,117,117,1.0,1.5615039909514596,1.793711581496792,0.681426121446006,0.7071067811865476,0.5,-0.5,0.5,-1.5707963705062866,simulator_service,service_success,True,,0.0066,0.0,service_success,0.0,True,False
-51.502247,95,2361.339927,False,5.385397717785008,True,False,2.5444406382831635,out_of_bounds,True,0.5239037303965629,0.0,2.020416075180542,14.839800504573502,2.98885269004127,0.530703002715161,95,95,1.0,1.5234410920210861,1.793711581496792,0.6978579134619847,0.7071067811865476,-0.5,0.5,-0.5,-1.5707963705062866,simulator_service,service_success,True,,0.0064,0.0,service_success,0.0,False,False
-22.518492,61,2383.852975,False,1.1403682418570897,False,True,0.48570624702631277,unsafe_low_altitude,True,0.9403648371867173,0.0,2.7115656806856827,8.900035991755836,2.94072290083311,0.48570624702631277,61,61,1.0,1.4454515709355065,1.793711581496792,0.6510186029855338,0.7071067811865476,-0.5,-0.5,0.5,-1.5707963705062866,simulator_service,service_success,True,,0.0065,0.0023,service_success,0.0,True,False
-44.451088,116,2415.170135,False,1.5804091476788127,True,False,2.5249114101919985,out_of_bounds,True,0.9665795029747917,0.0,4.757564197363434,17.973932013617482,4.810487866752257,0.6149461100041999,116,116,1.0,1.5277669407597605,1.793711581496792,0.6630286861044679,0.7071067811865476,0.5,0.5,-0.4271344840526581,-1.5707963705062866,simulator_service,service_success,True,,0.0067,0.0,service_success,0.0,False,False
4.6993256,86,2446.186055,True,0.3515714986700785,False,False,1.5910551973445923,success,True,0.1277937022588901,1.277937022588901,1.373636713456608,13.175770557844533,2.8005723015206483,0.5514774460275896,86,86,1.0,1.3452372400757706,1.793711581496792,0.6571746435973387,0.7071067811865476,-0.1040719747543335,0.5,-0.5,0.06955988705158234,simulator_service,service_success,True,,0.0071,0.0013,service_success,0.0,False,False
-62.155228,190,2495.398334,False,2.389281297685975,False,True,0.4521348478889253,unsafe_low_altitude,True,0.3093868380512974,0.0,4.350311407043638,27.778332730570447,5.60645694562987,0.4521348478889253,190,190,1.0,1.4203077375188953,1.793711581496792,0.6175201512545472,0.7071067811865476,-0.5,0.2,0.5,1.5707963705062866,velocity,post_controller_hold,False,,0.1929,0.1136,not_attempted,0.0,True,True
-59.401413,200,2550.613052,False,1.7988658209867174,False,False,1.174059904061015,max_steps,True,0.998326205961303,0.0,1.873659992534993,30.513826793183494,3.832712484537749,0.5207403847132944,200,200,1.0,1.3968903865549098,1.793711581496792,0.6664648726285769,0.7071067811865476,-0.5,0.5,0.5,1.5707963705062866,simulator_service,service_success,True,,0.0074,0.0,service_success,0.0,False,False
-77.677795,186,2596.730611,False,5.244748366862289,True,False,2.5038711608654176,out_of_bounds,True,0.2874806342630807,0.0,7.534973976846624,28.30321721983955,8.217451367978141,0.5158072482440024,186,186,1.0,1.4918351830093048,1.793711581496792,0.6482185532111815,0.7071067811865476,-0.5,0.5,-0.2,-1.5707963705062866,velocity,post_controller_hold,False,,0.1155,1.8249,not_attempted,0.0,False,True
-62.84217,122,2632.041073,False,5.1942713032226555,False,True,0.4512146822162778,unsafe_low_altitude,True,0.8559471928208113,0.0,3.0501497520935508,18.634350600664646,3.0501497520935508,0.4512146822162778,122,122,1.0,1.4503374503367672,1.793711581496792,0.6667708887107269,0.7071067811865476,0.5,0.5,0.5,1.3917346000671387,simulator_service,service_success,True,,0.0077,0.0003,service_success,0.0,False,False
-26.519081,29,2645.957275,False,4.887458453231859,True,False,2.528155003462873,out_of_bounds,True,0.8288137983984126,0.0,3.3996253077648064,4.548514666604532,3.3996253077648064,1.3208178058564375,29,29,1.0,1.1721102256935774,1.793711581496792,0.6795616370248276,0.7071067811865476,-0.2,-0.5,-0.2,-0.22107961773872375,simulator_service,service_success,True,,0.0077,0.0,service_success,0.0,False,True
-35.88909,46,2666.471268,False,4.087868772639805,False,True,0.3807106970443721,unsafe_low_altitude,True,0.25895465002055423,0.0,4.493987473171371,7.033747632624076,4.765244987613291,0.3807106970443721,46,46,1.0,1.399104061885129,1.793711581496792,0.6104288394701977,0.7071067811865476,-0.5,0.5,0.5,1.5707963705062866,simulator_service,service_success,True,,0.0081,0.0001,service_success,0.0,True,False
-45.939182,103,2695.281915,False,2.1603370287620947,True,False,2.5393774063263748,out_of_bounds,True,0.859262064803748,0.0,4.715002454098865,15.420932146274025,4.715002454098865,0.5173992080125128,103,103,1.0,1.618219606835049,1.793711581496792,0.6818292990181756,0.7071067811865476,-0.5,0.5,-0.2,-1.5707963705062866,simulator_service,service_success,True,,0.0087,0.0,service_success,0.0,False,True
-83.38025,169,2741.002151,False,1.3970672318583328,False,True,0.4521267455419091,unsafe_low_altitude,True,0.938709428203334,0.0,4.422223665637545,25.97523961677269,4.839841491248597,0.4521267455419091,169,169,1.0,1.3273858124661861,1.793711581496792,0.6897338486598754,0.7071067811865476,-0.5,0.5,0.5,-0.9813593626022339,simulator_service,service_success,True,,0.0075,0.0,service_success,0.0,True,False
-48.907387,200,2792.811954,False,4.157650998325165,False,False,1.7683184496928006,max_steps,True,0.03556903720888572,0.0,2.5088221588329365,29.94045179471304,3.05690884283091,0.5777907437639569,200,200,1.0,1.4811196858886027,1.793711581496792,0.6637843949155046,0.7071067811865476,0.5,-0.5,0.5,-1.5707963705062866,simulator_service,service_success,True,,0.0094,0.0,service_success,0.0,False,False
-21.64397,42,2812.821134,False,1.2713312641854788,False,True,0.4987506791552197,unsafe_low_altitude,True,0.6653734226073886,0.0,2.2639943558700963,5.974809784466114,2.2639943558700963,0.4987506791552197,42,42,1.0,1.4955326004309724,1.793711581496792,0.5970532847851359,0.7071067811865476,0.2,0.5,0.5,1.5707963705062866,velocity,post_controller_hold,False,,0.1993,2.5288,not_attempted,0.0,True,True
-44.97103,63,2834.436051,False,5.19274312415638,True,False,2.610941198999852,out_of_bounds,True,0.31016535192665684,0.0,2.6686220324539853,9.042644848463828,2.679758526682997,0.5816600900394622,63,63,1.0,1.5945080165995689,1.793711581496792,0.6120772353945373,0.7071067811865476,-0.32583123445510864,-0.2,-0.2,-1.5707963705062866,simulator_service,service_success,True,,0.0097,0.0,service_success,0.0,False,True
-21.110893,36,2852.5581,False,2.349546953440129,False,True,0.4367143865317723,unsafe_low_altitude,True,0.024249868043399077,0.0,3.4803116000731986,5.06869127900213,3.4803116000731986,0.4367143865317723,36,36,1.0,1.346871653416037,1.793711581496792,0.6467226196182031,0.7071067811865476,0.10690677165985107,0.1737527847290039,0.5,0.6705999374389648,simulator_service,service_success,True,,0.0097,0.0,service_success,0.0,True,False
-31.00486,48,2871.277952,False,1.9459049146418512,True,False,2.5000696519652457,out_of_bounds,True,0.9992654005051957,0.0,2.0008268766504664,7.534353738336139,2.0008268766504664,0.5391983503720694,48,48,1.0,1.7393492879515222,1.793711581496792,0.6800576944834051,0.7071067811865476,0.5,0.5,-0.2,-1.0526325702667236,simulator_service,service_success,True,,0.0087,0.0,service_success,0.0,False,True
-72.524704,173,2915.588476,False,2.1822575295023574,True,False,2.593633596743149,out_of_bounds,True,0.8416724916034498,0.0,5.636484894067561,26.052092986698355,5.636484894067561,0.5876785781102156,173,173,1.0,1.5010128989588571,1.793711581496792,0.6728362274971225,0.7071067811865476,-0.25658729672431946,-0.5,-0.2,1.5707963705062866,simulator_service,service_success,True,,0.0099,0.0001,service_success,0.0,False,True
-38.250175,66,2937.768152,False,3.545961658148754,True,False,2.516325653949425,out_of_bounds,True,0.3638470447139624,0.0,1.6812460943820844,10.300942139740958,1.6812460943820844,0.5534874192940726,66,66,1.0,1.444172342454635,1.793711581496792,0.7004279828392509,0.7071067811865476,0.5,0.5,-0.2,-0.9687573909759521,simulator_service,service_success,True,,0.0099,0.0008,service_success,0.0,False,True
-64.784904,150,2977.572767,False,3.0200595002478017,True,False,2.510587659671312,out_of_bounds,True,0.9165592858744713,0.0,3.330839515327073,21.68679985238343,4.417798313184977,0.5464591732338221,150,150,1.0,1.2851307341263944,1.793711581496792,0.6630054349155208,0.7071067811865476,0.5,-0.14854779839515686,-0.2,1.2367392778396606,simulator_service,service_success,True,,0.0096,0.0013,service_success,0.0,False,True
-21.74461,29,2992.51803,False,2.3719253025478264,True,False,2.52220325768319,out_of_bounds,True,0.9204374419152003,0.0,3.1076759124353255,3.90126262875725,3.1076759124353255,1.0268090295269996,29,29,1.0,1.583915700488419,1.793711581496792,0.6408297072039841,0.7071067811865476,0.5,0.5,-0.2,-0.7406120300292969,simulator_service,service_success,True,,0.0101,0.0001,service_success,0.0,False,True
-27.549759,78,3017.999038,False,1.3241054636060343,True,False,2.5091310359289474,out_of_bounds,True,0.6367109835274387,0.0,3.971904402741986,11.152580535631836,3.971904402741986,1.2213552377682184,78,78,1.0,1.602822290283544,1.793711581496792,0.6941643503716463,0.7071067811865476,0.5,0.5,-0.5,-1.5707963705062866,simulator_service,service_success,True,,0.0104,0.0006,service_success,0.0,False,False
-73.72835,109,3049.765229,False,5.351982783033203,True,False,2.5947830107901066,out_of_bounds,True,0.715708873714502,0.0,1.9834149693384042,16.869156495384196,2.7630475988466445,0.5222846736558654,109,109,1.0,1.6002810392119071,1.793711581496792,0.6758855763318286,0.7071067811865476,0.5,0.5,-0.2,0.5890049934387207,simulator_service,service_success,True,,0.0105,0.0004,service_success,0.0,False,True
-49.718925,86,3079.381944,False,2.099915830744918,False,True,0.43851149559070274,unsafe_low_altitude,True,0.6480394632803707,0.0,4.719747884406672,13.155337457829065,4.719747884406672,0.43851149559070274,86,86,1.0,1.5746706556547347,1.793711581496792,0.6736741543573544,0.7071067811865476,-0.5,0.5,0.5,-1.5707963705062866,simulator_service,service_success,True,,0.0106,0.0,service_success,0.0,True,False
-84.87919,200,3140.402891,False,4.052329203495344,False,False,2.0889446261582973,max_steps,True,0.486453939976449,0.0,1.1196176711184926,29.951753074659408,2.794271699542029,0.6637119781949085,200,200,1.0,1.4538823998951307,1.793711581496792,0.6665961419278691,0.7071067811865476,0.36038827896118164,0.5,-0.5,1.5707963705062866,simulator_service,service_success,True,,0.0103,0.0,service_success,0.0,False,False
-30.048397,60,3162.011312,False,2.0090131892473195,True,False,2.6453295667183894,out_of_bounds,True,0.7139405499954603,0.0,2.9736870654956524,8.524922961040277,2.9736870654956524,0.9315777784446319,60,60,1.0,1.348352327388081,1.793711581496792,0.6560954612877602,0.7071067811865476,0.5,0.5,-0.2,0.34036985039711,velocity,post_controller_hold,False,,0.1582,1.8233,not_attempted,0.0,False,True
-54.75114,191,3213.223158,False,2.7607257433569363,False,True,0.4428818640268748,unsafe_low_altitude,True,0.36591549871567297,0.0,2.873041688930566,27.80151289447423,5.009233107094005,0.4428818640268748,191,191,1.0,1.4509181413522616,1.793711581496792,0.6450768923427639,0.7071067811865476,-0.5,0.11692386865615845,0.5,-0.28208544850349426,simulator_service,service_success,True,,0.011,0.0004,service_success,0.0,True,False
-57.4897,200,3273.737777,False,1.9986268706777024,False,False,0.6667704280487698,max_steps,True,0.5042008290175602,0.0,6.312843079228354,29.189574228099946,8.090316125521953,0.5005739499449237,200,200,1.0,1.5740198085786021,1.793711581496792,0.6661483856236237,0.7071067811865476,0.5,0.5,0.5,0.6540969610214233,simulator_service,service_success,True,,0.0099,0.0,service_success,0.0,True,False
-26.101261,32,3292.243193,False,2.9177326955336107,False,True,0.43863458874479055,unsafe_low_altitude,True,0.5673165729739231,0.0,1.4989343395160928,4.727103121376234,1.4989343395160928,0.43863458874479055,32,32,1.0,1.692985635614166,1.793711581496792,0.6836930617425098,0.7071067811865476,-0.5,0.5,0.5,1.5707963705062866,velocity,post_controller_hold,False,,0.1939,1.2126,not_attempted,0.0,True,False
-22.318432,15,3304.944823,False,5.352054754744972,True,False,2.5349402835669768,out_of_bounds,True,0.1015657728164628,0.0,1.8230298606966484,2.2204180531741,1.8230298606966484,1.3995684428587136,15,15,1.0,1.7818064741353288,1.793711581496792,0.7071067811865478,0.7071067811865476,-0.5,-0.5,-0.2,-1.5707963705062866,simulator_service,service_success,True,,0.011,0.0,service_success,0.0,False,True
-56.294376,89,3335.167792,False,2.1247041038343637,False,True,0.4819443544490288,unsafe_low_altitude,True,0.62764245150069,0.0,3.705251837072762,12.946231048388363,3.899817922223623,0.4819443544490288,89,89,1.0,1.415805072452195,1.793711581496792,0.6386224310717326,0.7071067811865476,0.5,0.17640957236289978,0.5,-0.864710807800293,simulator_service,service_success,True,,0.0102,0.0001,service_success,0.0,True,False
-23.980837,19,3351.099305,False,5.37361059218596,False,True,0.4056649970600429,unsafe_low_altitude,True,0.4235839648707546,0.0,2.1745146650954172,2.631509352687872,2.1745146650954172,0.4056649970600429,19,19,1.0,1.7472758789662814,1.793711581496792,0.6693291461162829,0.7071067811865476,0.5,-0.5,0.5,-1.4102574586868286,simulator_service,service_success,True,,0.0102,0.0,service_success,0.0,True,False
-23.379097,24,3368.310956,False,2.001902655548403,False,True,0.4860116206346283,unsafe_low_altitude,True,0.3931007464975419,0.0,3.5442180365879348,3.7384268808616437,3.5442180365879348,0.4860116206346283,24,24,1.0,1.5119081469897904,1.793711581496792,0.6837820567798379,0.7071067811865476,0.5,-0.14333772659301758,0.5,1.5707963705062866,simulator_service,service_success,True,,0.0102,0.0,service_success,0.0,True,False
