#{"t_start": 1783212728.534786, "env_id": "None"}
r,l,t,is_success,final_distance,is_out_of_bounds,is_unsafe_low_altitude,altitude,terminal_reason,terminal_stop_command_accepted,terminal_yaw_error,terminal_yaw_penalty,physical_displacement,path_length,max_physical_displacement,min_altitude,motion_command_steps,motion_command_accepted_steps,motion_command_acceptance_rate,mean_action_norm,max_action_norm,mean_xy_action_norm,max_xy_action_norm,last_action_vx,last_action_vy,last_action_vz,last_action_vyaw,reset_method,reset_path,reset_service_attempted,reset_failure_class,reset_position_error,reset_yaw_error,reset_service_status,vertical_safety_penalty,low_altitude_guard_active,bounds_guard_active
-12.2860985,159,52.308498,True,0.38918432859842444,False,False,1.7583936449622721,success,True,0.2559135879187574,2.559135879187574,1.3000910584782954,22.412872488837387,2.040876925468786,0.9468305006814686,159,159,1.0,1.2138283579772824,1.793711581496792,0.6323229536045749,0.7071067811865476,0.07324583828449249,0.06678877770900726,0.5,0.31381964683532715,simulator_service,service_success,True,,0.0928,1.2671,service_success,0.0,False,False
-56.16948,200,101.81133,False,0.7026413916051378,False,False,1.7080821177241374,max_steps,True,0.3304432603162595,0.0,0.7867123384969588,28.15042235192867,4.368311483135426,0.9378610944938922,200,200,1.0,1.353408649810231,1.793711581496792,0.6284206582036195,0.7071067811865476,0.5,0.2243957221508026,0.4028159976005554,-1.0381808280944824,velocity,post_controller_hold,False,,0.1799,1.1341,not_attempted,0.0,False,False
-60.48052,200,155.242512,False,5.013698804178877,False,False,1.284814527004261,max_steps,True,0.74443814900535,0.0,4.375013013684899,29.633976702247747,4.376660155034909,0.9651157272054899,200,200,1.0,1.3062236178111954,1.793711581496792,0.6410068062535249,0.7071067811865476,-0.2,-0.5,-0.5,-0.30768823623657227,velocity,post_controller_hold,False,,0.159,0.079,not_attempted,0.0,False,True
-39.79696,200,206.371495,False,1.8947875233237865,False,False,1.6703663094625383,max_steps,True,0.47762997044298555,0.0,3.3026845679645875,27.59935953995787,3.938853767592143,1.016539957869219,200,200,1.0,1.256192632029891,1.793711581496792,0.5727999251650716,0.7071067811865476,-0.5,-0.2500983476638794,0.5,1.5707963705062866,velocity,post_controller_hold,False,,0.1643,2.731,not_attempted,0.0,False,False
-69.64164,200,257.597813,False,3.3123509396354636,False,False,1.0749927799859973,max_steps,True,0.04620543828657625,0.0,1.9459093169075152,28.685242259080038,2.7621062802705283,1.0038815531461316,200,200,1.0,1.3483570868083756,1.793711581496792,0.6377122016332699,0.7071067811865476,0.5,0.5,0.5,-1.5707963705062866,velocity,post_controller_hold,False,,0.143,2.9568,not_attempted,0.0,True,False
-56.04939,200,315.805511,False,2.2024686340929662,False,False,2.0370110688503575,max_steps,True,0.8822512918778763,0.0,3.540651636372689,28.189929113316307,4.489279619415731,0.86200601667937,200,200,1.0,1.247483773751088,1.793711581496792,0.6233170282560753,0.7071067811865476,0.38797545433044434,0.18328799307346344,-0.5,1.5707963705062866,velocity,post_controller_hold,False,,0.1561,1.3487,not_attempted,0.0,False,True
-82.92848,200,364.709021,False,4.178623940432809,False,False,1.5869756992722224,max_steps,True,0.9440094897434966,0.0,2.3161765665472496,28.627027292764286,3.940152450913818,1.0132567438848805,200,200,1.0,1.4002428473525013,1.793711581496792,0.6408696403369789,0.7071067811865476,-0.5,0.32923561334609985,0.4029751121997833,-0.7245734930038452,velocity,post_controller_hold,False,,0.1946,1.3074,not_attempted,0.0,False,False
-78.03641,200,414.908533,False,1.1550395960175877,False,False,1.1899037239475139,max_steps,True,0.4426437471781426,0.0,1.7359502826665905,28.497034294928113,3.76764638347021,1.013157900843429,200,200,1.0,1.3108758012975426,1.793711581496792,0.6139391076353009,0.7071067811865476,0.5,-0.5,0.5,0.04363751783967018,velocity,post_controller_hold,False,,0.2127,2.5941,not_attempted,0.0,True,False
-69.34706,200,465.334466,False,3.768719529443276,False,False,1.9282163367125353,max_steps,True,0.33272304224680554,0.0,2.387602082740492,29.341243066750614,3.4773597301125094,0.9449048023154184,200,200,1.0,1.2929200684598408,1.793711581496792,0.6584777545205833,0.7071067811865476,-0.5,0.5,-0.5,-0.04870926961302757,velocity,post_controller_hold,False,,0.17,0.5804,not_attempted,0.0,False,True
-52.77496,200,514.539334,False,1.1005306152564385,False,False,1.0747867171086578,max_steps,True,0.2905856212463959,0.0,2.9698622486316273,28.86857057296662,5.443112308469927,0.969915518257658,200,200,1.0,1.2440139757120299,1.793711581496792,0.6510064442434533,0.7071067811865476,0.3423391282558441,0.5,0.5,0.7302640080451965,velocity,post_controller_hold,False,,0.1545,2.3615,not_attempted,0.0,True,False
-69.86995,200,563.152438,False,5.588286227627893,False,False,1.3234877522429944,max_steps,True,0.5145010509171851,0.0,4.611612994638386,30.461711445312012,4.611612994638386,0.9973293486260493,200,200,1.0,1.3663487079457532,1.793711581496792,0.6781978879595549,0.7071067811865476,0.5,0.5,0.5,-1.5707963705062866,velocity,post_controller_hold,False,,0.141,2.2922,not_attempted,0.0,True,False
-63.979507,200,612.767759,False,0.998258191207002,False,False,1.7100554416560179,max_steps,True,0.9566715444612849,0.0,2.9657505703638343,27.56926151440826,5.13048338252617,1.0045132831334769,200,200,1.0,1.4431540740196187,1.793711581496792,0.6080878949686054,0.7071067811865476,-0.5,0.5,-0.5,-0.21093560755252838,velocity,post_controller_hold,False,,0.1614,2.3049,not_attempted,0.0,False,True
-70.445274,200,671.487653,False,3.755931606214298,False,False,1.1758489260839953,max_steps,True,0.3803154443740262,0.0,3.023141166287772,26.73823060709742,3.2768697870007717,0.9549021198239802,200,200,1.0,1.2772606694603978,1.793711581496792,0.6028450979193838,0.7071067811865476,0.459304541349411,0.5,-0.4150484502315521,1.5707963705062866,velocity,post_controller_hold,False,,0.1753,2.4591,not_attempted,0.0,False,False
-63.106453,200,722.401697,False,3.5635372776424017,False,False,1.3097115437255127,max_steps,True,0.6487605512140715,0.0,5.3520715566971235,28.102318569928187,5.445233372916506,1.006416417468228,200,200,1.0,1.5068004281736713,1.793711581496792,0.6118439720220041,0.7071067811865476,-0.5,-0.5,-0.5,-1.5707963705062866,velocity,post_controller_hold,False,,0.1666,2.985,not_attempted,0.0,False,False
16.485153,11,732.917092,True,0.33001219524077846,False,False,1.7795210272725683,success,True,0.23653622426662496,2.3653622426662495,1.0757601730601971,1.297458835157039,1.0757601730601971,1.5951448675968238,11,11,1.0,0.9955088711233281,1.6982472071546995,0.5936602565654175,0.7071067811865476,0.2557137608528137,0.5,-0.13533276319503784,-1.5707963705062866,velocity,post_controller_hold,False,,0.1493,2.2721,not_attempted,0.0,False,False
-77.8855,200,784.920675,False,3.2737447397695507,False,False,1.0563433224371357,max_steps,True,0.11558285191393852,0.0,4.5076018470217285,27.101146275518918,5.238824345387256,0.9312182649065843,200,200,1.0,1.3711987321727324,1.793711581496792,0.6163376953720784,0.7071067811865476,0.5,0.15495073795318604,0.5,0.426714688539505,velocity,post_controller_hold,False,,0.1642,2.2391,not_attempted,0.0,False,False
-47.370594,200,833.645787,False,2.943871026457156,False,False,1.7460048229333325,max_steps,True,0.6041379129828924,0.0,1.883439638845048,29.864996936704564,3.036584044447607,1.0158593365140685,200,200,1.0,1.4673945202985692,1.793711581496792,0.6647012425863786,0.7071067811865476,0.5,0.5,-0.5,0.0971757173538208,velocity,post_controller_hold,False,,0.1107,1.7143,not_attempted,0.0,False,False
3.0782347,76,859.956956,True,0.3490979227142016,False,False,1.063768954640383,success,True,0.6746988200553038,6.746988200553038,1.4198203811515264,9.810073139658066,1.872658977951256,0.9770207370253842,76,76,1.0,1.1538170224908313,1.793711581496792,0.5770749601026602,0.7071067811865476,-0.20896154642105103,-0.5,-0.3906976580619812,0.6421765089035034,velocity,post_controller_hold,False,,0.1548,0.4328,not_attempted,0.0,False,False
0.3102188,78,886.982623,True,0.3999993413626658,False,False,1.6709774459719529,success,True,0.7099095777636565,7.099095777636565,1.4757204338409515,11.103316977052458,2.3445506860686938,0.9769703413187781,78,78,1.0,1.1579403703325473,1.793711581496792,0.6624508568801029,0.7071067811865476,-0.5,0.140170618891716,-0.4634982943534851,-1.2051488161087036,velocity,post_controller_hold,False,,0.1608,1.6047,not_attempted,0.0,False,False
-77.241646,200,936.082627,False,1.8141729994834996,False,False,1.3402130269989658,max_steps,True,0.42848807640350794,0.0,2.1494523598297333,28.85944239919167,3.8166529196092713,1.0843440112828107,200,200,1.0,1.3929603632345233,1.793711581496792,0.6537649896911804,0.7071067811865476,0.5,-0.5,0.5,0.538316547870636,velocity,post_controller_hold,False,,0.1452,2.3465,not_attempted,0.0,True,False
-87.93926,200,991.400611,False,4.030544159860382,False,False,1.5836825811441488,max_steps,True,0.08020801704084865,0.0,3.738461581755327,29.100038576545973,4.6580929233738,0.9276105504085119,200,200,1.0,1.454373474968007,1.793711581496792,0.6524645301465313,0.7071067811865476,0.5,-0.5,0.5,1.0146745443344116,velocity,post_controller_hold,False,,0.1073,2.4993,not_attempted,0.0,False,False
-56.624195,200,1039.710898,False,3.4308585770009152,False,False,1.6647154950605176,max_steps,True,0.9938663924868891,0.0,1.3530378930256914,28.5552583231893,2.3828259360875856,0.9759353223326371,200,200,1.0,1.2358056533847384,1.793711581496792,0.636672992220277,0.7071067811865476,0.11168152093887329,0.5,0.5,0.3066600263118744,velocity,post_controller_hold,False,,0.1991,0.87,not_attempted,0.0,False,False
-17.320902,184,1085.436824,True,0.3070132456271613,False,False,1.5338331399309473,success,True,0.3346963945309547,3.3469639453095468,1.4771549435972742,25.95885394718703,2.385420233080573,1.1145278519106916,184,184,1.0,1.34045941788293,1.793711581496792,0.6150152673664572,0.7071067811865476,-0.5,0.5,0.5,1.1143182516098022,velocity,post_controller_hold,False,,0.1146,0.4006,not_attempted,0.0,False,False
-33.784145,200,1139.839666,False,1.7936006223639414,False,False,1.640440459469188,max_steps,True,0.2426090629807515,0.0,3.022638924672432,27.911903554586207,3.1293246680718054,1.154934963211851,200,200,1.0,1.4391531322105906,1.793711581496792,0.6056482733292995,0.7071067811865476,-0.2,0.5,-0.5,1.5707963705062866,velocity,post_controller_hold,False,,0.1953,1.2515,not_attempted,0.0,False,True
-70.411446,200,1189.656377,False,4.54912329489859,False,False,1.159884074852864,max_steps,True,0.4321503056729288,0.0,2.9742437589074098,29.821234458078216,3.7896234939653413,0.9739937566075372,200,200,1.0,1.4873154640392559,1.793711581496792,0.6659441863562564,0.7071067811865476,-0.5,0.5,-0.21977080404758453,-0.36704879999160767,velocity,post_controller_hold,False,,0.1536,2.2581,not_attempted,0.0,False,False
-38.94868,200,1240.170731,False,1.66805193764796,False,False,1.2711007642935837,max_steps,True,0.965982260357189,0.0,2.2716195460678503,28.107559953332697,4.7592810296801185,0.8694006179991318,200,200,1.0,1.2633460509696095,1.793711581496792,0.6092005644200558,0.7071067811865476,-0.3088434338569641,-0.5,0.5,0.9102470874786377,velocity,post_controller_hold,False,,0.1439,2.3484,not_attempted,0.0,False,False
-5.06155,92,1268.28666,True,0.3195798805625108,False,False,1.8841688850333684,success,True,0.5539884087373838,5.539884087373838,1.649412177986609,12.766963494032204,2.5339929115538946,1.159197852061588,92,92,1.0,1.306889170316632,1.793711581496792,0.617030575969631,0.7071067811865476,0.5,0.38870465755462646,0.5,-1.181344747543335,velocity,post_controller_hold,False,,0.2058,1.6333,not_attempted,0.0,False,False
-75.39136,200,1322.000804,False,2.567286053822518,False,False,1.4403884319291682,max_steps,True,0.9911802258537509,0.0,2.5730539369703718,28.86890282136218,5.926823707415702,1.0008808608087647,200,200,1.0,1.374481115545306,1.793711581496792,0.6234043154789581,0.7071067811865476,-0.5,0.5,0.24862167239189148,0.27546340227127075,velocity,post_controller_hold,False,,0.1746,2.7734,not_attempted,0.0,False,False
-64.429665,200,1378.91759,False,4.564164364308189,False,False,1.8827363461962923,max_steps,True,0.5176650673588984,0.0,3.069959042765748,29.963792651055122,3.6316606475053965,1.0344492252999875,200,200,1.0,1.3940777951734993,1.793711581496792,0.6574008652630444,0.7071067811865476,0.5,0.5,0.2353552132844925,0.33766791224479675,velocity,post_controller_hold,False,,0.116,2.14,not_attempted,0.0,False,False
6.3468857,63,1401.231656,True,0.38189559081320507,False,False,2.0535488293015676,success,True,0.31349952300885076,3.1349952300885073,1.8478963628893104,8.921170311314395,1.8478963628893104,1.0991376619249853,63,63,1.0,1.4706041023029686,1.793711581496792,0.6576024875797244,0.7071067811865476,-0.08855199813842773,0.046136923134326935,-0.5,0.7379664778709412,velocity,post_controller_hold,False,,0.1736,1.5536,not_attempted,0.0,False,True
-38.066086,200,1455.24852,False,2.12481772519654,False,False,1.2574694985883232,max_steps,True,0.7980342610102285,0.0,2.6618574137672204,28.510564025691075,3.1876427468723283,1.0654534974747483,200,200,1.0,1.4626121309364015,1.793711581496792,0.6246677768047618,0.7071067811865476,-0.5,0.5,0.5,-0.10999247431755066,velocity,post_controller_hold,False,,0.1604,1.9753,not_attempted,0.0,True,False
10.237763,65,1479.465302,True,0.39761965518460624,False,False,1.632331703776272,success,True,0.004516712962888351,0.04516712962888351,1.1831133518779184,9.812036441768269,1.8266824199555984,0.9934635240581238,65,65,1.0,1.4057523967479086,1.793711581496792,0.6602784348621075,0.7071067811865476,-0.5,0.45137250423431396,0.5,-0.3547329604625702,velocity,post_controller_hold,False,,0.1725,0.7218,not_attempted,0.0,False,False
0.37462807,93,1511.578851,True,0.3342352937735824,False,False,1.3630589299495808,success,True,0.03028621516751063,0.3028621516751063,1.277620535542651,13.45519186014353,1.5573171837776993,0.8932310274745849,93,93,1.0,1.4465882848971443,1.793711581496792,0.643755425478983,0.7071067811865476,-0.5,0.5,-0.5,-0.8610486388206482,velocity,post_controller_hold,False,,0.1545,0.7692,not_attempted,0.0,False,False
-46.651634,200,1561.78779,False,1.182530278864364,False,False,1.1306736199893543,max_steps,True,0.26182556307757365,0.0,2.6606506836283215,30.7377615052351,3.533818644648985,0.9881939075150337,200,200,1.0,1.3582636438269795,1.793711581496792,0.6796062628779954,0.7071067811865476,-0.5,-0.5,0.5,-0.6004505157470703,velocity,post_controller_hold,False,,0.1513,0.1662,not_attempted,0.0,True,False
-32.494816,200,1611.399858,False,1.6751992779656377,False,False,1.572571190578425,max_steps,True,0.5007332596313414,0.0,1.9310820183925008,27.781849292960796,3.271966914000462,1.1539988662786496,200,200,1.0,1.3597796465216563,1.793711581496792,0.6217202060090561,0.7071067811865476,-0.5,0.5,-0.5,0.5324844121932983,velocity,post_controller_hold,False,,0.0737,1.3308,not_attempted,0.0,False,False
-51.41309,200,1669.510495,False,3.048771489922416,False,False,1.362226924629838,max_steps,True,0.20912703401298852,0.0,1.8718684675880555,29.325962962079007,3.5586435520233057,0.8933301509047606,200,200,1.0,1.4286729599701982,1.793711581496792,0.6540475578918473,0.7071067811865476,0.5,0.4674384593963623,-0.5,-1.5707963705062866,velocity,post_controller_hold,False,,0.1755,1.9472,not_attempted,0.0,False,False
10.656088,26,1684.526471,True,0.3996360003458164,False,False,1.7266684777505497,success,True,0.5255187754190765,5.255187754190765,2.3132293759712725,3.5373030332484143,2.3132293759712725,1.3428348170684916,26,26,1.0,0.9486198782362197,1.793711581496792,0.6231072528458366,0.7071067811865476,0.5,-0.4023514688014984,0.5,0.7356537580490112,velocity,post_controller_hold,False,,0.1595,2.1588,not_attempted,0.0,False,False
-40.566177,200,1733.945896,False,2.513373513413733,False,False,1.2715776393063662,max_steps,True,0.42485045601205484,0.0,1.0847416562164243,29.380979381792336,3.208104692592836,1.1647229355720867,200,200,1.0,1.3910956798258345,1.793711581496792,0.6642457872753411,0.7071067811865476,0.5,-0.5,0.09740632772445679,-1.5707963705062866,velocity,post_controller_hold,False,,0.0857,1.4967,not_attempted,0.0,False,False
-14.270298,121,1776.266479,True,0.3326550939583048,False,False,1.1387752061953078,success,True,0.08352539933712333,0.8352539933712333,2.072455805099016,17.544314025753874,2.837659310527369,1.0639933561631194,121,121,1.0,1.4127184861924038,1.793711581496792,0.645311014366317,0.7071067811865476,0.10679896175861359,-0.5,0.5,-1.5707963705062866,velocity,post_controller_hold,False,,0.1612,1.2329,not_attempted,0.0,True,False
-76.62356,200,1829.979724,False,5.707883624973849,False,False,1.9877709939924029,max_steps,True,0.5137291187064951,0.0,5.291233422414884,28.69352420907036,5.843022915834979,0.9080612740569955,200,200,1.0,1.5372733353045362,1.793711581496792,0.6415330949322414,0.7071067811865476,0.5,0.5,-0.5,1.5707963705062866,velocity,post_controller_hold,False,,0.0655,0.5077,not_attempted,0.0,False,True
-5.035221,103,1863.690753,True,0.39944029441789064,False,False,1.0900662658836466,success,True,0.2747491450983552,2.747491450983552,1.0235240105403418,14.828106155156783,2.6308323349110005,0.9045270935624623,103,103,1.0,1.3884018582575777,1.793711581496792,0.6442511682493325,0.7071067811865476,0.5,-0.5,0.5,1.5707963705062866,velocity,post_controller_hold,False,,0.2158,1.3318,not_attempted,0.0,True,False
-78.30959,200,1916.306769,False,3.2914707225009403,False,False,1.6419665827817262,max_steps,True,0.027854714089862172,0.0,2.092527622532832,28.926015611047738,3.7522226557512135,1.0466950340347667,200,200,1.0,1.4857922141985491,1.793711581496792,0.656442597916823,0.7071067811865476,0.5,-0.5,0.5,-1.5707963705062866,velocity,post_controller_hold,False,,0.146,0.2032,not_attempted,0.0,False,False
5.0597057,32,1934.71369,True,0.3824472120879718,False,False,1.6842223597002983,success,True,0.9799898773896675,9.799898773896675,1.140306671017426,4.460140051528499,1.4854495407667239,1.149927473489846,32,32,1.0,1.3754910436077274,1.7534171688709408,0.6599709794692641,0.7071067811865476,-0.5,0.5,0.5,0.032576292753219604,velocity,post_controller_hold,False,,0.1059,0.1457,not_attempted,0.0,False,False
-50.740784,200,1984.038555,False,3.15952047139631,False,False,1.3120425557213171,max_steps,True,0.5133120483044575,0.0,1.1254043101044966,29.68080432654943,4.614088583267512,1.0464766842135418,200,200,1.0,1.3890052000848099,1.793711581496792,0.6628375824666981,0.7071067811865476,0.5,-0.2,-0.5,0.904507577419281,velocity,post_controller_hold,False,,0.226,2.3202,not_attempted,0.0,False,True
3.2210102,52,2003.240812,True,0.3989273741273318,False,False,1.6520567844227687,success,True,0.986015672253838,9.860156722538381,1.5864019593432148,7.372460641119851,2.492303971387079,1.0664422653757928,52,52,1.0,1.4756160937378069,1.793711581496792,0.6577301075088738,0.7071067811865476,0.5,0.5,-0.5,-1.1437147855758667,velocity,post_controller_hold,False,,0.1306,0.3798,not_attempted,0.0,False,False
-44.27439,200,2051.453739,False,0.7535949678880064,False,False,1.6286535759776368,max_steps,True,0.7631227229855969,0.0,2.9735713232334056,28.854487663004054,3.716085249382259,0.8862780616539082,200,200,1.0,1.4461798407836612,1.793711581496792,0.630395968621983,0.7071067811865476,-0.5,0.5,-0.5,-1.5707963705062866,velocity,post_controller_hold,False,,0.2051,1.2035,not_attempted,0.0,False,False
-48.325184,200,2101.663601,False,0.9091297266687834,False,False,1.6872343279194395,max_steps,True,0.6867787928151382,0.0,2.8659661589609673,28.9027859392185,6.091211882572447,0.9483265010196426,200,200,1.0,1.412157320559805,1.793711581496792,0.6386141123614845,0.7071067811865476,0.5,0.474615216255188,0.5,-1.5707963705062866,velocity,post_controller_hold,False,,0.212,1.6973,not_attempted,0.0,False,False
-20.504368,148,2142.585412,True,0.346587579772956,False,False,1.4621381554422117,success,True,0.4185061161892383,4.185061161892383,2.6210593882811497,20.86914988428827,3.6859535872485214,0.904707265715106,148,148,1.0,1.493695947497161,1.793711581496792,0.6218080193980323,0.7071067811865476,-0.5,-0.5,0.5,1.5707963705062866,velocity,post_controller_hold,False,,0.128,1.8522,not_attempted,0.0,False,False
9.374732,49,2167.200538,True,0.37515174997645767,False,False,1.1386778582814954,success,True,0.10310669224853197,1.0310669224853197,1.9832487548647004,6.800629870269651,2.4545221123450687,0.799631605094263,49,49,1.0,1.4564981057952946,1.793711581496792,0.6328548119252028,0.7071067811865476,-0.5,-0.5,-0.5,0.4491276443004608,velocity,post_controller_hold,False,,0.1303,2.949,not_attempted,0.0,False,False
-21.866364,151,2209.015742,True,0.31453680905702747,False,False,1.1214748982382168,success,True,0.6297237772866761,6.297237772866761,1.254456604923639,20.967936117749453,2.253386090719979,0.9139478841837005,151,151,1.0,1.637023078446049,1.793711581496792,0.6454106672761473,0.7071067811865476,0.5,-0.473344087600708,0.16937635838985443,-0.8485382199287415,velocity,post_controller_hold,False,,0.1285,0.7686,not_attempted,0.0,False,False
14.779612,24,2226.439612,True,0.3933395438124426,False,False,1.604713347668062,success,True,0.20734023292169942,2.0734023292169943,0.842247245636129,3.138309412143532,1.2686823815419404,1.3293621141184888,24,24,1.0,1.5616402298018512,1.793711581496792,0.6604605422182245,0.7071067811865476,0.5,0.5,-0.5,0.6089662313461304,velocity,post_controller_hold,False,,0.0484,1.533,not_attempted,0.0,False,False
15.60533,14,2245.253532,True,0.34147737529298994,False,False,1.369383792743303,success,True,0.26535245319041667,2.653524531904167,1.2405094893746058,1.9917277501177446,1.2405094893746058,1.1770748463980827,14,14,1.0,1.093137599326067,1.437250578568092,0.6887040345600902,0.7071067811865476,0.5,-0.5,-0.5,0.8940733671188354,velocity,post_controller_hold,False,,0.2304,3.0159,not_attempted,0.0,False,False
-41.53038,200,2303.252647,False,1.1342436675542313,False,False,1.89236391076638,max_steps,True,0.6950896257321253,0.0,2.541805930619614,28.997114955934887,4.013005658302508,0.7983165904604298,200,200,1.0,1.4239012428713793,1.793711581496792,0.6639991517978584,0.7071067811865476,0.5,0.5,-0.5,-1.5707963705062866,velocity,post_controller_hold,False,,0.0961,0.1708,not_attempted,0.0,False,False
15.48011,20,2318.871799,True,0.3672427407487764,False,False,1.7687117301255526,success,True,0.11327338671615282,1.1327338671615281,2.32351657255735,2.938999368499243,2.32351657255735,1.4261363669177352,20,20,1.0,1.361688248330183,1.793711581496792,0.7071067811865478,0.7071067811865476,-0.5,-0.5,0.5,0.1001894548535347,velocity,post_controller_hold,False,,0.127,1.8794,not_attempted,0.0,False,False
-45.628273,200,2377.000643,False,2.3556424364893154,False,False,1.094454086803068,max_steps,True,0.31189159344960143,0.0,4.272705071289395,28.322570647007023,5.3947452825560855,1.094454086803068,200,200,1.0,1.4846496279545758,1.793711581496792,0.6469014618658917,0.7071067811865476,0.2,-0.5,0.5,1.5707963705062866,velocity,post_controller_hold,False,,0.1096,0.6001,not_attempted,0.0,True,True
-37.265366,200,2433.405834,False,0.8612459422687592,False,False,1.2932466327529792,max_steps,True,0.5224483136990901,0.0,1.9621246789259772,28.662759580862723,2.363078882916111,0.9451953277812579,200,200,1.0,1.3536050227142433,1.793711581496792,0.6425608910127261,0.7071067811865476,-0.5,-0.5,-0.5,-0.5172792673110962,velocity,post_controller_hold,False,,0.0375,2.6817,not_attempted,0.0,False,False
-16.04587,141,2476.428516,True,0.3919000703195685,False,False,1.5285381854411448,success,True,0.7526069194836894,7.526069194836894,1.0535032541134393,20.60300329750904,2.721086539544104,0.8850110591398964,141,141,1.0,1.4977523474214196,1.793711581496792,0.6522408088267352,0.7071067811865476,0.5,0.5,-0.5,-1.5707963705062866,velocity,post_controller_hold,False,,0.1243,3.0883,not_attempted,0.0,False,False
-40.919304,200,2531.946746,False,2.1788051371527564,False,False,1.4775545768666944,max_steps,True,0.40288743830253004,0.0,1.9850610594033706,28.294603329934354,3.4255556711415127,0.9038370409017079,200,200,1.0,1.360625338766005,1.793711581496792,0.6188069483604646,0.7071067811865476,0.39592039585113525,-0.5,0.5,1.2538312673568726,velocity,post_controller_hold,False,,0.088,1.9029,not_attempted,0.0,False,False
-35.662582,200,2583.949452,False,2.6041640600868123,False,False,1.024026421479679,max_steps,True,0.22805511021025104,0.0,5.015513041123358,29.13220808487809,5.620095005756663,0.8789132889828608,200,200,1.0,1.4857572265715162,1.793711581496792,0.6659014692447361,0.7071067811865476,0.5,-0.5,0.5,-1.5707963705062866,velocity,post_controller_hold,False,,0.1166,2.6935,not_attempted,0.0,True,False
-16.060925,105,2618.853654,True,0.38346931584511373,False,False,1.854924053384308,success,True,0.8366889755025503,8.366889755025502,2.089255561571395,15.283885912083012,2.3793142272326935,0.872834202319641,105,105,1.0,1.3634971310534914,1.793711581496792,0.6801787706855622,0.7071067811865476,0.3550463020801544,0.5,-0.5,0.05718044936656952,velocity,post_controller_hold,False,,0.114,2.2777,not_attempted,0.0,False,False
-53.409912,200,2673.577994,False,3.7915103303371893,False,False,1.197222085112948,max_steps,True,0.5391631049716091,0.0,2.922099511840236,29.02701862895591,5.035783973801301,0.7874281932200417,200,200,1.0,1.433019758909076,1.793711581496792,0.6462224765195046,0.7071067811865476,-0.2,0.5,-0.5,-1.5707963705062866,velocity,post_controller_hold,False,,0.1055,1.6596,not_attempted,0.0,False,True
-102.982414,200,2731.087753,False,5.39137182616994,False,False,1.166869509824179,max_steps,True,0.6132535301255226,0.0,4.310003134992247,29.758676790052576,6.039272907485227,1.0112993191827127,200,200,1.0,1.505741269126633,1.793711581496792,0.6561321193545431,0.7071067811865476,-0.5,0.5,0.5,1.5707963705062866,velocity,post_controller_hold,False,,0.0212,0.5491,not_attempted,0.0,True,False
-8.470763,90,2762.299381,True,0.33385691057403694,False,False,1.3894088047108812,success,True,0.43419643819949694,4.34196438199497,1.1876528899565628,13.058420535091493,2.956793341608297,0.8127067196825866,90,90,1.0,1.5966837834038927,1.793711581496792,0.6619758930454727,0.7071067811865476,0.5,-0.5,0.5,1.5707963705062866,velocity,post_controller_hold,False,,0.0618,2.9779,not_attempted,0.0,False,False
-47.591526,200,2821.419415,False,1.8643102757428154,False,False,1.101402288021611,max_steps,True,0.8043934934112623,0.0,1.749200314079153,28.104896423518763,3.1799048631331517,0.9577461204498153,200,200,1.0,1.3511632704873935,1.793711581496792,0.6500942034179762,0.7071067811865476,-0.5,-0.5,0.5,0.2645346224308014,velocity,post_controller_hold,False,,0.1145,0.2997,not_attempted,0.0,False,False
-43.2985,200,2874.34578,False,0.8163182261651278,False,False,1.6558172601787393,max_steps,True,0.2997370715279505,0.0,3.0179184578740714,28.07156091115251,3.7931896256524262,0.8666196323941199,200,200,1.0,1.4558173677101174,1.793711581496792,0.638728969209423,0.7071067811865476,0.5,0.5,0.5,0.6352173089981079,velocity,post_controller_hold,False,,0.123,2.5941,not_attempted,0.0,False,False
-1.41436,88,2905.854889,True,0.18481160966362753,False,False,1.1803714390149653,success,True,0.7880427175008659,7.880427175008658,1.4692605569839257,11.603648846254895,2.416447231284538,0.9729594253822771,88,88,1.0,1.2843718023507364,1.793711581496792,0.6044062386312491,0.7071067811865476,0.5,0.5,-0.5,1.4186769723892212,velocity,post_controller_hold,False,,0.1578,1.0277,not_attempted,0.0,False,False
-17.904127,164,2951.865865,True,0.3762761803524554,False,False,1.248070569817466,success,True,0.38924134048259523,3.892413404825952,1.6959216460573865,23.66365613105709,2.889127664589711,0.8521184353966882,164,164,1.0,1.2809466445844844,1.793711581496792,0.6873331104610456,0.7071067811865476,-0.5,-0.07643556594848633,-0.5,-0.058697134256362915,velocity,post_controller_hold,False,,0.0856,1.6785,not_attempted,0.0,False,False
-52.806366,200,3003.485737,False,1.1598941159038412,False,False,1.7863324573459332,max_steps,True,0.6700886113819655,0.0,2.3286490546481953,27.8506759552073,5.544282130571644,0.8399450308535864,200,200,1.0,1.4701206572498178,1.793711581496792,0.6412381855018985,0.7071067811865476,-0.5,0.5,-0.5,-1.5707963705062866,velocity,post_controller_hold,False,,0.203,3.0564,not_attempted,0.0,False,False
-22.769897,200,3059.087511,False,1.1521458869440793,False,False,2.0293060662237434,max_steps,True,0.21719995860419802,0.0,1.446508193431158,27.777300088146344,2.6272022312604224,0.945722252248305,200,200,1.0,1.2780676782457283,1.793711581496792,0.6531981494069715,0.7071067811865476,0.5,-0.5,0.5,0.7659866809844971,velocity,post_controller_hold,False,,0.1466,2.7692,not_attempted,0.0,False,False
-48.172707,195,3111.308694,True,0.27146561248619394,False,False,1.0852928194061842,success,True,0.46846171959855265,4.684617195985527,2.3021939544282923,28.5571038195787,4.271987373556803,0.8538553430807144,195,195,1.0,1.4961085618106886,1.793711581496792,0.6762908737755179,0.7071067811865476,0.5,-0.06732865422964096,-0.5,0.8077335357666016,velocity,post_controller_hold,False,,0.2036,2.1852,not_attempted,0.0,False,False
-52.18233,200,3164.620358,False,2.4667432827012723,False,False,1.7211752577214703,max_steps,True,0.41620880766835155,0.0,1.988788947754007,27.929600406019166,3.819949042063166,0.92617878848765,200,200,1.0,1.3031511069197952,1.793711581496792,0.6306158746216358,0.7071067811865476,0.5,0.3182106018066406,-0.5,1.2001172304153442,velocity,post_controller_hold,False,,0.1255,1.5112,not_attempted,0.0,False,True
-72.08991,200,3218.433609,False,2.813557112372603,False,False,1.9025169306258856,max_steps,True,0.607066616116538,0.0,3.685641347287664,28.201381868308232,5.578571998962144,0.8672894458787488,200,200,1.0,1.477676710658503,1.793711581496792,0.676424650453571,0.7071067811865476,-0.5,0.5,0.5,1.1166359186172485,velocity,post_controller_hold,False,,0.0762,0.5497,not_attempted,0.0,False,False
-19.455853,152,3265.462702,True,0.23675501035222385,False,False,1.0028626376427088,success,True,0.6236132826260733,6.236132826260733,2.5267328423356585,21.640142649360495,4.692737748607507,0.8732355847981372,152,152,1.0,1.4898099486969685,1.793711581496792,0.6609682423650908,0.7071067811865476,0.5,-0.0310756117105484,-0.5,-1.5707963705062866,velocity,post_controller_hold,False,,0.2028,1.1514,not_attempted,0.0,False,False
-55.834282,200,3322.473569,False,3.908093453788401,False,False,1.48092479251046,max_steps,True,0.6276082255438696,0.0,2.002693644629012,27.497419928787867,2.7832790256326603,0.8424423733548801,200,200,1.0,1.3563680239226914,1.793711581496792,0.6288762028686166,0.7071067811865476,-0.5,0.5,-0.5,-1.2587342262268066,velocity,post_controller_hold,False,,0.1647,0.5183,not_attempted,0.0,False,False
-50.500076,200,3380.668651,False,0.9701455260459232,False,False,1.079202355410727,max_steps,True,0.47180900170948314,0.0,2.328879511245274,27.83088944350219,3.880550667266859,0.9031965413954305,200,200,1.0,1.4982619216111674,1.793711581496792,0.6441088040522174,0.7071067811865476,-0.4286346435546875,0.5,0.5,-1.5707963705062866,velocity,post_controller_hold,False,,0.0713,1.2093,not_attempted,0.0,True,False
-71.2945,200,3437.590567,False,3.4462600003409145,False,False,1.9959572282908669,max_steps,True,0.2358411468414626,0.0,2.5324038751715854,28.71515963811168,3.3416964350215648,0.904726839795236,200,200,1.0,1.4097425447216776,1.793711581496792,0.666326542658881,0.7071067811865476,-0.5,-0.5,-0.5,-0.38519638776779175,velocity,post_controller_hold,False,,0.0861,1.3952,not_attempted,0.0,False,True
3.2432308,35,3457.415612,True,0.20212113991358532,False,False,1.1737504733632182,success,True,0.7987627742723207,7.987627742723207,2.300666186327016,4.985558236520958,2.300666186327016,1.1737504733632182,35,35,1.0,1.5544983646422874,1.793711581496792,0.7020495758126343,0.7071067811865476,-0.5,0.5,0.5,1.0655626058578491,velocity,post_controller_hold,False,,0.0775,1.064,not_attempted,0.0,True,False
-25.7028,200,3517.131603,False,0.5851469383468894,False,False,1.989495267190684,max_steps,True,0.11634725200969681,0.0,2.227833344996882,25.21765184508786,3.4228793719872983,1.062585684715962,200,200,1.0,1.3867337796011012,1.793711581496792,0.5955855499235737,0.7071067811865476,-0.29184502363204956,-0.5,-0.5,0.4684736132621765,velocity,post_controller_hold,False,,0.1312,0.986,not_attempted,0.0,False,False
3.075714,74,3543.463516,True,0.38801055141384166,False,False,1.4265263824689847,success,True,0.30840286035315617,3.0840286035315616,2.103678733422387,10.567401863671106,2.423525370589687,1.036692539604407,74,74,1.0,1.7192199061668134,1.793711581496792,0.6712965337682419,0.7071067811865476,0.5,0.15949271619319916,-0.5,0.8338623642921448,velocity,post_controller_hold,False,,0.15,0.2335,not_attempted,0.0,False,False
13.125959,18,3565.654786,True,0.34857510075950865,False,False,1.709787748830342,success,True,0.4238065476320228,4.238065476320228,1.060226584712558,2.157704976823039,1.060226584712558,1.2524167730832112,18,18,1.0,1.299229398644326,1.685878364860065,0.6726068752640936,0.7071067811865476,-0.5,-0.5,0.3121383488178253,0.8684864640235901,velocity,post_controller_hold,False,,0.1285,1.4886,not_attempted,0.0,False,False
1.888978,103,3601.064046,True,0.326256660630553,False,False,1.6417392030212044,success,True,0.537668831988943,5.37668831988943,1.4140559610970984,13.934505511779157,2.433413376649882,1.111081504113969,103,103,1.0,1.3652027691053126,1.793711581496792,0.6463625497945089,0.7071067811865476,-0.5,-0.5,-0.376278817653656,1.5707963705062866,velocity,post_controller_hold,False,,0.0708,1.875,not_attempted,0.0,False,False
-52.0593,200,3656.293099,False,2.376508413749054,False,False,1.9285405746614876,max_steps,True,0.7726874288081987,0.0,1.851537754828549,27.22582127745232,3.467096626140303,0.9502037868554918,200,200,1.0,1.5879432525238315,1.793711581496792,0.6779708808917806,0.7071067811865476,-0.5,0.5,-0.5,1.5707963705062866,velocity,post_controller_hold,False,,0.1192,2.8126,not_attempted,0.0,False,True
-72.00705,200,3712.39782,False,4.09898038851448,False,False,1.4450878145259891,max_steps,True,0.03200717197288168,0.0,2.074391966869651,25.997071707671125,3.40068055046674,1.0802990937878247,200,200,1.0,1.5696807866215425,1.793711581496792,0.6462615451155251,0.7071067811865476,0.5,0.5,0.5,0.6520695090293884,velocity,post_controller_hold,False,,0.1572,1.9752,not_attempted,0.0,False,False
13.307554,25,3728.913616,True,0.17696950927568114,False,False,1.3621591916281086,success,True,0.3042364400168468,3.042364400168468,1.9885166433729944,2.974493518809023,1.9885166433729944,1.3621591916281086,25,25,1.0,1.4728765196956712,1.7874070764181609,0.6184887107024561,0.7071067811865476,0.5,-0.5,-0.5,0.9719458222389221,velocity,post_controller_hold,False,,0.1361,2.5606,not_attempted,0.0,False,False
-43.715054,200,3781.43643,False,1.9140171124657135,False,False,1.312373858407136,max_steps,True,0.594744834132508,0.0,2.3524120739689973,26.15679813815521,4.39339448569782,0.8309890152103393,200,200,1.0,1.4180992843795663,1.793711581496792,0.6529306660527172,0.7071067811865476,-0.5,-0.5,-0.5,1.5707963705062866,velocity,post_controller_hold,False,,0.1941,0.5074,not_attempted,0.0,False,False
-35.290535,200,3839.542739,False,2.2070600575820833,False,False,1.4973853205702616,max_steps,True,0.3657420150856612,0.0,3.909165112909565,25.615420277380505,4.194067060517141,0.9285386159779913,200,200,1.0,1.499851479651599,1.793711581496792,0.6427482045800307,0.7071067811865476,-0.5,-0.5,-0.06911230087280273,1.5707963705062866,velocity,post_controller_hold,False,,0.1431,2.9956,not_attempted,0.0,False,False
-53.949406,200,3896.343793,False,1.615245680786882,False,False,1.453473903169697,max_steps,True,0.4534975151753104,0.0,0.7469334687269342,27.500595236430428,4.626885672593889,1.033706917351313,200,200,1.0,1.5394768202882567,1.793711581496792,0.6443391211672049,0.7071067811865476,-0.5,0.5,-0.08555950224399567,0.6715714335441589,velocity,post_controller_hold,False,,0.1304,1.8222,not_attempted,0.0,False,False
12.378448,48,3920.55523,True,0.3932333447694167,False,False,1.3404687282958594,success,True,0.07473384067886281,0.7473384067886281,1.0155923472687884,6.5754508805325935,2.2675049425784497,1.1933082698709465,48,48,1.0,1.398449567175266,1.793711581496792,0.6371948815102172,0.7071067811865476,-0.5,0.5,0.5,-0.5780330896377563,velocity,post_controller_hold,False,,0.0307,0.2645,not_attempted,0.0,True,False
-55.746883,200,3976.693754,False,2.9155049139424434,False,False,1.528119033840864,max_steps,True,0.26812551639099924,0.0,1.4678490141509617,26.056200946640175,3.6027985731205505,0.9464053868917259,200,200,1.0,1.561185259056568,1.793711581496792,0.637506487318944,0.7071067811865476,0.5,0.5,-0.5,1.5707963705062866,velocity,post_controller_hold,False,,0.158,0.5743,not_attempted,0.0,False,False
-50.09849,200,4030.586987,False,2.218858010219336,False,False,1.3974835251416975,max_steps,True,0.044156291172444496,0.0,2.3323090020456125,27.8982498444189,2.823007742368332,0.8899486014479793,200,200,1.0,1.556742659936998,1.793711581496792,0.6662639504600523,0.7071067811865476,0.5,-0.5,-0.5,-1.5707963705062866,velocity,post_controller_hold,False,,0.1406,1.3613,not_attempted,0.0,False,False
5.9619684,65,4057.810522,True,0.3372177329204602,False,False,1.6321572980919878,success,True,0.49026145213262,4.9026145213262,1.1136157382771577,8.321020689535027,2.5111577542633214,1.1349359558315637,65,65,1.0,1.471695618999065,1.793711581496792,0.6398036321672247,0.7071067811865476,0.5,0.3903268873691559,0.5,-1.5707963705062866,velocity,post_controller_hold,False,,0.0706,2.2942,not_attempted,0.0,False,False
15.404093,11,4071.629676,True,0.26481628135131846,False,False,1.3582253005140463,success,True,0.3675754923938587,3.6757549239385874,1.216653464090882,1.3520414929402826,1.216653464090882,1.1581700757894986,11,11,1.0,1.4935902971663457,1.793711581496792,0.7071067811865478,0.7071067811865476,-0.5,-0.5,-0.5,1.5707963705062866,velocity,post_controller_hold,False,,0.1114,0.4395,not_attempted,0.0,False,False
-49.885532,200,4124.153812,False,2.45631713876468,False,False,1.7173329210968378,max_steps,True,0.8599160986421504,0.0,3.945864654530375,26.792282756747092,5.065513629287725,0.9450823767879467,200,200,1.0,1.5260910823983724,1.793711581496792,0.6779019047701624,0.7071067811865476,0.5,-0.3900987505912781,-0.5,0.4307507574558258,velocity,post_controller_hold,False,,0.2162,1.4018,not_attempted,0.0,False,False
-48.38668,200,4182.867737,False,1.1278901834262642,False,False,1.0508922419295945,max_steps,True,0.1399974523746299,0.0,2.6996991066893754,27.20766131422266,5.60242655204488,0.9431703153932426,200,200,1.0,1.5511280383480202,1.793711581496792,0.6445669252298306,0.7071067811865476,0.5,0.5,0.5,-1.5707963705062866,velocity,post_controller_hold,False,,0.0451,0.4415,not_attempted,0.0,True,False
-48.824257,200,4236.170593,False,3.053566493762652,False,False,1.7823284519505003,max_steps,True,0.8754292874109496,0.0,3.0552142238923565,25.90745500529521,3.9506867083202897,1.0321197846488046,200,200,1.0,1.5720930970400608,1.793711581496792,0.6720660387222478,0.7071067811865476,-0.5,-0.5,-0.5,-1.5707963705062866,velocity,post_controller_hold,False,,0.2414,0.7665,not_attempted,0.0,False,False
-39.294453,200,4300.668728,False,2.8377492410801115,False,False,1.831119285671089,max_steps,True,0.7554234555077085,0.0,3.47899275108024,25.889460434139817,3.47899275108024,0.985505178058883,200,200,1.0,1.4735006633368541,1.793711581496792,0.6537064885926196,0.7071067811865476,-0.5,0.2,-0.5,1.5707963705062866,velocity,post_controller_hold,False,,0.0841,2.3214,not_attempted,0.0,False,True
4.2571135,94,4332.415593,True,0.2334622675215648,False,False,1.6835799485178995,success,True,0.037967929299257484,0.37967929299257486,1.5298873415636278,11.970977764750685,2.353055785592997,0.9892922034212397,94,94,1.0,1.442766305288469,1.793711581496792,0.6510191273519299,0.7071067811865476,0.43059679865837097,0.26713937520980835,-0.5,-0.3408600687980652,velocity,post_controller_hold,False,,0.1294,2.9888,not_attempted,0.0,False,True
-36.66499,200,4385.905912,False,1.5155639417472238,False,False,1.6271306276836486,max_steps,True,0.12909193414739772,0.0,3.0950692296431166,26.006914628300045,3.858865233155764,1.0325454127309177,200,200,1.0,1.4583906970200848,1.793711581496792,0.6637584674386093,0.7071067811865476,-0.5,0.5,0.44203636050224304,-1.5707963705062866,velocity,post_controller_hold,False,,0.2353,1.4455,not_attempted,0.0,False,False
-51.15174,200,4440.028824,False,0.882165920785789,False,False,1.7834501652624546,max_steps,True,0.7266556589744348,0.0,2.819064410585046,25.1955937730479,4.51636650528438,0.873898487162302,200,200,1.0,1.5999649812131775,1.793711581496792,0.6437274544640395,0.7071067811865476,0.5,-0.18463602662086487,0.5,-1.0477272272109985,velocity,post_controller_hold,False,,0.1465,2.1746,not_attempted,0.0,False,False
12.977655,33,4461.74666,True,0.39015971277011013,False,False,1.566281294161662,success,True,0.1551764452674567,1.5517644526745669,1.609604732865236,4.598135206194106,1.609604732865236,1.1575125304841287,33,33,1.0,1.5339395964787075,1.793711581496792,0.6973841747356575,0.7071067811865476,0.5,0.5,-0.5,0.019661795347929,velocity,post_controller_hold,False,,0.12,2.8961,not_attempted,0.0,False,False
-29.785135,200,4518.760405,False,3.0872401632877136,False,False,1.5010612934337317,max_steps,True,0.12491580500833885,0.0,4.7126347105283495,26.03754286747289,4.7126347105283495,1.023228495566735,200,200,1.0,1.3576694043902353,1.793711581496792,0.6712853438518275,0.7071067811865476,-0.5,-0.5,0.5,1.5707963705062866,velocity,post_controller_hold,False,,0.1541,2.3677,not_attempted,0.0,False,False
5.6991506,27,4537.143746,True,0.3938136868761059,False,False,1.9683474871729092,success,True,0.9794749623883341,9.794749623883341,2.0243462192085446,3.2206355950398935,2.0243462192085446,1.386774342378524,27,27,1.0,1.7527522002359974,1.793711581496792,0.6562820433990825,0.7071067811865476,-0.5,-0.5,-0.5,1.5707963705062866,velocity,post_controller_hold,False,,0.1325,1.0797,not_attempted,0.0,False,True
-45.00003,200,4595.979657,False,2.058770701099822,False,False,1.9958239103794673,max_steps,True,0.016033106486700182,0.0,2.2196727713031317,26.31681402724042,3.8416632523238063,1.045347454406807,200,200,1.0,1.4592025289605062,1.793711581496792,0.6510949834958646,0.7071067811865476,0.5,-0.5,0.5,-0.4012245535850525,velocity,post_controller_hold,False,,0.1301,1.6809,not_attempted,0.0,False,False
-12.9289055,115,4635.110521,True,0.3097008310790799,False,False,1.841547851390121,success,True,0.9574483339249683,9.574483339249683,1.0545990843689623,15.909222883787377,3.1102065806572052,0.9817697272700788,115,115,1.0,1.3735156104773578,1.793711581496792,0.6817043212558387,0.7071067811865476,0.5,-0.5,0.5,0.192728653550148,velocity,post_controller_hold,False,,0.088,1.9036,not_attempted,0.0,False,False
-67.87496,200,4692.10555,False,3.4082174918054893,False,False,1.2017913449300854,max_steps,True,0.13938427880483617,0.0,1.6674469110645558,26.54416009371666,4.7299893312381975,0.9640541864327837,200,200,1.0,1.5084445043640147,1.793711581496792,0.6713085814172883,0.7071067811865476,0.5,-0.5,-0.5,-1.5707963705062866,velocity,post_controller_hold,False,,0.0946,3.128,not_attempted,0.0,False,False
-37.73396,200,4748.039544,False,0.7357128552633329,False,False,1.182637383575793,max_steps,True,0.4257414800637814,0.0,2.707921964347662,25.95541201553023,3.665292432921641,1.1246095188839464,200,200,1.0,1.5106922233536855,1.793711581496792,0.675163299787043,0.7071067811865476,-0.5,0.5,0.5,-1.5707963705062866,velocity,post_controller_hold,False,,0.1636,2.1064,not_attempted,0.0,True,False
-42.675117,200,4806.436261,False,3.5990428130054157,False,False,1.226198145701391,max_steps,True,0.6460552485495897,0.0,4.573432404388704,25.573652696586308,4.804211394600211,1.0698360482449818,200,200,1.0,1.5050033886007623,1.793711581496792,0.6715036531320419,0.7071067811865476,0.5,0.5,0.5,-1.5707963705062866,velocity,post_controller_hold,False,,0.1222,1.09,not_attempted,0.0,True,False
13.30169,14,4826.563144,True,0.11843014216654817,False,False,1.2841984835691724,success,True,0.5235020226425051,5.235020226425052,1.3826990155077612,2.0918457379472444,1.3826990155077612,1.1379229744820036,14,14,1.0,1.1630540207345845,1.3863676530403404,0.7071067811865478,0.7071067811865476,0.5,0.5,-0.5,0.982168436050415,velocity,post_controller_hold,False,,0.0986,2.0627,not_attempted,0.0,False,False
-17.32468,146,4871.469768,True,0.1950118161660183,False,False,1.2091038664673865,success,True,0.5866517587213481,5.866517587213481,1.1914443602414335,19.02952598204901,1.5844431282353808,1.0784226853271721,146,146,1.0,1.5507268404186103,1.793711581496792,0.6690382577435044,0.7071067811865476,-0.5,-0.5,0.5,0.05180464684963226,velocity,post_controller_hold,False,,0.1612,0.3716,not_attempted,0.0,True,False
-67.735405,200,4935.593486,False,3.6792140356300544,False,False,1.543008605924845,max_steps,True,0.9115857541947545,0.0,3.14244724224057,25.847767977311346,4.182843674508433,1.0696269501945117,200,200,1.0,1.6094449139983729,1.793711581496792,0.6719616373268075,0.7071067811865476,-0.5,0.5,0.5,1.5707963705062866,velocity,post_controller_hold,False,,0.1036,0.7143,not_attempted,0.0,False,False
-26.354177,200,4992.712851,False,1.1760859902980407,False,False,1.6321179260512597,max_steps,True,0.10081612456781565,0.0,2.1242941542517446,26.331138560781348,3.705372014272355,1.069130521824606,200,200,1.0,1.442990472633627,1.793711581496792,0.656805740639231,0.7071067811865476,-0.1440953016281128,0.5,-0.5,-1.5707963705062866,velocity,post_controller_hold,False,,0.1059,0.3335,not_attempted,0.0,False,True
-2.3530846,89,5027.423693,True,0.21356603098220409,False,False,1.5339233162711927,success,True,0.27829340355536664,2.7829340355536663,2.1642026838513524,12.309855707359425,2.1642026838513524,1.0669047495218096,89,89,1.0,1.3933348498761953,1.793711581496792,0.6839365695017897,0.7071067811865476,-0.5,-0.5,-0.5,-1.5707963705062866,velocity,post_controller_hold,False,,0.2203,0.1798,not_attempted,0.0,False,True
-35.23648,200,5084.52869,False,0.8938152128092638,False,False,1.746974603903314,max_steps,True,0.49317262899048725,0.0,3.0861127379072704,27.1459398208775,3.7366463329703046,1.0434330932143596,200,200,1.0,1.393639095633742,1.793711581496792,0.6550103328053639,0.7071067811865476,0.5,-0.5,-0.5,-0.8053218126296997,velocity,post_controller_hold,False,,0.2145,0.4287,not_attempted,0.0,False,False
-48.182518,200,5140.159487,False,1.6423730316443186,False,False,1.4500903473486364,max_steps,True,0.2844424488568022,0.0,3.520433468046501,26.06086559409899,3.8855791923846223,0.8662011755198934,200,200,1.0,1.534876339816568,1.793711581496792,0.6889918119826128,0.7071067811865476,0.5,0.5,-0.5,-1.2530517578125,velocity,post_controller_hold,False,,0.1184,2.5488,not_attempted,0.0,False,False
-29.326622,200,5197.757572,False,3.309445862382197,False,False,1.3745239286774191,max_steps,True,0.3456875293050283,0.0,4.588049067219443,26.37011792801127,4.588049067219443,0.9653426288650788,200,200,1.0,1.4492265201437442,1.793711581496792,0.672397780369759,0.7071067811865476,0.5,-0.5,0.5,-1.5707963705062866,velocity,post_controller_hold,False,,0.1998,1.0376,not_attempted,0.0,False,False
-52.918724,200,5254.176785,False,1.4964310061701804,False,False,1.3641339007326798,max_steps,True,0.4739782796192847,0.0,2.7371547417592175,26.71276060457256,3.6969081238581274,0.879571759452499,200,200,1.0,1.4312990006000985,1.793711581496792,0.6689839627802098,0.7071067811865476,-0.5,-0.1491890549659729,0.5,0.9329402446746826,velocity,post_controller_hold,False,,0.0882,0.9938,not_attempted,0.0,True,False
-49.956593,200,5309.789701,False,0.8717711478558463,False,False,1.3240371997971045,max_steps,True,0.4530513044947198,0.0,1.7033837775704466,25.88104671937226,5.420134720726087,1.1246998766644434,200,200,1.0,1.6131683852182426,1.793711581496792,0.6679904767336795,0.7071067811865476,0.5,0.5,0.5,-0.3287900388240814,velocity,post_controller_hold,False,,0.0921,1.7341,not_attempted,0.0,True,False
-28.111504,168,5359.512701,True,0.3873347209464787,False,False,1.6577367909401146,success,True,0.5929808465113476,5.929808465113476,2.836445565066531,21.566165332834153,2.872146078619515,1.1226426554510356,168,168,1.0,1.4913597477076332,1.793711581496792,0.6577216522143304,0.7071067811865476,-0.5,0.5,-0.5,1.497833013534546,velocity,post_controller_hold,False,,0.2148,2.4521,not_attempted,0.0,False,True
-58.168575,200,5419.630091,False,1.9432175800493452,False,False,1.344386888857391,max_steps,True,0.2943526625759362,0.0,1.118643331186404,25.548260385478628,5.9296976245816975,0.9336906282259491,200,200,1.0,1.514791095486836,1.793711581496792,0.664271188883601,0.7071067811865476,0.5,0.5,-0.5,-1.5707963705062866,velocity,post_controller_hold,False,,0.1179,1.0779,not_attempted,0.0,False,False
0.12812996,60,5451.836906,True,0.24854960619571553,False,False,1.587186285413941,success,True,0.7915970774385357,7.915970774385357,2.1115385525730166,7.7121522603942125,2.1115385525730166,0.9102445831503816,60,60,1.0,1.6530566835233516,1.793711581496792,0.6861378561567101,0.7071067811865476,0.5,0.5,-0.1834527552127838,-1.5707963705062866,velocity,post_controller_hold,False,,0.1936,1.091,not_attempted,0.0,False,False
1.3022432,74,5486.06058,True,0.3042107088133372,False,False,1.4085697213528605,success,True,0.6506107557380622,6.506107557380622,2.0992537174748582,9.798373806565099,2.6209981531527182,1.0383010863452058,74,74,1.0,1.2760030771750774,1.793711581496792,0.6721990073868701,0.7071067811865476,-0.5,0.5,-0.5,1.306838035583496,velocity,post_controller_hold,False,,0.0444,1.4311,not_attempted,0.0,False,False
-82.60647,200,5546.466777,False,3.909260602338147,False,False,1.5935727669951378,max_steps,True,0.463359064049169,0.0,1.7328567542518316,27.4318141662449,4.16341314647785,0.9267565966342028,200,200,1.0,1.6862676657307543,1.793711581496792,0.6777721510662222,0.7071067811865476,0.5,0.5,-0.5,-1.5707963705062866,velocity,post_controller_hold,False,,0.142,0.7704,not_attempted,0.0,False,True
-14.101019,180,5599.672834,True,0.2647565255332696,False,False,1.0896354005335198,success,True,0.08993919929609875,0.8993919929609875,2.2397703867258985,21.665994465889327,2.2397703867258985,0.8512661919945127,180,180,1.0,1.3906315179924331,1.793711581496792,0.6373631891364592,0.7071067811865476,0.33541250228881836,-0.5,0.5,0.9365601539611816,velocity,post_controller_hold,False,,0.1922,1.4883,not_attempted,0.0,True,False
-64.05043,200,5660.099798,False,4.20454999493032,False,False,1.5280163642575058,max_steps,True,0.5083118332997731,0.0,2.702168140141429,25.297143319090534,4.006840254546969,0.9772852645484434,200,200,1.0,1.4873569735741443,1.793711581496792,0.6568412422597381,0.7071067811865476,-0.5,-0.5,0.5,0.9685449004173279,velocity,post_controller_hold,False,,0.1985,0.6132,not_attempted,0.0,False,False
-35.827106,200,5717.106626,False,2.2826499449248296,False,False,1.3498885421975275,max_steps,True,0.3885181089905573,0.0,2.518051612089428,25.5910754232744,3.2392519735522387,1.035925414780681,200,200,1.0,1.5241421351302002,1.793711581496792,0.6658943490380571,0.7071067811865476,-0.5,-0.5,0.5,-1.0900015830993652,velocity,post_controller_hold,False,,0.1741,2.1699,not_attempted,0.0,False,False
-21.374714,171,5768.823344,True,0.27508407368860643,False,False,1.8407176096210234,success,True,0.5428983570212919,5.428983570212918,1.9473785742327827,22.564174622686398,2.4675222115291198,0.820085122033119,171,171,1.0,1.5922313933482402,1.793711581496792,0.687885788700308,0.7071067811865476,-0.5,0.5,0.5,0.4984375238418579,velocity,post_controller_hold,False,,0.1166,1.8883,not_attempted,0.0,False,False
-24.08308,52,5792.576749,False,3.542881706072435,True,False,2.0367606184813623,out_of_bounds,True,0.7019234305878908,0.0,4.276327153253626,6.746508168025625,4.276327153253626,1.3820199675416185,52,52,1.0,1.59383977439296,1.793711581496792,0.6735178333999522,0.7071067811865476,0.5,0.5,-0.5,-1.5707963705062866,velocity,post_controller_hold,False,,0.051,1.5825,not_attempted,0.0,False,False
-44.958344,200,5850.841637,False,1.6790092182780292,False,False,1.1874111795304965,max_steps,True,0.8895032995123198,0.0,3.0762983804531028,26.523996390793165,4.39795203776026,0.9782010415010428,200,200,1.0,1.476011155085673,1.793711581496792,0.663088446092623,0.7071067811865476,-0.5,-0.5,0.5,1.5707963705062866,simulator_service,service_success,True,,0.0116,0.0002,service_success,0.0,True,False
-3.9277096,99,5888.066792,True,0.3438719479679406,False,False,1.6473675741806073,success,True,0.942317219410693,9.42317219410693,1.706488849372211,11.649277638020715,2.692857429750448,0.8591224714356809,99,99,1.0,1.302010541760813,1.793711581496792,0.6618079699753329,0.7071067811865476,-0.5,-0.5,-0.5,0.31133344769477844,velocity,post_controller_hold,False,,0.127,1.7885,not_attempted,0.0,False,False
-10.956886,126,5931.283651,True,0.2431441522355176,False,False,1.1868504983371038,success,True,0.8463438164551114,8.463438164551114,2.1754013828624634,16.185200707976747,3.602818202015779,0.9778652526458343,126,126,1.0,1.4581923862799249,1.793711581496792,0.6652499901159857,0.7071067811865476,0.16962282359600067,-0.5,0.5,-1.5707963705062866,velocity,post_controller_hold,False,,0.1056,1.1656,not_attempted,0.0,False,False
