#{"t_start": 1783256425.2240388, "env_id": "None"}
r,l,t,is_success,final_distance,is_out_of_bounds,is_unsafe_low_altitude,altitude,terminal_reason,terminal_stop_command_accepted,terminal_yaw_error,terminal_yaw_penalty,physical_displacement,path_length,max_physical_displacement,min_altitude,motion_command_steps,motion_command_accepted_steps,motion_command_acceptance_rate,mean_action_norm,max_action_norm,mean_xy_action_norm,max_xy_action_norm,last_action_vx,last_action_vy,last_action_vz,last_action_vyaw,reset_method,reset_path,reset_service_attempted,reset_failure_class,reset_position_error,reset_yaw_error,reset_service_status,vertical_safety_penalty,low_altitude_guard_active,bounds_guard_active
14.569828,15,22.944793,True,0.3556928580118085,False,False,1.5709848342434811,success,True,0.389824718308193,3.8982471830819296,0.9281426532220115,2.075757363997595,0.9281426532220115,0.9142374970092789,15,15,1.0,1.7561976683506424,1.793711581496792,0.693359871217411,0.7071067811865476,-0.5,0.5,0.5,1.5707963705062866,simulator_service,service_success,True,,0.0938,1.2728,service_success,0.0,False,False
-0.46463776,63,42.062177,True,0.3094792209102507,False,False,1.3628583918568251,success,True,0.5785509756206606,5.785509756206606,4.213847947509805,10.041876636335177,4.213847947509805,1.0394411829016912,63,63,1.0,1.7345492245385616,1.793711581496792,0.6913613582634989,0.7071067811865476,0.5,-0.5,-0.30190327763557434,-1.5707963705062866,velocity,post_controller_hold,False,,0.2158,1.3815,not_attempted,0.0,False,False
-5.71581,60,66.042478,True,0.32491214345507763,False,False,2.012502325272436,success,True,0.7208752094908133,7.208752094908133,3.8258600120339374,9.1914858099811,3.8258600120339374,1.2815406137825334,60,60,1.0,1.7786814649307274,1.793711581496792,0.6995428025611157,0.7071067811865476,-0.5,0.5,-0.5,-1.5707963705062866,velocity,post_controller_hold,False,,0.175,2.9461,not_attempted,0.0,False,False
11.386599,6,78.685133,True,0.3945206231636236,False,False,1.3486481795568281,success,True,0.8108082138866792,8.108082138866791,0.837991772944387,0.8423580002072684,0.837991772944387,1.3486481795568281,6,6,1.0,1.3776636865773044,1.793711581496792,0.7071067811865476,0.7071067811865476,0.5,0.5,0.5,-1.5707963705062866,velocity,post_controller_hold,False,,0.1782,0.4127,not_attempted,0.0,True,False
4.6947937,30,92.800377,True,0.39427400910686283,False,False,1.875730671963635,success,True,0.8310144328108604,8.310144328108604,3.489072858892577,4.648325575708217,3.489072858892577,1.101696398227554,30,30,1.0,1.761756145114126,1.793711581496792,0.705490588446225,0.7071067811865476,0.5,-0.5,0.5,-1.5707963705062866,velocity,post_controller_hold,False,,0.14,1.3315,not_attempted,0.0,False,False
8.068242,24,105.588386,True,0.3184185892881969,False,False,1.433194537518808,success,True,0.9935535031703967,9.935535031703967,0.8368864044277405,3.594168092790518,1.2884218408677448,0.9472234754033675,24,24,1.0,1.7901817351495721,1.793711581496792,0.6970542689114986,0.7071067811865476,0.5,-0.5,-0.5,1.5707963705062866,velocity,post_controller_hold,False,,0.1717,1.7759,not_attempted,0.0,False,False
-12.027676,112,139.117254,True,0.33374984269020347,False,False,1.6157149857089605,success,True,0.39563843320001524,3.9563843320001526,4.367807675330501,17.304300301648667,5.019414994081736,0.9700697596309722,112,112,1.0,1.7632205780469412,1.793711581496792,0.6976996118829337,0.7071067811865476,0.5,0.5,0.5,-1.5707963705062866,velocity,post_controller_hold,False,,0.1968,2.0304,not_attempted,0.0,False,False
11.979017,28,150.624089,True,0.3866474131415301,False,False,1.3179784008381112,success,True,0.2862868047632642,2.8628680476326416,3.076131801009315,4.268810913185669,3.076131801009315,1.0183106782715752,28,28,1.0,1.791357119503965,1.793711581496792,0.7003364632256227,0.7071067811865476,-0.5,-0.5,0.5,1.5707963705062866,velocity,post_controller_hold,False,,0.1763,1.1902,not_attempted,0.0,False,False
8.400414,51,174.020286,True,0.2695927935520401,False,False,1.1587919973826624,success,True,0.33477802368328796,3.3477802368328797,3.2171041643783966,7.5606381554123345,3.4147860839567565,1.0620903032176583,51,51,1.0,1.7559296981190413,1.793711581496792,0.6924303849254426,0.7071067811865476,0.5,0.5,-0.21935734152793884,1.5707963705062866,velocity,post_controller_hold,False,,0.1824,0.4931,not_attempted,0.0,False,False
-0.018663406,93,203.849359,True,0.395562589166494,False,False,1.882332224504627,success,True,0.10045102922308424,1.0045102922308424,4.88564644359167,14.501132929984236,5.875394185815747,1.0523103109307312,93,93,1.0,1.77710273895477,1.793711581496792,0.7014278875046185,0.7071067811865476,0.5,-0.5,-0.5,-1.5707963705062866,velocity,post_controller_hold,False,,0.1222,2.7098,not_attempted,0.0,False,False
8.470545,29,221.568751,True,0.36972401080859457,False,False,1.3731052224810432,success,True,0.6220052317065436,6.220052317065436,2.987267440233191,4.546415409437391,2.987267440233191,0.9364682746986054,29,29,1.0,1.7524953505996883,1.793711581496792,0.7007136799357133,0.7071067811865476,0.5,0.5,-0.5,-1.5707963705062866,velocity,post_controller_hold,False,,0.1721,0.2819,not_attempted,0.0,False,False
4.780096,36,234.179337,True,0.3262512871025916,False,False,1.333301937477262,success,True,0.7663503216046236,7.6635032160462355,2.590555367552446,5.6953219432112085,2.590555367552446,1.0928497359759586,36,36,1.0,1.7874926229916908,1.793711581496792,0.6940439101126952,0.7071067811865476,0.5,-0.5,-0.5,-1.5707963705062866,velocity,post_controller_hold,False,,0.121,1.6669,not_attempted,0.0,False,False
6.3288116,66,255.492144,True,0.36114550529565376,False,False,1.640608385450411,success,True,0.1562811045648335,1.5628110456483348,3.3543963010042677,10.149870512110331,3.3543963010042677,1.006533740334912,66,66,1.0,1.7878369140066575,1.793711581496792,0.6985743890742666,0.7071067811865476,0.5,-0.5,-0.5,-1.5707963705062866,velocity,post_controller_hold,False,,0.1538,2.2694,not_attempted,0.0,False,True
2.4766111,58,274.110377,True,0.31643573783703216,False,False,1.6547388885521186,success,True,0.4324747284640131,4.3247472846401305,3.6697387208643275,8.993573310932277,3.883392594343482,1.126243029762173,58,58,1.0,1.7538225352996657,1.793711581496792,0.7046857178521035,0.7071067811865476,0.5,-0.5,0.5,1.5707963705062866,velocity,post_controller_hold,False,,0.1605,0.8896,not_attempted,0.0,False,False
5.4459786,71,300.227631,True,0.3879416530886258,False,False,1.3332522156487072,success,True,0.7032324333497336,7.032324333497336,1.5821137398366536,10.565683828987124,1.9507003306460502,1.1620253819604511,71,71,1.0,1.780215750889346,1.793711581496792,0.6743820866993929,0.7071067811865476,-0.5,0.5,0.5,1.5707963705062866,velocity,post_controller_hold,False,,0.1285,0.233,not_attempted,0.0,True,False
15.455132,32,319.132269,True,0.3894146413347539,False,False,1.5345478286572924,success,True,0.07424198922995225,0.7424198922995224,2.298063194338336,4.933442548433291,2.7972661872538,0.9578936431990813,32,32,1.0,1.782682406722217,1.793711581496792,0.6948176855124948,0.7071067811865476,0.5,-0.5,0.4916481077671051,-1.5707963705062866,velocity,post_controller_hold,False,,0.1752,1.0104,not_attempted,0.0,False,False
7.6245074,39,335.760792,True,0.34344809598531023,False,False,1.630049083674077,success,True,0.7276159994282989,7.276159994282989,1.0728627437028664,5.588120229611408,1.670002408968431,1.3282770633630803,39,39,1.0,1.7724913781593419,1.793711581496792,0.6883443379747979,0.7071067811865476,0.5,0.5,0.17785821855068207,1.5707963705062866,velocity,post_controller_hold,False,,0.1715,0.4245,not_attempted,0.0,False,False
8.029243,76,360.172313,True,0.3539781068065875,False,False,1.8991502339418844,success,True,0.05516771485191992,0.5516771485191992,3.6666152660088187,11.34919813826877,4.190421689685585,1.0168996803492893,76,76,1.0,1.7657396146500473,1.793711581496792,0.6938025222590627,0.7071067811865476,0.5,0.5,-0.5,1.2809839248657227,velocity,post_controller_hold,False,,0.1935,0.9963,not_attempted,0.0,False,True
-0.5963106,69,382.995301,True,0.27527544890081396,False,False,1.5510351246859893,success,True,0.9793974297439301,9.7939742974393,3.249014718577177,10.730454695432885,3.72503707016503,1.1129083950203338,69,69,1.0,1.7546266132269364,1.793711581496792,0.6959269132325895,0.7071067811865476,-0.5,0.5,-0.38689368963241577,-1.5707963705062866,velocity,post_controller_hold,False,,0.1604,0.5627,not_attempted,0.0,False,False
1.6806307,68,409.492272,True,0.34530367286128727,False,False,1.2208382525523616,success,True,0.3138323855860814,3.138323855860814,4.863549957944689,10.706180120751466,5.8941163303975275,1.0926953971829596,68,68,1.0,1.7806662304520973,1.793711581496792,0.6942787997617713,0.7071067811865476,-0.5,-0.5,0.03209984302520752,1.5707963705062866,velocity,post_controller_hold,False,,0.1421,2.723,not_attempted,0.0,False,False
6.9563236,73,436.106133,True,0.3543113382609342,False,False,1.2614726603155624,success,True,0.41627328118109697,4.16273281181097,1.96899484436252,11.039781722895793,2.8758254741230402,1.0814014450595786,73,73,1.0,1.5876050723449306,1.793711581496792,0.6861705966877795,0.7071067811865476,0.09142184257507324,0.5,0.5,-0.3257480263710022,velocity,post_controller_hold,False,,0.172,1.3097,not_attempted,0.0,False,False
1.046402,54,459.829111,True,0.3739637384255538,False,False,1.9180669726919903,success,True,0.5511275219830776,5.511275219830775,3.8916012345361657,8.558690447782647,3.9065917769232312,1.2926414907233825,54,54,1.0,1.7747662996111433,1.793711581496792,0.6995055058809934,0.7071067811865476,-0.5,0.0017538070678710938,0.5,1.5707963705062866,velocity,post_controller_hold,False,,0.1672,0.8973,not_attempted,0.0,False,False
1.631362,49,482.642244,True,0.3841291772186601,False,False,1.3214518887604711,success,True,0.952880814568942,9.528808145689421,2.1024846648743525,7.384571437515832,2.42850356955557,1.0114489416209014,49,49,1.0,1.7110128433440983,1.793711581496792,0.6900323518755915,0.7071067811865476,0.5,0.5,-0.24929922819137573,-1.5707963705062866,velocity,post_controller_hold,False,,0.1897,0.1917,not_attempted,0.0,False,False
3.672882,42,499.862436,True,0.3135312465202862,False,False,1.5374906102087533,success,True,0.4171556948903776,4.171556948903776,4.327830662051087,6.613657797238171,4.327830662051087,1.2415936157076257,42,42,1.0,1.7372292748841243,1.793711581496792,0.7014112697017837,0.7071067811865476,-0.5,-0.5,0.39399322867393494,1.5707963705062866,velocity,post_controller_hold,False,,0.138,2.2667,not_attempted,0.0,False,False
11.764023,35,514.575617,True,0.38318341662418176,False,False,1.6970341534555422,success,True,0.375732171904863,3.75732171904863,1.9848873425187652,5.0492993567893665,1.9848873425187652,1.2035219833823985,35,35,1.0,1.5993884385029025,1.793711581496792,0.6652859248332675,0.7071067811865476,0.5,0.5,-0.5,-1.5707963705062866,velocity,post_controller_hold,False,,0.158,1.3082,not_attempted,0.0,False,False
-6.008482,110,547.693312,True,0.37001508186896936,False,False,1.9090084601648105,success,True,0.9288510584398616,9.288510584398615,2.0373396833151247,17.150924556347245,3.1141858681896943,1.0260192579059528,110,110,1.0,1.6857526526058735,1.793711581496792,0.702300630570451,0.7071067811865476,0.5,-0.5,0.5,-0.6614586114883423,velocity,post_controller_hold,False,,0.1774,0.2695,not_attempted,0.0,False,False
-1.0590591,52,568.805513,True,0.3279584292627638,False,False,1.3613366866025167,success,True,0.8898433141195087,8.898433141195087,2.7251857525779557,7.884486723130486,2.7251857525779557,1.2413078891600977,52,52,1.0,1.7511998599732215,1.793711581496792,0.7071067811865469,0.7071067811865476,0.5,0.5,-0.5,1.5707963705062866,velocity,post_controller_hold,False,,0.1778,0.382,not_attempted,0.0,False,False
17.244312,10,582.91737,True,0.31601147837442395,False,False,1.334964616101735,success,True,0.18903414657043163,1.8903414657043163,0.9988358253887254,1.2146906359505958,0.9988358253887254,1.3042231055937759,10,10,1.0,1.7656455630603016,1.793711581496792,0.645810787559441,0.7071067811865476,0.5,-0.5,-0.5,-1.5707963705062866,velocity,post_controller_hold,False,,0.1435,1.8543,not_attempted,0.0,False,False
-5.167101,86,609.134351,True,0.30894431909664033,False,False,1.7708064838446789,success,True,0.33601747007344585,3.3601747007344587,2.2678000299083774,13.35712460814902,3.7426900044420424,0.9447315649484462,86,86,1.0,1.7711339060852935,1.793711581496792,0.6994887399594638,0.7071067811865476,0.5,0.5,-0.14190810918807983,-1.5707963705062866,velocity,post_controller_hold,False,,0.16,2.7258,not_attempted,0.0,False,False
5.243036,33,627.754265,True,0.345159358909534,False,False,1.097638057531739,success,True,0.8269105092182206,8.269105092182206,3.3041617060207527,4.8851567838675845,3.3041617060207527,0.9292501947186469,33,33,1.0,1.7600917833452128,1.793711581496792,0.680620745667255,0.7071067811865476,-0.5,-0.5,0.5,-1.5707963705062866,velocity,post_controller_hold,False,,0.1646,0.7977,not_attempted,0.0,False,False
-4.1363716,50,646.958823,True,0.3964992666256457,False,False,1.511975449513043,success,True,0.8123882048641817,8.123882048641818,3.894388513167354,8.051394145533113,3.894388513167354,1.078698745416726,50,50,1.0,1.7902225429533187,1.793711581496792,0.6972491049814364,0.7071067811865476,0.5,-0.5,0.5,1.5707963705062866,velocity,post_controller_hold,False,,0.1411,1.7898,not_attempted,0.0,False,False
9.324831,47,670.374813,True,0.3983423347794776,False,False,1.5152614495736274,success,True,0.44170126278770583,4.4170126278770585,2.282610103842665,7.331589042876602,3.243083387141585,1.1003311559657971,47,47,1.0,1.7623842059015316,1.793711581496792,0.6997880637553494,0.7071067811865476,-0.5,0.5,-0.5,-1.5707963705062866,velocity,post_controller_hold,False,,0.1982,3.0883,not_attempted,0.0,False,False
1.4373837,83,699.893525,True,0.38915086903802076,False,False,1.2815243772261133,success,True,0.6797774554127246,6.797774554127246,1.7501001284028235,12.521026397840908,3.1533999965981607,1.1567631202249378,83,83,1.0,1.751573893346721,1.793711581496792,0.691146856701463,0.7071067811865476,0.5,-0.5,-0.5,1.4043853282928467,velocity,post_controller_hold,False,,0.121,0.3393,not_attempted,0.0,False,False
15.752561,15,713.304939,True,0.38259709658673674,False,False,1.599138703247818,success,True,0.25593136595478566,2.5593136595478567,1.340323321927435,2.161668719970435,1.340323321927435,1.599138703247818,15,15,1.0,1.787673537807592,1.793711581496792,0.7071067811865478,0.7071067811865476,-0.5,0.5,-0.4986361265182495,1.5707963705062866,velocity,post_controller_hold,False,,0.1039,0.4857,not_attempted,0.0,False,False
-10.191496,109,751.920344,True,0.38590200410440406,False,False,1.33190707436533,success,True,0.1817334470454968,1.8173344704549679,4.229781574358043,16.966348646795225,4.846485075558804,0.9083241410795015,109,109,1.0,1.7580030579941306,1.793711581496792,0.7069354665021806,0.7071067811865476,-0.5,-0.5,-0.5,1.5707963705062866,velocity,post_controller_hold,False,,0.1638,0.5841,not_attempted,0.0,False,False
5.800213,39,767.733175,True,0.35526671759677875,False,False,1.4822735649840377,success,True,0.30761840489251174,3.0761840489251173,3.940037302799438,6.261623232556406,3.940037302799438,0.8523279425860539,39,39,1.0,1.7920149513338897,1.793711581496792,0.7071067811865471,0.7071067811865476,0.5,-0.5,-0.5,-1.5707963705062866,velocity,post_controller_hold,False,,0.1957,1.4859,not_attempted,0.0,False,False
-1.5554056,43,785.149741,True,0.3369706836616204,False,False,1.3197347177122194,success,True,0.6868117383353365,6.868117383353365,4.9061773286002515,6.802132746523079,4.9061773286002515,1.0433556953850953,43,43,1.0,1.7898107804127,1.793711581496792,0.6961444273976063,0.7071067811865476,-0.5,-0.5,-0.5,-1.5707963705062866,velocity,post_controller_hold,False,,0.1559,2.5669,not_attempted,0.0,False,False
-0.31090355,103,815.772797,True,0.35503536610641606,False,False,1.7711707484708692,success,True,0.035045865198608014,0.35045865198608017,3.9329312857587913,15.401659134961518,3.9329312857587913,0.9414948082228394,103,103,1.0,1.7219442404512189,1.793711581496792,0.7010692033986122,0.7071067811865476,0.5,-0.5,0.5,-1.5707963705062866,velocity,post_controller_hold,False,,0.1858,2.8355,not_attempted,0.0,False,False
-8.243484,164,858.482206,True,0.39565934617377174,False,False,1.5237229064935123,success,True,0.43692751811381797,4.36927518113818,2.8067991865902457,25.033384970909697,4.1771379723870945,0.9809205467786604,164,164,1.0,1.7252721664239277,1.793711581496792,0.6902659265522788,0.7071067811865476,0.5,0.5,0.5,1.1828744411468506,velocity,post_controller_hold,False,,0.1895,3.0699,not_attempted,0.0,False,False
11.214907,22,873.295405,True,0.3353036040891932,False,False,1.3241805186767894,success,True,0.618141993370236,6.18141993370236,2.009863825440288,3.2007454961326696,2.0329333197091524,0.8975128070744727,22,22,1.0,1.7623086508328762,1.793711581496792,0.6553641157117283,0.7071067811865476,-0.5,-0.5,-0.5,-1.5707963705062866,velocity,post_controller_hold,False,,0.1565,0.2356,not_attempted,0.0,False,False
7.2739453,25,887.006219,True,0.28781439847244833,False,False,1.6998531844230593,success,True,0.7902495278771542,7.902495278771542,2.638886104203086,3.9150553223461357,2.638886104203086,1.263536787576601,25,25,1.0,1.7937115814967932,1.793711581496792,0.7071067811865477,0.7071067811865476,-0.5,0.5,0.5,-1.5707963705062866,velocity,post_controller_hold,False,,0.0666,0.8147,not_attempted,0.0,False,False
-6.8688145,51,914.522499,True,0.31050780074450945,False,False,1.296373465047508,success,True,0.9613090841649465,9.613090841649466,4.584955421828918,7.858649096481513,4.584955421828918,1.2727176150874253,51,51,1.0,1.789677061265878,1.793711581496792,0.6954359211742087,0.7071067811865476,-0.5,0.5,-0.5,1.5707963705062866,velocity,post_controller_hold,False,,0.1425,3.0574,not_attempted,0.0,False,False
11.204782,43,938.743353,True,0.2098371836734959,False,False,1.976668718697225,success,True,0.1922829337695024,1.922829337695024,3.051565696124526,6.30648053398856,3.051565696124526,1.0075354011462772,43,43,1.0,1.772650840325705,1.793711581496792,0.6858188666932784,0.7071067811865476,0.5,0.5,-0.5,-1.5707963705062866,velocity,post_controller_hold,False,,0.1009,0.452,not_attempted,0.0,False,True
6.7118616,67,963.86035,True,0.30464313170303614,False,False,1.9800407791393266,success,True,0.46079859521985816,4.6079859521985815,2.7212121551626427,9.919668695361912,3.8950192749652044,1.1329988299579363,67,67,1.0,1.7343352933362712,1.793711581496792,0.6945254242609071,0.7071067811865476,-0.5,0.5,-0.5,0.8828661441802979,velocity,post_controller_hold,False,,0.0857,3.1314,not_attempted,0.0,False,True
0.8130722,46,989.46824,True,0.3947819950736355,False,False,1.403394741383166,success,True,0.5091931150614077,5.091931150614077,4.574725040146625,7.124792389337468,4.574725040146625,1.056471766122114,46,46,1.0,1.7937115814967937,1.793711581496792,0.707106781186547,0.7071067811865476,0.5,-0.5,0.5,1.5707963705062866,velocity,post_controller_hold,False,,0.2147,0.2452,not_attempted,0.0,False,False
7.062717,46,1011.583354,True,0.39914323711343,False,False,1.7986749024877315,success,True,0.5739700521738482,5.739700521738483,2.7395141048841807,6.904912348250824,3.0254806250923614,0.9164290337092613,46,46,1.0,1.7244240183266355,1.793711581496792,0.7055747952888872,0.7071067811865476,-0.5,0.5,0.5,1.5707963705062866,velocity,post_controller_hold,False,,0.0809,0.7189,not_attempted,0.0,False,False
6.8642645,64,1037.288313,True,0.331863530132061,False,False,1.3226091526276926,success,True,0.23903716907089873,2.3903716907089874,2.7157564643740555,9.881066354879819,3.365170422201357,1.1258793682148758,64,64,1.0,1.7537455567830214,1.793711581496792,0.6978748198101401,0.7071067811865476,-0.5,0.5,-0.5,1.5707963705062866,velocity,post_controller_hold,False,,0.1916,2.7922,not_attempted,0.0,False,False
9.848125,46,1055.413371,True,0.332309808131487,False,False,1.6431597000581024,success,True,0.15816995701207054,1.5816995701207053,3.9219892038781174,7.0893713806309515,4.391961499348643,0.8991470425631656,46,46,1.0,1.685846547872833,1.793711581496792,0.7046771755925284,0.7071067811865476,-0.5,0.5,-0.5,-1.5707963705062866,velocity,post_controller_hold,False,,0.1689,2.8035,not_attempted,0.0,False,False
10.825833,21,1070.32848,True,0.3517137376137396,False,False,1.3290565570347392,success,True,0.6433493083031893,6.433493083031893,1.599572423947572,3.05064676380048,1.6766897268551944,1.3290565570347392,21,21,1.0,1.750795763547826,1.793711581496792,0.6973653935627228,0.7071067811865476,-0.5,-0.5,-0.5,1.5707963705062866,velocity,post_controller_hold,False,,0.1695,2.0985,not_attempted,0.0,False,False
3.819684,53,1091.846111,True,0.16967973175242568,False,False,1.4234293769485074,success,True,0.06683939857569764,0.6683939857569764,2.80213970752459,7.932331678505648,2.80213970752459,1.2147488664185984,53,53,1.0,1.7917219068005497,1.793711581496792,0.70155653322779,0.7071067811865476,0.5,-0.5,0.5,1.5707963705062866,velocity,post_controller_hold,False,,0.1088,2.7556,not_attempted,0.0,False,False
-1.1985188,129,1129.453128,True,0.3613597927980591,False,False,1.42842399756462,success,True,0.5447539867654634,5.447539867654633,2.830419719959851,19.52179817095133,3.4886880471498163,0.8872705572133007,129,129,1.0,1.765477744397604,1.793711581496792,0.6973334708152926,0.7071067811865476,-0.5,-0.5,-0.5,1.5707963705062866,velocity,post_controller_hold,False,,0.1467,1.956,not_attempted,0.0,False,False
2.2336779,40,1152.775995,True,0.3966418679690022,False,False,1.2628011452308419,success,True,0.7432144154107433,7.432144154107433,4.005349605690774,6.171383852719931,4.005349605690774,0.919708367193351,40,40,1.0,1.7901989221632977,1.793711581496792,0.6968964019155905,0.7071067811865476,-0.5,0.5,-0.5,1.5707963705062866,velocity,post_controller_hold,False,,0.1349,0.2958,not_attempted,0.0,False,False
9.933256,38,1171.689768,True,0.35685609264924695,False,False,1.2828489249193893,success,True,0.5666750645883574,5.666750645883574,1.7239071051933617,5.403421530647631,2.0594419802816875,1.2828489249193893,38,38,1.0,1.7788310513534562,1.793711581496792,0.6807393394548062,0.7071067811865476,-0.16703781485557556,-0.5,0.5,1.5707963705062866,velocity,post_controller_hold,False,,0.1306,1.3939,not_attempted,0.0,True,False
-4.7588253,139,1214.604258,True,0.38880077123972623,False,False,1.9260315273547233,success,True,0.3823551849263666,3.823551849263666,3.567562466813919,21.106220429386088,4.677628167263778,1.0172254732528951,139,139,1.0,1.7396518933432956,1.793711581496792,0.6938264334280373,0.7071067811865476,0.5,0.5,-0.5,-1.5707963705062866,velocity,post_controller_hold,False,,0.0787,2.5172,not_attempted,0.0,False,True
14.762876,11,1228.919717,True,0.21871803826141561,False,False,1.4824628302236462,success,True,0.40641224287595623,4.064122428759562,0.9894111077835015,1.5430917644684992,0.9894111077835015,1.4824628302236462,11,11,1.0,1.7937115814967926,1.793711581496792,0.7071067811865478,0.7071067811865476,-0.5,-0.5,-0.5,-1.5707963705062866,velocity,post_controller_hold,False,,0.148,1.9824,not_attempted,0.0,False,False
5.705124,47,1250.135754,True,0.28037935023785393,False,False,1.323476996781411,success,True,0.818130454673129,8.18130454673129,2.505191453959466,7.2597283023241115,3.01913599773049,0.7602393070228127,47,47,1.0,1.6206669111960865,1.793711581496792,0.707106781186547,0.7071067811865476,-0.5,0.5,0.04371941089630127,1.5707963705062866,velocity,post_controller_hold,False,,0.1548,0.535,not_attempted,0.0,False,False
2.9728212,88,1281.352941,True,0.285337995428546,False,False,1.4215574573300056,success,True,0.7288857875740521,7.288857875740521,2.2792339289354766,13.656003136677837,3.4753829169719497,1.0600740119258916,88,88,1.0,1.7602926993397852,1.793711581496792,0.7021529195316005,0.7071067811865476,-0.5,0.5,-0.5,-1.5707963705062866,velocity,post_controller_hold,False,,0.1141,0.1679,not_attempted,0.0,False,False
-2.9066324,112,1315.868006,True,0.33224098373685984,False,False,1.6566038321084757,success,True,0.7586274172967804,7.586274172967804,2.1837102096176535,16.693974434054606,3.496288037106816,0.8025571900009646,112,112,1.0,1.677544710981788,1.793711581496792,0.702917392533421,0.7071067811865476,-0.5,-0.5,-0.5,-0.5142911076545715,velocity,post_controller_hold,False,,0.0813,0.8789,not_attempted,0.0,False,True
2.2181778,98,1352.378577,True,0.3865148817461913,False,False,2.1936164845188513,success,True,0.40963815310476154,4.096381531047616,2.9356483923616117,14.56235857073131,3.0173724035619673,0.923054192060257,98,98,1.0,1.7357835446762486,1.793711581496792,0.6995455176549435,0.7071067811865476,-0.5,-0.5,-0.5,1.5707963705062866,velocity,post_controller_hold,False,,0.1026,0.6171,not_attempted,0.0,False,False
6.5019064,48,1374.789719,True,0.38155844166642944,False,False,1.8297150928963013,success,True,0.7435154599116417,7.435154599116417,2.5565409795927243,7.569969661989334,3.4192591680193742,1.4311840770828248,48,48,1.0,1.755180731042816,1.793711581496792,0.707106781186547,0.7071067811865476,-0.5,-0.5,0.5,1.5707963705062866,velocity,post_controller_hold,False,,0.0634,2.2181,not_attempted,0.0,False,False
-36.763096,200,1427.905282,False,0.6484549176671215,False,False,1.4081778688643278,max_steps,True,0.7708882759363636,0.0,5.1041946782394225,30.404108064691936,5.730181613350568,0.9119320572768058,200,200,1.0,1.6933367749915467,1.793711581496792,0.6974186743958906,0.7071067811865476,0.5,0.49532419443130493,-0.5,-1.0901176929473877,velocity,post_controller_hold,False,,0.1767,1.726,not_attempted,0.0,False,False
-3.5590897,142,1469.420517,True,0.2952513443275762,False,False,1.2878849383999837,success,True,0.17062786972861932,1.7062786972861932,3.8249361203067753,21.063908797585885,4.5668415201687145,0.9171766281893323,142,142,1.0,1.728349390682448,1.793711581496792,0.6954721968209694,0.7071067811865476,-0.5,-0.5,0.5,-0.28038108348846436,velocity,post_controller_hold,False,,0.1865,0.5957,not_attempted,0.0,True,False
-5.961426,125,1503.642683,True,0.1426483922998437,False,False,1.4268017656949077,success,True,0.25749577612505353,2.5749577612505354,3.893165602244879,18.835277645936312,4.771087321506404,1.0187021270218803,125,125,1.0,1.7260752597303486,1.793711581496792,0.7061397347354956,0.7071067811865476,-0.5,0.5,-0.5,1.5707963705062866,velocity,post_controller_hold,False,,0.0864,0.9336,not_attempted,0.0,False,False
9.152094,31,1525.254394,True,0.3999785591172414,False,False,1.3173893435233677,success,True,0.732309062234394,7.32309062234394,2.036835702092048,4.005989115393458,2.0375931563095695,1.1077527720617133,31,31,1.0,1.7876339218954018,1.793711581496792,0.6903773629119541,0.7071067811865476,0.5,-0.5,0.5,1.5707963705062866,velocity,post_controller_hold,False,,0.0723,2.9173,not_attempted,0.0,False,False
5.764281,36,1542.361389,True,0.3985992289499918,False,False,1.817023094978996,success,True,0.7074808445586714,7.074808445586714,2.8917238811756407,5.117264226717187,2.8917238811756407,1.1255401173018134,36,36,1.0,1.763789613980462,1.793711581496792,0.6717666766334861,0.7071067811865476,-0.5,-0.5,-0.5,-1.5707963705062866,velocity,post_controller_hold,False,,0.227,2.7555,not_attempted,0.0,False,True
8.449108,14,1557.983351,True,0.21863046314724743,False,False,1.2897850034212828,success,True,0.9978070680459955,9.978070680459956,1.5226292312574718,1.958475894191567,1.5226292312574718,1.1609562469552082,14,14,1.0,1.7937115814967928,1.793711581496792,0.7071067811865478,0.7071067811865476,-0.5,0.5,-0.5,-1.5707963705062866,velocity,post_controller_hold,False,,0.1689,3.0188,not_attempted,0.0,False,False
12.418216,29,1577.084951,True,0.397396342088939,False,False,1.6322400795818233,success,True,0.13585615327827905,1.3585615327827905,2.488853198041765,4.175523610319348,2.488853198041765,0.8573413097443588,29,29,1.0,1.76154165407021,1.793711581496792,0.6790393125777098,0.7071067811865476,-0.5,0.5,0.5,1.5707963705062866,velocity,post_controller_hold,False,,0.1226,2.8314,not_attempted,0.0,False,False
-4.715849,51,1595.809203,True,0.3743571714540545,False,False,1.6724774553751338,success,True,0.7724711632853438,7.724711632853438,3.912967065054175,7.258951245469861,3.912967065054175,1.4257482318412593,51,51,1.0,1.7486991865003982,1.793711581496792,0.6965045538958725,0.7071067811865476,0.5,-0.5,0.5,-1.5707963705062866,velocity,post_controller_hold,False,,0.0672,2.1166,not_attempted,0.0,False,False
2.4749718,53,1618.622374,True,0.38073806789733405,False,False,1.3582886866188715,success,True,0.7386807517296068,7.386807517296068,3.2507282999870553,8.005108369320702,3.602449152414672,1.3417897167935042,53,53,1.0,1.6744371024345557,1.793711581496792,0.6999677250536875,0.7071067811865476,-0.5,0.5,0.5,1.5707963705062866,velocity,post_controller_hold,False,,0.1235,1.9376,not_attempted,0.0,False,False
14.371581,36,1637.428649,True,0.30979286466684686,False,False,1.2753027555575756,success,True,0.118243331674027,1.1824333167402699,2.321312000999642,5.223582611703567,2.5118800125136644,1.1948895494813319,36,36,1.0,1.7916566802763885,1.793711581496792,0.7013241342710259,0.7071067811865476,-0.5,-0.5,-0.5,-1.5707963705062866,velocity,post_controller_hold,False,,0.0843,0.9509,not_attempted,0.0,False,False
10.134284,25,1654.950383,True,0.38686453860764414,False,False,1.6599354418582277,success,True,0.509178607256415,5.091786072564149,2.444216012266724,3.5090151411610777,2.444216012266724,0.8882017598018939,25,25,1.0,1.7061215474863676,1.793711581496792,0.6989184735969193,0.7071067811865476,0.5,0.5,-0.5,0.661202073097229,velocity,post_controller_hold,False,,0.1804,3.0174,not_attempted,0.0,False,False
10.26557,27,1669.873226,True,0.3061928051636391,False,False,1.7213398410651661,success,True,0.4703026215589981,4.703026215589981,3.0156179841668065,3.9991248124864884,3.0156179841668065,1.191548209874293,27,27,1.0,1.7925181453782644,1.793711581496792,0.7040009143657872,0.7071067811865476,0.5,0.5,-0.5,1.5707963705062866,velocity,post_controller_hold,False,,0.1354,2.3496,not_attempted,0.0,False,False
5.6217136,47,1692.480079,True,0.37699273140025075,False,False,1.3829001205411966,success,True,0.01698808256306253,0.1698808256306253,4.697199408159555,6.990557462864847,4.697199408159555,0.9208844808838734,47,47,1.0,1.6653809101333048,1.793711581496792,0.707106781186547,0.7071067811865476,-0.5,-0.5,0.16411733627319336,-1.5707963705062866,velocity,post_controller_hold,False,,0.2387,2.177,not_attempted,0.0,False,False
12.432583,29,1711.688165,True,0.3638284102178269,False,False,1.2775179773723258,success,True,0.12799844321972287,1.2799844321972287,3.4183010545801946,4.366164206958549,3.4510648232500656,0.9671326758042347,29,29,1.0,1.7593323735900372,1.793711581496792,0.7042356109266611,0.7071067811865476,0.4599123001098633,0.5,0.5,-1.5707963705062866,velocity,post_controller_hold,False,,0.1098,1.009,not_attempted,0.0,True,False
0.9870062,63,1737.9128,True,0.21893495255047174,False,False,1.3125616027141809,success,True,0.5139298938626206,5.139298938626205,3.865681062471635,9.305168753294138,4.062902194638652,1.1281689140287823,63,63,1.0,1.7637034463431491,1.793711581496792,0.700563690683964,0.7071067811865476,0.5,-0.5,-0.5,1.5707963705062866,velocity,post_controller_hold,False,,0.1204,0.7591,not_attempted,0.0,False,False
-1.8698807,152,1779.722651,True,0.39974532499422777,False,False,1.6551191315047424,success,True,0.5173131416331789,5.173131416331788,1.8170338711041156,20.021466115977425,2.7511016582681838,1.009251118387722,152,152,1.0,1.7396057222464991,1.793711581496792,0.6840566170046264,0.7071067811865476,0.5,-0.5,0.5,-1.5707963705062866,velocity,post_controller_hold,False,,0.1527,1.6693,not_attempted,0.0,False,False
4.7820063,32,1798.235636,True,0.3000424481488578,False,False,1.7633785159525466,success,True,0.8046164227357723,8.046164227357723,3.2652201078280236,4.45764326593212,3.2652201078280236,1.5305834351699972,32,32,1.0,1.7868663141317982,1.793711581496792,0.7032542466330827,0.7071067811865476,-0.5,-0.5,-0.2124871015548706,1.5707963705062866,velocity,post_controller_hold,False,,0.1399,0.4495,not_attempted,0.0,False,False
-2.4970741,87,1831.847802,True,0.2930187442424423,False,False,1.6695198475168957,success,True,0.1471044248717148,1.471044248717148,4.6021079926969275,12.24555982255633,5.498512809522528,0.8554742405420344,87,87,1.0,1.7530405240824245,1.793711581496792,0.7071067811865466,0.7071067811865476,0.5,0.5,0.5,1.5707963705062866,velocity,post_controller_hold,False,,0.0387,0.6458,not_attempted,0.0,False,False
-0.6507282,50,1855.879877,True,0.3854730847739264,False,False,2.009712976222142,success,True,0.7293780930310848,7.293780930310848,3.6046154953768883,7.699776764830076,3.6046154953768883,1.1547963094303273,50,50,1.0,1.685559812438227,1.793711581496792,0.707106781186547,0.7071067811865476,-0.5,-0.5,0.5,0.442424476146698,velocity,post_controller_hold,False,,0.2261,1.9579,not_attempted,0.0,False,False
3.20815,41,1875.179498,True,0.20171502739700373,False,False,1.346656869786052,success,True,0.7160728045664615,7.160728045664615,4.479552798518253,6.022277479674159,4.891318348381733,1.3325125965015772,41,41,1.0,1.7924666293232359,1.793711581496792,0.7052949749673221,0.7071067811865476,-0.5,-0.5,0.5,-1.5707963705062866,velocity,post_controller_hold,False,,0.1834,0.6325,not_attempted,0.0,True,False
5.940608,30,1898.202153,True,0.3734465148428998,False,False,1.427564603980365,success,True,0.7782118641682185,7.782118641682185,3.615038379152172,4.482402517117184,3.615038379152172,1.12015988437481,30,30,1.0,1.612010520560164,1.793711581496792,0.7071067811865475,0.7071067811865476,-0.5,-0.5,0.5,-1.5707963705062866,velocity,post_controller_hold,False,,0.068,0.6204,not_attempted,0.0,False,False
1.1753855,42,1919.009274,True,0.16018150954123742,False,False,1.4411352636262769,success,True,0.9210348371984937,9.210348371984937,4.14947212629829,5.647580207530337,4.14947212629829,1.4411352636262769,42,42,1.0,1.6972728767918026,1.793711581496792,0.6991817292310315,0.7071067811865476,-0.5,0.5,0.5,1.5290120840072632,velocity,post_controller_hold,False,,0.1519,2.3382,not_attempted,0.0,False,False
3.0221748,86,1948.733407,True,0.28937278310223,False,False,1.5520704512773653,success,True,0.017744680354849995,0.17744680354849995,4.210862759157001,12.084928700919473,5.169394967508632,1.22170275873438,86,86,1.0,1.7904487681486845,1.793711581496792,0.6998251880804273,0.7071067811865476,-0.5,0.5,0.5,-1.5707963705062866,velocity,post_controller_hold,False,,0.0888,0.8716,not_attempted,0.0,False,False
6.569478,33,1968.957347,True,0.3304192090413539,False,False,1.0739712292902759,success,True,0.7224213124314347,7.224213124314347,2.466003878102445,4.204942134038027,2.6303829139906267,1.0316171842144883,33,33,1.0,1.762752549218263,1.793711581496792,0.6717682741118945,0.7071067811865476,-0.5,-0.5,-0.5,1.5707963705062866,velocity,post_controller_hold,False,,0.0463,3.0935,not_attempted,0.0,False,False
0.12264252,39,1985.559284,True,0.33812952466645324,False,False,1.55091334750424,success,True,0.9713934082035,9.713934082035,4.072250649396369,5.858691688672316,4.072250649396369,1.0121855779064806,39,39,1.0,1.7923384103417004,1.793711581496792,0.7035161457197963,0.7071067811865476,-0.5,0.5,0.5,-1.5707963705062866,velocity,post_controller_hold,False,,0.1107,2.8583,not_attempted,0.0,False,False
13.594732,31,2007.570179,True,0.08600480567165447,False,False,1.1549902755720183,success,True,0.2205346862820418,2.205346862820418,1.3954400568202743,4.263336943457137,1.3954400568202743,1.039001451631002,31,31,1.0,1.7937115814967934,1.793711581496792,0.7071067811865474,0.7071067811865476,0.5,-0.5,-0.5,-1.5707963705062866,velocity,post_controller_hold,False,,0.1753,1.1598,not_attempted,0.0,False,False
6.3313055,35,2030.18711,True,0.24753248707058237,False,False,1.8326490469442807,success,True,0.5263415455166602,5.263415455166602,4.291413530915419,5.35453884125295,4.291413530915419,0.9984019155991378,35,35,1.0,1.7892923930355344,1.793711581496792,0.7071067811865472,0.7071067811865476,0.5,-0.5,-0.5,-1.5707963705062866,velocity,post_controller_hold,False,,0.1617,0.2901,not_attempted,0.0,False,True
-7.703596,68,2061.709394,True,0.35795595852317913,False,False,1.633929035653028,success,True,0.8445672393216062,8.44567239321606,4.273443789568648,9.550105847882536,4.351849454919574,0.8236773582292155,68,68,1.0,1.7866196240684165,1.793711581496792,0.6893331549423084,0.7071067811865476,-0.5,-0.5,0.5,1.5707963705062866,velocity,post_controller_hold,False,,0.1413,0.4409,not_attempted,0.0,False,False
8.861282,30,2085.61683,True,0.13494300166288956,False,False,1.6728908010029657,success,True,0.4414757620750641,4.414757620750641,3.0868825523739107,4.290601317509208,3.0868825523739107,1.4592574129669538,30,30,1.0,1.7937115814967934,1.793711581496792,0.7071067811865475,0.7071067811865476,-0.5,-0.5,0.5,1.5707963705062866,velocity,post_controller_hold,False,,0.1018,1.3198,not_attempted,0.0,False,False
17.488989,16,2105.436199,True,0.18056880630035654,False,False,1.4602854392509852,success,True,0.05020351706379246,0.5020351706379246,1.4959779573341379,2.34122816260695,1.4959779573341379,1.0399703652476928,16,16,1.0,1.3942430574115838,1.793711581496792,0.7071067811865478,0.7071067811865476,-0.5,0.5,0.5,-1.5707963705062866,velocity,post_controller_hold,False,,0.1898,0.483,not_attempted,0.0,True,False
8.929087,26,2126.448822,True,0.24839057159837857,False,False,1.2077005890174233,success,True,0.5336242536734171,5.336242536734171,3.546042198846569,3.703489436917429,3.546042198846569,1.1633654910811058,26,26,1.0,1.7828167489990911,1.793711581496792,0.7071067811865477,0.7071067811865476,-0.5,0.5,0.5,-1.5707963705062866,velocity,post_controller_hold,False,,0.1588,2.7931,not_attempted,0.0,True,False
16.153482,15,2147.454573,True,0.36658120190893195,False,False,1.5425081796984217,success,True,0.2094235143009616,2.094235143009616,1.616500877569857,1.9580519358837714,1.616500877569857,1.322648088982907,15,15,1.0,1.7703709931333824,1.793711581496792,0.6393011995807178,0.7071067811865476,-0.5,0.5,0.5,1.5707963705062866,velocity,post_controller_hold,False,,0.2336,2.1565,not_attempted,0.0,False,False
13.145114,15,2169.280676,True,0.37078474503131287,False,False,1.4588180496101666,success,True,0.4529573652065476,4.529573652065476,1.521830464603506,2.0757623224925807,1.521830464603506,1.4588180496101666,15,15,1.0,1.7889744219293722,1.793711581496792,0.6933087421233824,0.7071067811865476,0.5,0.5,0.5,1.5707963705062866,velocity,post_controller_hold,False,,0.1698,0.1696,not_attempted,0.0,True,False
12.588833,49,2192.488382,True,0.2573638394514998,False,False,2.022587387146381,success,True,0.0449965956096812,0.449965956096812,2.3797557200847494,6.696338741728902,2.699992347814288,1.1860310256054853,49,49,1.0,1.791037090448227,1.793711581496792,0.6994237038943193,0.7071067811865476,0.5,0.5,-0.5,1.5707963705062866,velocity,post_controller_hold,False,,0.1442,2.4701,not_attempted,0.0,False,False
0.025354385,74,2223.618698,True,0.27547767405171153,False,False,1.4632002831513653,success,True,0.9217848885787263,9.217848885787262,2.888790402019892,9.683948143320832,3.159813700472932,0.9717349104781803,74,74,1.0,1.672960410529678,1.793711581496792,0.7001271276668679,0.7071067811865476,-0.5,0.5,0.5,1.5707963705062866,velocity,post_controller_hold,False,,0.1265,1.8465,not_attempted,0.0,False,False
4.8678436,80,2253.224304,True,0.33422300741731215,False,False,1.265155921127503,success,True,0.30098461281474104,3.0098461281474105,4.168863734428102,11.138176898684454,4.704847109233931,1.041513962719482,80,80,1.0,1.7716899456417956,1.793711581496792,0.7071067811865467,0.7071067811865476,0.5,-0.5,-0.5,-1.5707963705062866,velocity,post_controller_hold,False,,0.1966,0.5179,not_attempted,0.0,False,False
-5.3568954,94,2289.338714,True,0.3584937750893736,False,False,1.561499615026345,success,True,0.8188508509326801,8.1885085093268,4.694774445263465,12.636223310319354,5.234178116622027,1.2427107119766816,94,94,1.0,1.7457668518181273,1.793711581496792,0.6970414448412412,0.7071067811865476,0.5,-0.5,-0.5,1.5707963705062866,velocity,post_controller_hold,False,,0.1611,2.3483,not_attempted,0.0,False,False
6.93818,43,2315.852474,True,0.3587713906230019,False,False,1.645523439196845,success,True,0.11338904966926525,1.1338904966926524,4.218379558273083,6.219266275062113,4.218379558273083,0.982770739773009,43,43,1.0,1.7844092641771494,1.793711581496792,0.6926790357179399,0.7071067811865476,-0.5,-0.5,-0.2906762361526489,-1.5707963705062866,velocity,post_controller_hold,False,,0.1316,2.1731,not_attempted,0.0,False,False
-0.33966923,60,2343.068472,True,0.3973879606805261,False,False,1.1909592214284033,success,True,0.4499065542519903,4.499065542519903,4.612949799255381,9.119156408416602,5.291890060054124,0.9182622552963615,60,60,1.0,1.77906934645746,1.793711581496792,0.7071067811865468,0.7071067811865476,0.5,-0.5,0.5,1.5707963705062866,velocity,post_controller_hold,False,,0.1509,0.8677,not_attempted,0.0,True,False
10.465626,47,2369.17268,True,0.3472623769316766,False,False,1.6875798606652674,success,True,0.2829944586089582,2.8299445860895824,2.7197946682724976,6.434565408515376,3.7483580496826288,1.2106459572538304,47,47,1.0,1.6623984255895772,1.793711581496792,0.7054840908692509,0.7071067811865476,-0.5,-0.5,0.5,1.5707963705062866,velocity,post_controller_hold,False,,0.0558,1.2808,not_attempted,0.0,False,False
12.75539,31,2394.085848,True,0.3594663532772136,False,False,1.369489531938272,success,True,0.3182445511475692,3.1824455114756924,1.0332781459163163,3.7841649790435454,1.0332781459163163,1.369489531938272,31,31,1.0,1.6987983266517983,1.793711581496792,0.6930780037856469,0.7071067811865476,-0.5,-0.5,-0.5,-1.5707963705062866,velocity,post_controller_hold,False,,0.163,1.7302,not_attempted,0.0,False,False
-2.0204983,76,2424.704267,True,0.23352810431717544,False,False,1.576850848965189,success,True,0.7727622025432493,7.727622025432494,4.046858091920063,9.642683057251432,5.13863611909269,1.068676090316218,76,76,1.0,1.6192552422022342,1.793711581496792,0.7039306317233142,0.7071067811865476,0.5,-0.5,-0.5,1.5707963705062866,velocity,post_controller_hold,False,,0.127,2.6297,not_attempted,0.0,False,True
13.843519,50,2449.530822,True,0.3847050281183987,False,False,1.6315757360876948,success,True,0.03562753427137018,0.35627534271370176,1.535115163303801,6.633333404842224,2.06050001643877,1.0925205374020635,50,50,1.0,1.7466322235859053,1.793711581496792,0.7046522727765826,0.7071067811865476,0.5,0.5,-0.5,1.5707963705062866,velocity,post_controller_hold,False,,0.1017,3.1366,not_attempted,0.0,False,True
4.5197535,49,2473.544633,True,0.38404385828937704,False,False,1.6611816970414393,success,True,0.31574032054285817,3.1574032054285817,5.065840230855644,7.073862791801793,5.158402015512742,1.2870570027775612,49,49,1.0,1.7937115814967937,1.793711581496792,0.707106781186547,0.7071067811865476,-0.5,0.5,0.5,-1.5707963705062866,velocity,post_controller_hold,False,,0.2095,1.4507,not_attempted,0.0,False,False
10.989528,45,2497.55746,True,0.17630972351418633,False,False,1.6345110291993676,success,True,0.03186624269734973,0.3186624269734973,3.2607782315598355,5.736438142240169,3.2607782315598355,1.3270820009827207,45,45,1.0,1.7895609582990144,1.793711581496792,0.707106781186547,0.7071067811865476,-0.5,-0.5,-0.5,1.5707963705062866,velocity,post_controller_hold,False,,0.1529,0.2167,not_attempted,0.0,False,False
11.949548,30,2516.164513,True,0.28975971970499087,False,False,1.3378330173386284,success,True,0.45316725710746625,4.531672571074663,1.5348339180006876,4.240949645008248,2.3355353964267147,1.0748354341851412,30,30,1.0,1.7633509984876055,1.793711581496792,0.7071067811865475,0.7071067811865476,0.5,-0.5,0.5,-1.5707963705062866,velocity,post_controller_hold,False,,0.1033,1.9341,not_attempted,0.0,False,False
5.7517433,53,2543.499197,True,0.2249308806873952,False,False,1.4182966012036045,success,True,0.24374677734885752,2.4374677734885752,3.898179011801441,7.118720796653499,3.898179011801441,1.3440353350094967,53,53,1.0,1.7872037137529146,1.793711581496792,0.7071067811865469,0.7071067811865476,-0.5,-0.5,-0.5,1.5707963705062866,velocity,post_controller_hold,False,,0.1005,2.5893,not_attempted,0.0,False,False
-1.5101242,76,2580.40652,True,0.21398093190253756,False,False,1.6480406510658725,success,True,0.8431298274862847,8.431298274862847,3.6031611664907683,10.757787598097048,4.422241492742243,1.0571025476455764,76,76,1.0,1.7916043361381666,1.793711581496792,0.7013793574891867,0.7071067811865476,-0.5,0.5,-0.5,1.5707963705062866,velocity,post_controller_hold,False,,0.0784,2.4957,not_attempted,0.0,False,True
-4.4477882,57,2610.323948,True,0.15214210844025522,False,False,1.8440827634462371,success,True,0.5403735064214924,5.403735064214924,4.816378254646426,8.33941553098124,5.125761678644867,1.047235973011598,57,57,1.0,1.7937115814967937,1.793711581496792,0.7071067811865469,0.7071067811865476,0.5,0.5,0.5,1.5707963705062866,velocity,post_controller_hold,False,,0.1112,1.6584,not_attempted,0.0,False,False
3.756052,72,2645.941035,True,0.37330352378387277,False,False,1.7282728702218255,success,True,0.6463420779869835,6.4634207798698355,2.2401756673127173,9.911060801922163,3.117146732423118,1.1926540903460847,72,72,1.0,1.6508561097215735,1.793711581496792,0.7071067811865467,0.7071067811865476,-0.5,-0.5,-0.5,0.8689983487129211,velocity,post_controller_hold,False,,0.1874,3.0727,not_attempted,0.0,False,False
7.2420797,57,2673.543303,True,0.31146926701285804,False,False,1.4951327208628198,success,True,0.0614506453664174,0.614506453664174,3.6934033841266696,7.486243980796093,4.070985160501827,1.0311023343230885,57,57,1.0,1.7340373384660017,1.793711581496792,0.7071067811865469,0.7071067811865476,-0.5,-0.5,0.5,-1.5707963705062866,velocity,post_controller_hold,False,,0.1652,1.2255,not_attempted,0.0,False,False
8.28523,38,2698.372419,True,0.1972699291106724,False,False,1.3109382837630081,success,True,0.24248531748711935,2.4248531748711937,4.148618849340541,5.627019135266537,4.148618849340541,1.262192941192328,38,38,1.0,1.7937115814967934,1.793711581496792,0.7071067811865471,0.7071067811865476,0.5,-0.5,0.5,1.5707963705062866,velocity,post_controller_hold,False,,0.0719,0.7326,not_attempted,0.0,True,False
11.430217,20,2719.576564,True,0.30826539475446346,False,False,1.4705798097987193,success,True,0.5089670695000081,5.089670695000081,2.2190813276601027,2.8186497229823275,2.2190813276601027,1.0823918579303722,20,20,1.0,1.537019397810153,1.793711581496792,0.7071067811865478,0.7071067811865476,-0.5,-0.5,0.5,-1.5707963705062866,velocity,post_controller_hold,False,,0.1604,1.6347,not_attempted,0.0,False,False
-2.758932,118,2757.291402,True,0.31499979583745075,False,False,1.3588530494450741,success,True,0.8150706219365256,8.150706219365256,2.841276491004634,14.669395317975933,4.108091194210635,0.9844557372970618,118,118,1.0,1.7062155686883016,1.793711581496792,0.6976833276737584,0.7071067811865476,-0.5,-0.5,0.5,1.5707963705062866,velocity,post_controller_hold,False,,0.0875,2.0484,not_attempted,0.0,True,False
5.862567,63,2784.507769,True,0.3163304327816566,False,False,1.9747781472941146,success,True,0.3884191391806538,3.884191391806538,3.0771939358248392,8.604274656056832,3.9759986500392697,1.0663134539157,63,63,1.0,1.6843816627328871,1.793711581496792,0.6973340640116463,0.7071067811865476,-0.5,0.5,0.5,1.5707963705062866,velocity,post_controller_hold,False,,0.238,0.8639,not_attempted,0.0,False,False
-11.917529,139,2836.426814,True,0.16975053228944592,False,False,1.7579404985770093,success,True,0.7752627731467076,7.752627731467076,3.8178042370314547,17.319422238660078,4.446858754183721,0.919824946731773,139,139,1.0,1.7555672230322064,1.793711581496792,0.7030782035608453,0.7071067811865476,0.5,0.5,0.5,-1.5707963705062866,velocity,post_controller_hold,False,,0.1435,3.0876,not_attempted,0.0,False,False
4.1289263,43,2865.338888,True,0.39993428035033723,False,False,1.5509449995147488,success,True,0.7554826438677189,7.554826438677189,3.46078628767245,6.1529938121616325,4.44340310796199,1.2434562695456333,43,43,1.0,1.7848725413294644,1.793711581496792,0.707106781186547,0.7071067811865476,0.5,-0.5,0.5,1.5707963705062866,velocity,post_controller_hold,False,,0.0785,2.3984,not_attempted,0.0,False,False
9.771116,38,2897.648898,True,0.2697372118502539,False,False,1.0579833414950799,success,True,0.6681570819297782,6.681570819297782,1.6361228491283932,4.930068562290937,2.190204230083817,1.0579833414950799,38,38,1.0,1.783274386049028,1.793711581496792,0.7057560162062153,0.7071067811865476,0.5,-0.5,-0.5,1.5707963705062866,velocity,post_controller_hold,False,,0.0715,1.1921,not_attempted,0.0,False,False
-14.830016,82,2935.464668,True,0.2930318285712365,False,False,1.0575083379673402,success,True,0.668295980872597,6.68295980872597,4.7533039411578155,12.3980918490702,4.790560148461084,1.021344910487536,82,82,1.0,1.6780175662321364,1.793711581496792,0.7071067811865467,0.7071067811865476,-0.5,-0.5,0.5,-1.5707963705062866,velocity,post_controller_hold,False,,0.2275,0.95,not_attempted,0.0,False,False
-29.92463,200,2998.481427,False,1.7994125947725885,False,False,1.1216647479718505,max_steps,True,0.7897881379444205,0.0,3.995898712903345,26.606218026490996,5.3024296305552925,1.0256191070324876,200,200,1.0,1.7386082964165033,1.793711581496792,0.6937262307501245,0.7071067811865476,-0.5,0.5,0.5,1.5707963705062866,velocity,post_controller_hold,False,,0.1301,2.449,not_attempted,0.0,False,False
-2.5473166,118,3037.492292,True,0.25610085968140206,False,False,1.6319821327541504,success,True,0.5760388311131027,5.7603883111310275,2.976309535501544,14.853457897679775,3.4350229622980026,1.101094097275626,118,118,1.0,1.6579722538477513,1.793711581496792,0.6871592514697593,0.7071067811865476,-0.5,-0.5,0.5,1.4214545488357544,velocity,post_controller_hold,False,,0.0989,0.5365,not_attempted,0.0,False,False
3.2131786,70,3068.406167,True,0.22243873873350672,False,False,1.1882471686845781,success,True,0.40206028852036263,4.020602885203626,4.547717602543835,9.111035421807918,5.361144032488397,0.8043550823614483,70,70,1.0,1.639382873720866,1.793711581496792,0.7020363956961562,0.7071067811865476,-0.5,0.5,-0.5,-1.5707963705062866,velocity,post_controller_hold,False,,0.2388,0.5044,not_attempted,0.0,False,False
5.9379997,73,3101.031638,True,0.3862090855096162,False,False,2.0068260635684134,success,True,0.46505559249838674,4.650555924983867,2.694000010511543,9.64134107651746,3.1178885293252305,1.2057176518582817,73,73,1.0,1.7193155249303973,1.793711581496792,0.7071067811865467,0.7071067811865476,-0.5,-0.5,0.5,1.5707963705062866,velocity,post_controller_hold,False,,0.0475,2.137,not_attempted,0.0,False,False
2.7602005,96,3134.113281,True,0.3673049686238065,False,False,1.1605657613932465,success,True,0.5685665943515524,5.685665943515525,1.8941101403070097,13.357265748597392,3.8040369142104264,1.0674947579595155,96,96,1.0,1.6704141085869628,1.793711581496792,0.6923010101767021,0.7071067811865476,0.5,0.5,-0.5,0.20829665660858154,velocity,post_controller_hold,False,,0.1036,1.2226,not_attempted,0.0,False,False
-6.6901894,153,3181.458631,True,0.25559832574591457,False,False,1.3678424389171473,success,True,0.5985628319629035,5.9856283196290345,3.0225783773855692,21.040885642177752,4.109547696942614,0.8920581324593524,153,153,1.0,1.6918155953143836,1.793711581496792,0.6881918332008364,0.7071067811865476,-0.5,0.5,-0.5,-1.3949735164642334,velocity,post_controller_hold,False,,0.158,1.8606,not_attempted,0.0,False,False
2.4743223,41,3209.052442,True,0.29773944822121723,False,False,1.5008734980360803,success,True,0.9678564363041953,9.678564363041954,2.8945809589191898,5.543512374984845,3.385183450525501,1.0084969052337878,41,41,1.0,1.7826590920666079,1.793711581496792,0.7071067811865471,0.7071067811865476,-0.5,0.5,0.5,1.5707963705062866,velocity,post_controller_hold,False,,0.1699,3.0764,not_attempted,0.0,False,False
0.35998154,82,3244.485376,True,0.3819675499043603,False,False,1.086765822757944,success,True,0.030921432313989444,0.30921432313989444,4.624606663128219,10.137716260901044,5.262904657749575,0.9578576462629068,82,82,1.0,1.787608977664873,1.793711581496792,0.6902210495961503,0.7071067811865476,-0.39263343811035156,0.5,0.5,-1.5707963705062866,velocity,post_controller_hold,False,,0.0998,1.7617,not_attempted,0.0,False,False
6.079335,57,3274.19549,True,0.3929711734096003,False,False,1.4274604124335226,success,True,0.6114334047589589,6.114334047589589,2.0076966923406103,7.256883853503142,3.323201494970526,0.934376185364538,57,57,1.0,1.7166226961131161,1.793711581496792,0.6946269019586052,0.7071067811865476,-0.5,0.5,-0.5,-1.5707963705062866,velocity,post_controller_hold,False,,0.1696,1.4181,not_attempted,0.0,False,False
4.6941433,109,3314.714903,True,0.24579197236320782,False,False,1.241285578155701,success,True,0.06902496879274463,0.6902496879274462,2.736009641584566,13.797535145180483,3.4503524929647362,1.2290026681024426,109,109,1.0,1.7816685456162267,1.793711581496792,0.6994268713415989,0.7071067811865476,0.5,0.5,-0.5,-1.5707963705062866,velocity,post_controller_hold,False,,0.0356,2.5341,not_attempted,0.0,False,False
-3.617608,87,3349.616403,True,0.27339607174619296,False,False,1.3466107444262922,success,True,0.6056481250393986,6.056481250393986,3.929429452557011,12.036167057908814,5.317648436162924,1.129610765922881,87,87,1.0,1.7720142043935014,1.793711581496792,0.705925694579451,0.7071067811865476,-0.5,-0.5,-0.5,-1.5707963705062866,velocity,post_controller_hold,False,,0.1361,2.1591,not_attempted,0.0,False,False
-2.140335,77,3385.635584,True,0.18170604488333392,False,False,1.2981589922257297,success,True,0.5744335896903846,5.744335896903846,4.232043982761272,10.465809516693385,4.381154182428726,0.9647974975674641,77,77,1.0,1.6257823860722553,1.793711581496792,0.7071067811865467,0.7071067811865476,-0.5,0.5,-0.5,1.5707963705062866,velocity,post_controller_hold,False,,0.0323,3.1336,not_attempted,0.0,False,False
13.186432,68,3415.669403,True,0.3557859101876752,False,False,1.620568172706168,success,True,0.04436112850793824,0.4436112850793824,1.9610632725365578,8.596599185204651,2.5925299467509695,1.1125790504803457,68,68,1.0,1.785472214539219,1.793711581496792,0.6842742993338501,0.7071067811865476,0.5,-0.5,0.5,-1.5707963705062866,velocity,post_controller_hold,False,,0.0939,1.228,not_attempted,0.0,True,False
-6.146412,92,3458.77477,True,0.38790738892131593,False,False,1.4477461968194472,success,True,0.7895472084199257,7.895472084199256,4.684543258660255,11.893125362267257,4.864184690981273,0.9675890277230008,92,92,1.0,1.6986006395490947,1.793711581496792,0.7026315315512377,0.7071067811865476,-0.5,0.5,0.5,-1.5707963705062866,velocity,post_controller_hold,False,,0.1114,1.3759,not_attempted,0.0,True,False
9.328059,44,3494.880128,True,0.3175515438533587,False,False,1.0724908137678388,success,True,0.3059343932846108,3.059343932846108,2.6104144380515666,4.981149936838664,3.029861973668579,1.0724908137678388,44,44,1.0,1.7101035935559141,1.793711581496792,0.707106781186547,0.7071067811865476,0.5,0.5,-0.5,1.5707963705062866,velocity,post_controller_hold,False,,0.1318,1.5985,not_attempted,0.0,False,False
-19.130377,115,3535.00722,True,0.12156121800298565,False,False,1.37475084264571,success,True,0.3572768301132331,3.5727683011323306,4.643161699527989,15.690137784861225,5.213011240529034,0.6524670209647093,115,115,1.0,1.7384959702574434,1.793711581496792,0.707106781186548,0.7071067811865476,-0.5,0.5,-0.5,1.5707963705062866,velocity,post_controller_hold,False,,0.0756,1.7331,not_attempted,0.0,False,False
3.8883862,29,3557.317424,True,0.18586104244818552,False,False,1.2368649776151646,success,True,0.997811194214693,9.97811194214693,3.087611550686698,3.9402366695156044,3.087611550686698,0.9389640349310561,29,29,1.0,1.7937115814967934,1.793711581496792,0.7071067811865475,0.7071067811865476,-0.5,0.5,0.5,-1.5707963705062866,velocity,post_controller_hold,False,,0.103,1.1913,not_attempted,0.0,True,False
12.050924,39,3585.924363,True,0.3440508515254899,False,False,1.5450875555322445,success,True,0.3215630984705603,3.2156309847056033,1.1014036545856962,5.448527247391571,1.2318422125549264,1.2665924722397717,39,39,1.0,1.6762110654575078,1.793711581496792,0.7071067811865471,0.7071067811865476,0.5,0.5,-0.5,-1.5707963705062866,velocity,post_controller_hold,False,,0.0263,0.6764,not_attempted,0.0,False,True
14.248675,24,3612.751536,True,0.23864355218500327,False,False,1.6467991465913516,success,True,0.24090687707619282,2.409068770761928,1.9447738815286355,2.986421638536406,1.9447738815286355,1.223742704972077,24,24,1.0,1.7937115814967932,1.793711581496792,0.7071067811865478,0.7071067811865476,-0.5,-0.5,0.5,-1.5707963705062866,velocity,post_controller_hold,False,,0.1707,1.3179,not_attempted,0.0,True,False
9.981991,84,3654.807284,True,0.32768041921745034,False,False,1.802167087190816,success,True,0.10755017101963428,1.0755017101963429,1.5773448855785877,9.736486907521437,2.351817507774951,1.425920769703914,84,84,1.0,1.7448687187173795,1.793711581496792,0.7049661707561018,0.7071067811865476,0.5,-0.5,-0.5,-1.5707963705062866,velocity,post_controller_hold,False,,0.0621,0.7206,not_attempted,0.0,False,True
-6.6074677,170,3708.972378,True,0.30491683707152734,False,False,1.6977038722474485,success,True,0.06691096391713908,0.6691096391713908,4.864856347865646,21.726398245206525,6.293034871585432,1.0269017433243761,170,170,1.0,1.7362779245531341,1.793711581496792,0.7023252452026659,0.7071067811865476,-0.5,0.5,0.5,1.5707963705062866,velocity,post_controller_hold,False,,0.107,2.2043,not_attempted,0.0,False,False
-0.903389,78,3748.787424,True,0.2798748675299819,False,False,1.5289336655791292,success,True,0.13933257822589404,1.3933257822589404,2.640182825171437,10.900542244527998,2.6631464570559995,1.051285787852901,78,78,1.0,1.7830639151431664,1.793711581496792,0.7071067811865467,0.7071067811865476,-0.5,0.5,-0.5,-1.5707963705062866,velocity,post_controller_hold,False,,0.2063,0.6095,not_attempted,0.0,False,True
-1.1266994,89,3792.219804,True,0.25415675792106535,False,False,1.5251367715437165,success,True,0.6976285890201337,6.976285890201337,4.029063597456734,12.17513471687905,5.202146822674612,1.1031838519103072,89,89,1.0,1.7482854653921414,1.793711581496792,0.6933316584913541,0.7071067811865476,0.5,0.5,0.5,-1.5707963705062866,velocity,post_controller_hold,False,,0.0733,1.426,not_attempted,0.0,True,False
3.9806256,49,3819.714814,True,0.3718164043557058,False,False,1.2186220558969605,success,True,0.9797057886560673,9.797057886560673,1.5160710243620623,6.790995582054504,2.1900967539839384,0.6825929370507077,49,49,1.0,1.7621310049709422,1.793711581496792,0.7061285838165374,0.7071067811865476,0.49835753440856934,-0.5,0.5,1.5707963705062866,velocity,post_controller_hold,False,,0.1111,2.2318,not_attempted,0.0,True,False
6.086426,91,3860.333441,True,0.3531406331040793,False,False,1.6861110464583509,success,True,0.36251589517198685,3.6251589517198686,2.3504537438569155,11.561352695931271,3.2386794174547298,1.0405565130902619,91,91,1.0,1.7118947999334482,1.793711581496792,0.7011298280677708,0.7071067811865476,-0.5,-0.5,0.5,-0.6063463091850281,velocity,post_controller_hold,False,,0.1564,0.9988,not_attempted,0.0,False,False
6.970725,70,3890.047697,True,0.12502334074187585,False,False,1.4420217826164383,success,True,0.009765907021762091,0.09765907021762091,3.078695032356952,9.287398067634495,3.545927955125868,1.012422097345955,70,70,1.0,1.7008601033480246,1.793711581496792,0.6941753824790956,0.7071067811865476,-0.5,0.5,-0.5,-1.5707963705062866,velocity,post_controller_hold,False,,0.0748,2.2899,not_attempted,0.0,False,False
16.445583,22,3913.263346,True,0.3372763553516732,False,False,1.8533638183856505,success,True,0.008494449737996228,0.08494449737996228,2.1358887849674244,3.0184367304351927,2.1358887849674244,1.2427996873592717,22,22,1.0,1.785357722325948,1.793711581496792,0.7071067811865478,0.7071067811865476,0.5,0.5,0.5,1.5707963705062866,velocity,post_controller_hold,False,,0.1941,0.5606,not_attempted,0.0,False,False
-3.585495,102,3958.582053,True,0.20259811962024868,False,False,1.9609958675851253,success,True,0.18962873540247407,1.8962873540247407,5.0364888490824145,13.778045632574527,5.5126264192791785,0.9597265178995953,102,102,1.0,1.7577670583744132,1.793711581496792,0.7064625504914772,0.7071067811865476,-0.5,-0.5,-0.5,-1.5707963705062866,velocity,post_controller_hold,False,,0.1177,0.551,not_attempted,0.0,False,False
7.1194205,27,3980.800654,True,0.3755940631818618,False,False,1.54602134449706,success,True,0.8060942276149725,8.060942276149724,2.264183877948222,3.4338702398053815,2.264183877948222,1.0451243180462388,27,27,1.0,1.7807405827725775,1.793711581496792,0.6694236176922103,0.7071067811865476,-0.5,0.060256004333496094,-0.5,1.5707963705062866,velocity,post_controller_hold,False,,0.1581,2.2099,not_attempted,0.0,False,True
-18.141304,85,4017.40039,True,0.39978092691148825,False,False,1.7364743108607814,success,True,0.5661725675767288,5.661725675767288,4.761560621762176,12.384994802357955,4.761560621762176,1.0119976332711758,85,85,1.0,1.7904620119556853,1.793711581496792,0.7071067811865467,0.7071067811865476,0.5,0.5,-0.5,-1.5707963705062866,velocity,post_controller_hold,False,,0.2024,1.3205,not_attempted,0.0,False,False
16.025616,22,4045.330416,True,0.33826065242066466,False,False,1.218325369480693,success,True,0.0002372661955036385,0.002372661955036385,2.317370207950832,3.129578739579982,2.317370207950832,1.113772580305959,22,22,1.0,1.5531356250933372,1.793711581496792,0.7071067811865478,0.7071067811865476,0.5,0.5,0.5,-0.8094451427459717,velocity,post_controller_hold,False,,0.1362,0.5853,not_attempted,0.0,True,False
2.0720415,59,4082.1422,True,0.12938478134458928,False,False,1.2067134310065089,success,True,0.5722071647294814,5.722071647294814,3.424424134321093,8.046649238649902,3.8772922957526212,0.7191506141668359,59,59,1.0,1.6573770206039664,1.793711581496792,0.6845118422504689,0.7071067811865476,0.5,0.363247811794281,-0.5,0.1923537254333496,velocity,post_controller_hold,False,,0.1188,0.1478,not_attempted,0.0,False,False
-2.0001383,114,4129.648754,True,0.3737481144429008,False,False,1.6680426335089615,success,True,0.9455067599618598,9.455067599618598,2.0510506143584015,15.165543976484093,3.013114406060083,1.030327005709392,114,114,1.0,1.7361862271037947,1.793711581496792,0.707106781186548,0.7071067811865476,0.5,-0.5,-0.5,1.5707963705062866,velocity,post_controller_hold,False,,0.109,0.7003,not_attempted,0.0,False,True
-10.206152,170,4180.678847,True,0.3593667818179197,False,False,1.923658782501004,success,True,0.2168734357284301,2.168734357284301,4.7422889552372265,21.236696154540628,5.195651763174466,0.9280566257407504,170,170,1.0,1.7231934649488043,1.793711581496792,0.6909249607467879,0.7071067811865476,-0.5,0.5,-0.5,1.5426347255706787,velocity,post_controller_hold,False,,0.1652,0.8867,not_attempted,0.0,False,True
-5.2011595,73,4213.285311,True,0.26562739665284096,False,False,1.636723195768614,success,True,0.9442136446922154,9.442136446922154,2.7420680705311278,10.068215906123601,4.101464719945802,0.9236480254909064,73,73,1.0,1.70384918880868,1.793711581496792,0.7041757481570775,0.7071067811865476,0.5,-0.5,0.5,1.5707963705062866,velocity,post_controller_hold,False,,0.1886,1.0898,not_attempted,0.0,False,False
8.257325,41,4243.002197,True,0.27187702318109125,False,False,1.8401407096331786,success,True,0.09883651363926949,0.9883651363926949,3.7247349001038397,5.801866281104677,3.7247349001038397,0.8965721235536508,41,41,1.0,1.7929076219348135,1.793711581496792,0.7049514437592821,0.7071067811865476,0.5,-0.3644676208496094,0.5,1.5707963705062866,velocity,post_controller_hold,False,,0.2169,1.1714,not_attempted,0.0,True,False
-6.453641,104,4283.61516,True,0.32458452323986114,False,False,1.308915892699191,success,True,0.6185133450805186,6.185133450805186,4.145985089226645,13.993588382559725,5.348106135062136,0.8720750524337523,104,104,1.0,1.7734115854396266,1.793711581496792,0.6998102018105576,0.7071067811865476,0.5,-0.5,0.5,-1.5707963705062866,velocity,post_controller_hold,False,,0.1923,1.646,not_attempted,0.0,True,False
-22.036392,123,4331.428493,True,0.23622057429901167,False,False,1.3003093639381118,success,True,0.31593766780316096,3.1593766780316095,4.559419972725964,16.00925577991162,5.388199097052369,0.9815219454880986,123,123,1.0,1.7535852566493195,1.793711581496792,0.6891632112585253,0.7071067811865476,-0.5,0.5,-0.5,-0.30075907707214355,velocity,post_controller_hold,False,,0.2036,0.3832,not_attempted,0.0,False,False
2.0269785,82,4369.841535,True,0.3391786541331673,False,False,1.4070116222585805,success,True,0.5380368175207553,5.380368175207552,3.518362939815335,11.17821254027841,4.3897411814086205,1.1184253543895772,82,82,1.0,1.7839462849699277,1.793711581496792,0.7071067811865467,0.7071067811865476,-0.5,-0.5,0.5,1.5707963705062866,velocity,post_controller_hold,False,,0.1997,2.189,not_attempted,0.0,True,False
-1.7717314,106,4414.359677,True,0.2849805109607909,False,False,1.3711850190357175,success,True,0.6130403555905944,6.130403555905945,3.3665072857978484,14.592550612969486,4.030131811159487,0.8744818029709741,106,106,1.0,1.702300883707662,1.793711581496792,0.6984070263820045,0.7071067811865476,0.5,0.5,-0.5,-1.5707963705062866,velocity,post_controller_hold,False,,0.1908,1.7285,not_attempted,0.0,False,True
-22.257256,112,4461.271863,True,0.30760757548685796,False,False,1.9241661262901644,success,True,0.9986408324813012,9.986408324813013,4.8430422494107574,15.261200049708302,5.404759172233245,0.9757424251469735,112,112,1.0,1.775997305013756,1.793711581496792,0.7043423761847514,0.7071067811865476,0.5,0.5,0.5,-1.5707963705062866,velocity,post_controller_hold,False,,0.1909,0.3946,not_attempted,0.0,False,False
